Security Code,Security Name,Company Name,Ex Date,Purpose,Record Date,BC Start Date, BC End Date	,ND Start Date,ND End Date,Actual Payment Date
521030,NAKODA,Nakoda Ltd-$,22 Jan 2010,Bonus issue 1:1,25 Jan 2010,-,-,18 Jan 2010,22 Jan 2010,-
531959,NEWINFRA,Newtime Infrastructure Ltd,28 Jan 2010,Bonus issue 2:1,30 Jan 2010,-,-,22 Jan 2010,28 Jan 2010,-
508860,DIAMANT,Diamant Infrastructure Ltd,08 Feb 2010,Bonus issue 3:1,09 Feb 2010,-,-,02 Feb 2010,08 Feb 2010,-
523842,SUPTANERY,Super Tannery Ltd,08 Feb 2010,Bonus issue 1:2,09 Feb 2010,-,-,02 Feb 2010,08 Feb 2010,-
531266,VSTTILLERS,VST Tillers Tractors Ltd-$,08 Feb 2010,Bonus issue 1:2,09 Feb 2010,-,-,02 Feb 2010,08 Feb 2010,-
532666,FCSSOFT,FCS Software Solutions Ltd,26 Feb 2010,Bonus issue 1:1,02 Mar 2010,-,-,22 Feb 2010,26 Feb 2010,-
500093,CGPOWER,CG Power and Industrial Solutions Ltd,08 Mar 2010,Bonus issue 3:4,09 Mar 2010,-,-,02 Mar 2010,08 Mar 2010,-
532374,STLTECH,Sterlite Technologies Ltd,09 Mar 2010,Bonus issue 1:1,10 Mar 2010,-,-,03 Mar 2010,09 Mar 2010,-
530871,CHEMBOND,Chembond Chemicals Ltd-$,10 Mar 2010,Bonus issue 1:1,11 Mar 2010,-,-,04 Mar 2010,10 Mar 2010,-
500331,PIDILITIND,Pidilite Industries Ltd,15 Mar 2010,Bonus issue 1:1,17 Mar 2010,-,-,10 Mar 2010,16 Mar 2010,-
532670,RENUKA,Shree Renuka Sugars Ltd,15 Mar 2010,Bonus issue 1:1,17 Mar 2010,-,-,10 Mar 2010,16 Mar 2010,-
530747,CHALLANI,Challani Capital Ltd,18 Mar 2010,Bonus issue 2:1,19 Mar 2010,-,-,12 Mar 2010,18 Mar 2010,-
530773,IVRCLINFRA,IVRCL Ltd,18 Mar 2010,Bonus issue 1:1,19 Mar 2010,-,-,12 Mar 2010,18 Mar 2010,-
532509,SUPRAJIT,Suprajit Engineering Ltd-$,18 Mar 2010,Bonus issue 1:1,20 Mar 2010,-,-,12 Mar 2010,18 Mar 2010,-
504351,EMPOWER,Empower India Ltd,23 Mar 2010,Bonus issue 23:2,25 Mar 2010,-,-,17 Mar 2010,23 Mar 2010,-
531768,POLYMED,Poly Medicure Ltd,26 Mar 2010,Bonus issue 1:1,29 Mar 2010,-,-,19 Mar 2010,26 Mar 2010,-
532321,ZYDUSLIFE,Zydus Lifesciences Ltd,05 Apr 2010,Bonus issue 1:2,06 Apr 2010,-,-,26 Mar 2010,05 Apr 2010,-
500870,CASTROLIND,Castrol India Ltd,09 Apr 2010,Bonus issue 1:1,12 Apr 2010,-,-,05 Apr 2010,09 Apr 2010,-
504398,SJCORP,SJ Corporation Ltd,12 Apr 2010,Bonus issue 3:1,14 Apr 2010,-,-,07 Apr 2010,12 Apr 2010,-
531213,MANAPPURAM,Manappuram Finance Ltd,03 May 2010,Bonus issue 1:1,04 May 2010,-,-,27 Apr 2010,03 May 2010,-
532178,ENGINERSIN,Engineers India Ltd,06 May 2010,Bonus issue 2:1,07 May 2010,-,-,30 Apr 2010,06 May 2010,-
503663,TILAK,Tilak Ventures Ltd,10 May 2010,Bonus issue 4:1,18 May 2010,-,-,10 May 2010,21 May 2010,-
532900,PAISALO,Paisalo Digital Ltd,18 May 2010,Bonus issue 3:1,19 May 2010,-,-,12 May 2010,18 May 2010,-
500355,RALLIS,Rallis India Ltd,08 Jun 2010,Bonus issue 1:2,09 Jun 2010,-,-,02 Jun 2010,08 Jun 2010,-
532175,CYIENT,Cyient Ltd,10 Jun 2010,Bonus issue 1:1,12 Jun 2010,-,-,07 Jun 2010,10 Jun 2010,-
507685,WIPRO,Wipro Ltd,15 Jun 2010,Bonus issue 2:3,16 Jun 2010,-,-,09 Jun 2010,15 Jun 2010,-
590078,MAITHANALL,Maithan Alloys Ltd,17 Jun 2010,Bonus issue 1:2,19 Jun 2010,-,-,14 Jun 2010,17 Jun 2010,-
517447,RSSOFTWARE,R.S. Software (India) Ltd,21 Jun 2010,Bonus issue 28100     ,22 Jun 2010,-,-,15 Jun 2010,21 Jun 2010,-
500165,KANSAINER,Kansai Nerolac Paints Ltd,23 Jun 2010,Bonus issue 1:1,24 Jun 2010,-,-,17 Jun 2010,23 Jun 2010,-
505978,TRITONV,Triton Valves Ltd,05 Jul 2010,Bonus issue 2:1,06 Jul 2010,-,-,29 Jun 2010,05 Jul 2010,-
503101,MARATHON,Marathon Nextgen Realty Ltd,06 Jul 2010,Bonus issue 1:2,07 Jul 2010,-,-,29 Jun 2010,06 Jul 2010,-
523642,PIIND,PI Industries Ltd,08 Jul 2010,Bonus issue 1:2,-,10 Jul 2010,10 Jul 2010,05 Jul 2010,08 Jul 2010,-
504392,KRISHNA,Krishna Ventures Ltd,09 Jul 2010,Bonus issue 5:1,-,23 Jul 2010,23 Jul 2010,09 Jul 2010,28 Jul 2010,-
505355,NESCO,NESCO Ltd,20 Jul 2010,Bonus issue 1:1,21 Jul 2010,-,-,14 Jul 2010,20 Jul 2010,-
504067,ZENSARTECH,Zensar Technologies Ltd,21 Jul 2010,Bonus issue 1:1,-,23 Jul 2010,26 Jul 2010,16 Jul 2010,22 Jul 2010,-
532927,ECLERX,eClerx Services Ltd,23 Jul 2010,Bonus issue 1:2,26 Jul 2010,-,-,19 Jul 2010,23 Jul 2010,-
524727,SDL,Span Divergent Ltd-$,27 Jul 2010,Bonus issue 1:1,28 Jul 2010,-,-,21 Jul 2010,27 Jul 2010,-
513377,MMTC,MMTC Ltd,29 Jul 2010,Bonus issue 1:1,30 Jul 2010,-,-,23 Jul 2010,29 Jul 2010,-
500875,ITC,ITC Ltd,03 Aug 2010,Bonus issue 1:1,04 Aug 2010,-,-,28 Jul 2010,03 Aug 2010,-
505075,SETCO,Setco Automotive Ltd,05 Aug 2010,Bonus issue 1:1,-,09 Aug 2010,10 Aug 2010,02 Aug 2010,06 Aug 2010,-
532922,EDELWEISS,Edelweiss Financial Services Ltd,10 Aug 2010,Bonus issue 1:1,11 Aug 2010,-,-,04 Aug 2010,10 Aug 2010,-
500185,HCC,Hindustan Construction Company Ltd,10 Aug 2010,Bonus issue 1:1,11 Aug 2010,-,-,04 Aug 2010,10 Aug 2010,-
531845,ZENITHSTL,Zenith Steel Pipes & Industries Ltd-$,11 Aug 2010,Bonus issue 1:5,12 Aug 2010,-,-,05 Aug 2010,11 Aug 2010,-
500003,AEGISLOG,Aegis Logistics Ltd,18 Aug 2010,Bonus issue 2:3,20 Aug 2010,-,-,13 Aug 2010,19 Aug 2010,-
521163,ZODIACLOTH,Zodiac Clothing Company Ltd,23 Aug 2010,Bonus issue 1:2,24 Aug 2010,-,-,17 Aug 2010,23 Aug 2010,-
532443,CERA,Cera Sanitaryware Ltd,02 Sep 2010,Bonus issue 1:1,03 Sep 2010,-,-,27 Aug 2010,02 Sep 2010,-
512443,GANONPRO,Ganon Products Ltd,02 Sep 2010,Bonus issue 2:1,-,14 Sep 2010,14 Sep 2010,02 Sep 2010,17 Sep 2010,-
530367,NRBBEARING,NRB Bearings Ltd,03 Sep 2010,Bonus issue 1:1,06 Sep 2010,-,-,30 Aug 2010,03 Sep 2010,-
524109,KABRAEXTRU,Kabra Extrusiontechnik Ltd,06 Sep 2010,Bonus issue 1:1,07 Sep 2010,-,-,31 Aug 2010,06 Sep 2010,-
516108,STHINPA,South India Paper Mills Ltd,06 Sep 2010,Bonus issue 1:1,-,08 Sep 2010,10 Sep 2010,01 Sep 2010,07 Sep 2010,-
532977,BAJAJ-AUTO,Bajaj Auto Ltd,08 Sep 2010,Bonus issue 1:1,10 Sep 2010,-,-,03 Sep 2010,08 Sep 2010,-
500096,DABUR,Dabur India Ltd,08 Sep 2010,Bonus issue 1:1,10 Sep 2010,-,-,03 Sep 2010,08 Sep 2010,-
532343,TVSMOTOR,TVS Motor Company Ltd,08 Sep 2010,Bonus issue 1:1,09 Sep 2010,-,-,02 Sep 2010,08 Sep 2010,-
524689,PARENTLD,Parenteral Drugs India Ltd-$,13 Sep 2010,Bonus issue 1:3,-,15 Sep 2010,15 Sep 2010,07 Sep 2010,14 Sep 2010,-
532716,GILLANDERS,Gillanders Arbuthnot & Company Ltd,14 Sep 2010,Bonus issue 1:2,15 Sep 2010,-,-,07 Sep 2010,14 Sep 2010,-
533017,RMMIL,Resurgere Mines & Minerals India Ltd,15 Sep 2010,Bonus issue 2:1,-,17 Sep 2010,19 Sep 2010,09 Sep 2010,16 Sep 2010,-
590003,KARURVYSYA,Karur Vysya Bank Ltd,16 Sep 2010,Bonus issue 2:5,18 Sep 2010,-,-,13 Sep 2010,16 Sep 2010,-
511605,ARIHANTCAP,Arihant Capital Markets Ltd,23 Sep 2010,Bonus issue 3:5,24 Sep 2010,-,-,17 Sep 2010,23 Sep 2010,-
505285,TULIVE,Tulive Developers Ltd,24 Sep 2010,Bonus issue 4:1,08 Oct 2010,-,-,24 Sep 2010,13 Oct 2010,-
532777,NAUKRI,Info Edge (India) Ltd,27 Sep 2010,Bonus issue 1:1,28 Sep 2010,-,-,21 Sep 2010,27 Sep 2010,-
507205,TI,Tilaknagar Industries Ltd-$,28 Sep 2010,Bonus issue 2:1,30 Sep 2010,-,-,23 Sep 2010,28 Sep 2010,-
531814,TIRSARJ,Tirupati Sarjan Ltd,28 Sep 2010,Bonus issue 1:1,29 Sep 2010,-,-,22 Sep 2010,27 Sep 2010,-
532380,BABA,Baba Arts Ltd-$,29 Sep 2010,Bonus issue 1:1,01 Oct 2010,-,-,27 Sep 2010,30 Sep 2010,-
533006,BIRLACOT,Birla Cotsyn (India) Ltd,29 Sep 2010,Bonus issue 1:5,01 Oct 2010,-,-,24 Sep 2010,30 Sep 2010,-
532719,BLKASHYAP,B. L. Kashyap and Sons Ltd,29 Sep 2010,Bonus issue 1:1,01 Oct 2010,-,-,24 Sep 2010,30 Sep 2010,-
501111,ZGOLDINV,Gold Rock Investments Ltd,05 Oct 2010,Bonus issue 2:1,13 Oct 2010,-,-,05 Oct 2010,18 Oct 2010,-
517354,HAVELLS,Havells India Ltd,08 Oct 2010,Bonus issue 1:1,11 Oct 2010,-,-,04 Oct 2010,08 Oct 2010,-
522165,INDSILHYD,Indsil Hydro Power and Manganese Ltd-$,15 Oct 2010,Bonus issue 2:3,18 Oct 2010,-,-,11 Oct 2010,15 Oct 2010,-
532339,COMPUSOFT,Compucom Software Ltd-$,19 Oct 2010,Bonus issue 1:2,20 Oct 2010,-,-,13 Oct 2010,19 Oct 2010,-
500227,JINDALPOLY,Jindal Poly Films Ltd,22 Oct 2010,Bonus issue 1:1,25 Oct 2010,-,-,18 Oct 2010,22 Oct 2010,-
512634,SAVERA,Savera Industries Ltd,25 Oct 2010,Bonus issue 1:1,26 Oct 2010,-,-,19 Oct 2010,25 Oct 2010,-
506260,ANUHPHR,Anuh Pharma Ltd,28 Oct 2010,Bonus issue 2:1,29 Oct 2010,-,-,22 Oct 2010,28 Oct 2010,-
505537,ZEEL,Zee Entertainment Enterprises Ltd,11 Nov 2010,Bonus issue 1:1,12 Nov 2010,-,-,04 Nov 2010,11 Nov 2010,-
512131,SIGIND,Signet Industries Ltd,18 Nov 2010,Bonus issue 5:1,19 Nov 2010,-,-,11 Nov 2010,18 Nov 2010,-
522073,HITECHGEAR,The Hi-Tech Gears Ltd,01 Dec 2010,Bonus issue 1:1,02 Dec 2010,-,-,25 Nov 2010,01 Dec 2010,-
532323,SHIVACEM,Shiva Cement Ltd,09 Dec 2010,Bonus issue 1:10,11 Dec 2010,-,-,06 Dec 2010,09 Dec 2010,-
506166,APIS,Apis India Ltd,10 Dec 2010,Bonus issue 323:100,17 Dec 2010,-,-,10 Dec 2010,22 Dec 2010,-
522074,ELGIEQUIP,Elgi Equipments Ltd,14 Dec 2010,Bonus issue 1:1,-,16 Dec 2010,17 Dec 2010,09 Dec 2010,15 Dec 2010,-
524051,POLYPLEX,Polyplex Corporation Ltd,23 Dec 2010,Bonus issue 1:1,25 Dec 2010,-,-,20 Dec 2010,23 Dec 2010,-
531977,CHLOGIST,Chartered Logistics Ltd,24 Dec 2010,Bonus issue 1:1,27 Dec 2010,-,-,20 Dec 2010,24 Dec 2010,-
532493,ASTRAMICRO,Astra Microwave Products Ltd,30 Dec 2010,Bonus issue 1:2,31 Dec 2010,-,-,24 Dec 2010,30 Dec 2010,-
530075,SELAN,Selan Exploration Technology Ltd-$,31 Dec 2010,Bonus issue 1:10,03 Jan 2011,-,-,27 Dec 2010,31 Dec 2010,-
532948,TULSI,Tulsi Extrusions Ltd,07 Jan 2011,Bonus issue 1:10,10 Jan 2011,-,-,03 Jan 2011,07 Jan 2011,-
511626,RRFIN,RR Financial Consultants Ltd,13 Jan 2011,Bonus issue 1:1,15 Jan 2011,-,-,10 Jan 2011,13 Jan 2011,-
500312,ONGC,Oil and Natural Gas Corporation Ltd,08 Feb 2011,Bonus issue 1:1,09 Feb 2011,-,-,02 Feb 2011,08 Feb 2011,-
512608,BHANDARI,Bhandari Hosiery Exports Ltd,24 Feb 2011,Bonus issue 7:20,25 Feb 2011,-,-,18 Feb 2011,24 Feb 2011,-
517467,MARSONS,Marsons Ltd,04 Mar 2011,Bonus issue 1:4,07 Mar 2011,-,-,25 Feb 2011,04 Mar 2011,-
500188,HINDZINC,Hindustan Zinc Ltd,07 Mar 2011,Bonus issue 1:1,08 Mar 2011,-,-,28 Feb 2011,07 Mar 2011,-
522235,MINALIND,Minal Industries Ltd,10 Mar 2011,Bonus issue 2:3,12 Mar 2011,-,-,07 Mar 2011,10 Mar 2011,-
532234,NATIONALUM,National Aluminium Company Ltd,15 Mar 2011,Bonus issue 1:1,16 Mar 2011,-,-,09 Mar 2011,15 Mar 2011,-
519260,SANWARIA,Sanwaria Consumer Ltd-$,07 Apr 2011,Bonus issue 1:1,08 Apr 2011,-,-,31 Mar 2011,07 Apr 2011,-
500249,KSB,KSB Ltd,18 Apr 2011,Bonus issue 1:1,19 Apr 2011,-,-,08 Apr 2011,18 Apr 2011,-
531431,SHAKTIPUMP,Shakti Pumps India Ltd-$,28 Apr 2011,Bonus issue 1:1,29 Apr 2011,-,-,21 Apr 2011,28 Apr 2011,-
531841,INDUSFINL,Indus Finance Ltd,03 May 2011,Bonus issue 1:1,04 May 2011,-,-,27 Apr 2011,03 May 2011,-
532944,ONMOBILE,OnMobile Global Ltd,03 May 2011,Bonus issue 1:1,04 May 2011,-,-,27 Apr 2011,03 May 2011,-
506146,VIVIDHA,Visagar Polytex Ltd,26 May 2011,Bonus issue 1:1,28 May 2011,-,-,23 May 2011,26 May 2011,-
500069,QUESTCAP,Quest Capital Markets Ltd,06 Jun 2011,Bonus issue 1:4,-,08 Jun 2011,08 Jun 2011,01 Jun 2011,07 Jun 2011,-
531213,MANAPPURAM,Manappuram Finance Ltd,09 Jun 2011,Bonus issue 1:1,10 Jun 2011,-,-,03 Jun 2011,09 Jun 2011,-
500114,TITAN,Titan Company Ltd,23 Jun 2011,Bonus issue 1:1,24 Jun 2011,-,-,17 Jun 2011,23 Jun 2011,-
514183,BLACKROSE,Black Rose Industries Ltd,30 Jun 2011,Bonus issue 1:1,-,05 Jul 2011,06 Jul 2011,27 Jun 2011,04 Jul 2011,-
532503,RAJPALAYAM,Rajapalayam Mills Ltd-$,13 Jul 2011,Bonus issue 1:1,-,15 Jul 2011,20 Jul 2011,08 Jul 2011,14 Jul 2011,-
531178,HEMANG,Hemang Resources Ltd,14 Jul 2011,Bonus issue 3:1,15 Jul 2011,-,-,08 Jul 2011,14 Jul 2011,-
509472,CRAVATEX,Cravatex Ltd,15 Jul 2011,Bonus issue 1:1,-,19 Jul 2011,19 Jul 2011,12 Jul 2011,18 Jul 2011,-
500120,DIAMINESQ,Diamines & Chemicals Ltd-$,19 Jul 2011,Bonus issue 1:2,-,21 Jul 2011,21 Jul 2011,14 Jul 2011,20 Jul 2011,-
500477,ASHOKLEY,Ashok Leyland Ltd,02 Aug 2011,Bonus issue 1:1,03 Aug 2011,-,-,27 Jul 2011,02 Aug 2011,-
504340,LONGSPUR,Longspur International Ventures Ltd,23 Aug 2011,Bonus issue 4:1,29 Aug 2011,-,-,23 Aug 2011,30 Aug 2011,-
507836,MCCHRLS-B,Mac Charles India Ltd,12 Sep 2011,Bonus issue 1:1,15 Sep 2011,-,-,12 Sep 2011,20 Sep 2011,-
500480,CUMMINSIND,Cummins India Ltd,20 Sep 2011,Bonus issue 2:5,21 Sep 2011,-,-,14 Sep 2011,20 Sep 2011,-
532240,INDNIPPON,India Nippon Electricals Ltd,20 Sep 2011,Bonus issue 2:5,21 Sep 2011,-,-,14 Sep 2011,20 Sep 2011,-
532854,NITINFIRE,Nitin Fire Protection Industries Ltd,22 Sep 2011,Bonus issue 5:2,23 Sep 2011,-,-,16 Sep 2011,22 Sep 2011,-
521163,ZODIACLOTH,Zodiac Clothing Company Ltd,27 Sep 2011,Bonus issue 1:2,28 Sep 2011,-,-,21 Sep 2011,27 Sep 2011,-
533576,VASWANI,Vaswani Industries Ltd,29 Sep 2011,Bonus issue 1:4,03 Oct 2011,-,-,26 Sep 2011,30 Sep 2011,-
531082,ALANKIT,Alankit Ltd,10 Oct 2011,Bonus issue 4:1,18 Oct 2011,-,-,10 Oct 2011,21 Oct 2011,-
501630,ANANDPROJ,Anand Projects Ltd,20 Oct 2011,Bonus issue 17:1,01 Nov 2011,-,-,20 Oct 2011,03 Nov 2011,-
500219,JISLJALEQS,Jain Irrigation Systems Ltd,08 Nov 2011,Bonus issue 1:20,09 Nov 2011,-,-,01 Nov 2011,08 Nov 2011,-
507779,KANPRPLA,Kanpur Plastipack Ltd,16 Nov 2011,Bonus issue 1:2,17 Nov 2011,-,-,11 Nov 2011,16 Nov 2011,-
532400,BSOFT,Birlasoft Ltd,13 Mar 2012,Bonus issue 1:1,14 Mar 2012,-,-,06 Mar 2012,13 Mar 2012,-
531531,HATSUN,Hatsun Agro Product Ltd,26 Mar 2012,Bonus issue 1:2,27 Mar 2012,-,-,19 Mar 2012,26 Mar 2012,-
533106,OIL,Oil India Ltd,29 Mar 2012,Bonus issue 3:2,31 Mar 2012,-,-,26 Mar 2012,28 Mar 2012,-
532391,OPTOCIRCUI,Opto Circuits (India) Ltd,29 Mar 2012,Bonus issue 3:10,31 Mar 2012,-,-,26 Mar 2012,28 Mar 2012,-
511431,VAKRANGEE,Vakrangee Ltd-$,12 Apr 2012,Bonus issue 1:1,13 Apr 2012,-,-,04 Apr 2012,12 Apr 2012,-
533166,SUNDARAM,Sundaram Multi Pap Ltd,13 Apr 2012,Bonus issue 2:1,16 Apr 2012,-,-,09 Apr 2012,13 Apr 2012,-
532612,INDOCO,Indoco Remedies Ltd,17 May 2012,Bonus issue 1:2,19 May 2012,-,-,14 May 2012,17 May 2012,-
533506,INVENTURE,Inventure Growth & Securities Ltd,22 May 2012,Bonus issue 3:1,23 May 2012,-,-,16 May 2012,22 May 2012,-
532777,NAUKRI,Info Edge (India) Ltd,22 Jun 2012,Bonus issue 1:1,-,26 Jun 2012,26 Jun 2012,19 Jun 2012,25 Jun 2012,-
512161,SECURKLOUD,Securekloud Technologies Ltd,22 Jun 2012,Bonus issue 2:3,25 Jun 2012,-,-,18 Jun 2012,22 Jun 2012,-
524412,AAREYDRUGS,Aarey Drugs & Pharmaceuticals Ltd,25 Jun 2012,Bonus issue 1:5,26 Jun 2012,-,-,19 Jun 2012,25 Jun 2012,-
531795,ATULAUTO,Atul Auto Ltd-$,03 Jul 2012,Bonus issue 1:2,-,05 Jul 2012,05 Jul 2012,27 Jun 2012,04 Jul 2012,-
512626,ORBTEXP,Orbit Exports Ltd,09 Jul 2012,Bonus issue 1:2,10 Jul 2012,-,-,03 Jul 2012,09 Jul 2012,-
505720,HERCULES,Hercules Hoists Ltd,11 Jul 2012,Bonus issue 1:1,-,13 Jul 2012,17 Jul 2012,06 Jul 2012,12 Jul 2012,-
505714,GABRIEL,Gabriel India Ltd-$,12 Jul 2012,Bonus issue 1:1,13 Jul 2012,-,-,06 Jul 2012,12 Jul 2012,-
532926,JYOTHYLAB,Jyothy Labs Ltd,12 Jul 2012,Bonus issue 1:1,-,16 Jul 2012,16 Jul 2012,09 Jul 2012,13 Jul 2012,-
530117,PRIVISCL,Privi Speciality Chemicals Ltd,12 Jul 2012,Bonus issue 1:5,-,16 Jul 2012,16 Jul 2012,09 Jul 2012,13 Jul 2012,-
500547,BPCL,Bharat Petroleum Corporation Ltd,13 Jul 2012,Bonus issue 1:1,-,17 Jul 2012,17 Jul 2012,10 Jul 2012,16 Jul 2012,-
509024,GOLDLEG,Golden Legand Leasing & finance Ltd,17 Jul 2012,Bonus issue 1:1,18 Jul 2012,-,-,11 Jul 2012,17 Jul 2012,-
531847,ASTAR,Asian Star Company Ltd-$,19 Jul 2012,Bonus issue 1:2,21 Jul 2012,-,-,16 Jul 2012,19 Jul 2012,-
513517,STEELCAS,Steelcast Ltd,25 Jul 2012,Bonus issue 1:1,26 Jul 2012,-,-,19 Jul 2012,25 Jul 2012,-
522249,MAYURUNIQ,Mayur Uniquoters Ltd-$,06 Aug 2012,Bonus issue 1:1,07 Aug 2012,-,-,31 Jul 2012,06 Aug 2012,-
505075,SETCO,Setco Automotive Ltd,14 Aug 2012,Bonus issue 1:2,-,17 Aug 2012,18 Aug 2012,09 Aug 2012,16 Aug 2012,-
500870,CASTROLIND,Castrol India Ltd,04 Sep 2012,Bonus issue 1:1,05 Sep 2012,-,-,29 Aug 2012,04 Sep 2012,-
590065,IMPAL,India Motor Parts & Accessories Ltd,10 Sep 2012,Bonus issue 1:1,11 Sep 2012,-,-,04 Sep 2012,10 Sep 2012,-
524091,CARYSIL,Carysil Ltd,27 Sep 2012,Bonus issue 1:2,28 Sep 2012,-,-,21 Sep 2012,27 Sep 2012,-
524669,HESTERBIO,Hester Biosciences Ltd,27 Sep 2012,Bonus issue 1:2,-,29 Sep 2012,29 Sep 2012,24 Sep 2012,27 Sep 2012,-
517334,MOTHERSON,Samvardhana Motherson International Ltd,03 Oct 2012,Bonus issue 1:2,-,05 Oct 2012,05 Oct 2012,27 Sep 2012,04 Oct 2012,-
512443,GANONPRO,Ganon Products Ltd,15 Oct 2012,Bonus issue 30:1,16 Oct 2012,-,-,09 Oct 2012,15 Oct 2012,-
511636,DJSSS,DJS Stock & Shares Ltd,23 Oct 2012,Bonus issue 1:2,26 Oct 2012,-,-,18 Oct 2012,23 Oct 2012,-
534615,NECCLTD,North Eastern Carrying Corporation Ltd,15 Nov 2012,Bonus issue 3:1,16 Nov 2012,-,-,08 Nov 2012,15 Nov 2012,-
507609,OLYOI,Olympic Oil Industries Ltd,19 Nov 2012,Bonus issue 3:1,20 Nov 2012,-,-,09 Nov 2012,19 Nov 2012,-
531025,VISAGAR,Visagar Financial Services Ltd,04 Dec 2012,Bonus issue 1:1,05 Dec 2012,-,-,27 Nov 2012,04 Dec 2012,-
505533,WESTLIFE,Westlife Foodworld Ltd,07 Dec 2012,Bonus issue 1:1,-,11 Dec 2012,11 Dec 2012,04 Dec 2012,10 Dec 2012,-
524210,PNTKYOR,Pentokey Organy India Ltd,13 Dec 2012,Bonus issue 2:3,14 Dec 2012,-,-,07 Dec 2012,13 Dec 2012,-
590071,SUNDARMFIN,Sundaram Finance Ltd,13 Dec 2012,Bonus issue 1:1,14 Dec 2012,-,-,07 Dec 2012,13 Dec 2012,-
500463,BBOX,Black Box Ltd,19 Dec 2012,Bonus issue 1:1,20 Dec 2012,-,-,13 Dec 2012,19 Dec 2012,-
508922,MSRINDIA,MSR India Ltd,20 Dec 2012,Bonus issue 5:1,21 Dec 2012,-,-,14 Dec 2012,20 Dec 2012,-
532959,AJRINFRA,AJR Infra And Tolling Ltd,23 Jan 2013,Bonus issue 1:34,24 Jan 2013,-,-,17 Jan 2013,22 Jan 2013,-
506184,KANANIIND,Kanani Industries Ltd,01 Feb 2013,Bonus issue 1:10,-,05 Feb 2013,05 Feb 2013,29 Jan 2013,04 Feb 2013,-
512191,MISHKAFIN,Mishka Finance and Trading Ltd,05 Feb 2013,Bonus issue 7:1,06 Feb 2013,-,-,30 Jan 2013,05 Feb 2013,-
502448,ROLLT,Rollatainers Ltd,27 Feb 2013,Bonus issue 3:2,28 Feb 2013,-,-,21 Feb 2013,27 Feb 2013,-
532411,VISESHINFO,Visesh Infotecnics Ltd,07 Mar 2013,Bonus issue 1:10,08 Mar 2013,-,-,01 Mar 2013,07 Mar 2013,-
531387,HASTIFIN,Hasti Finance Ltd,13 Mar 2013,Bonus issue 1:10,14 Mar 2013,-,-,07 Mar 2013,13 Mar 2013,-
523144,MEDICAPQ,Medi Caps Ltd-$,19 Mar 2013,Bonus issue 3:1,20 Mar 2013,-,-,13 Mar 2013,19 Mar 2013,-
508494,WARRENTEA,Warren Tea Ltd-$,21 Mar 2013,Bonus issue 7:10,22 Mar 2013,-,-,15 Mar 2013,21 Mar 2013,-
507828,ANSALHSG,Ansal Housing Ltd-$,10 Apr 2013,Bonus issue 2:1,12 Apr 2013,-,-,05 Apr 2013,11 Apr 2013,-
512165,ABANSENT,Abans Enterprises Ltd,26 Apr 2013,Bonus issue 1:1,07 May 2013,-,-,26 Apr 2013,11 May 2013,-
532038,EMMSONS,Emmsons International Ltd-$,08 May 2013,Bonus issue 1:1,09 May 2013,-,-,02 May 2013,08 May 2013,-
523319,BALMLAWRIE,Balmer Lawrie & Company Ltd,23 May 2013,Bonus issue 3:4,24 May 2013,-,-,17 May 2013,23 May 2013,-
512377,MAGANTR,Magnanimous Trade & finance Ltd,28 May 2013,Bonus issue 3:1,04 Jun 2013,-,-,28 May 2013,07 Jun 2013,-
524709,NACLIND,NACL Industries Ltd,30 May 2013,Bonus issue 3:14,01 Jun 2013,-,-,27 May 2013,30 May 2013,-
531597,MIDPOLY,Midland Polymers Ltd,10 Jun 2013,Bonus issue 1:1,11 Jun 2013,-,-,04 Jun 2013,10 Jun 2013,-
532928,TARIL,Transformers and Rectifiers (India) Ltd,13 Jun 2013,Bonus issue 1:9,14 Jun 2013,-,-,07 Jun 2013,13 Jun 2013,-
506532,NITTAGELA,Nitta Gelatin India Ltd-$,19 Jun 2013,Bonus issue 1:3,20 Jun 2013,-,-,13 Jun 2013,19 Jun 2013,-
507966,RASRESOR,Ras Resorts & Apart Hotels Ltd,21 Jun 2013,Bonus issue 1:5,-,25 Jun 2013,25 Jun 2013,19 Jun 2013,24 Jun 2013,-
531162,EMAMILTD,Emami Ltd-$,26 Jun 2013,Bonus issue 1:2,27 Jun 2013,-,-,20 Jun 2013,26 Jun 2013,-
532782,SUTLEJTEX,Sutlej Textiles and Industries Ltd,27 Jun 2013,Bonus issue 1:2,28 Jun 2013,-,-,21 Jun 2013,26 Jun 2013,-
533271,ASHOKA,Ashoka Buildcon Ltd,03 Jul 2013,Bonus issue 1:2,04 Jul 2013,-,-,27 Jun 2013,03 Jul 2013,-
501150,CENTRUM,Centrum Capital Ltd,03 Jul 2013,Bonus issue 5:1,04 Jul 2013,-,-,26 Jun 2013,03 Jul 2013,-
532366,PNBGILTS,PNB Gilts Ltd,03 Jul 2013,Bonus issue 1:3,04 Jul 2013,-,-,26 Jun 2013,03 Jul 2013,-
530117,PRIVISCL,Privi Speciality Chemicals Ltd,03 Jul 2013,Bonus issue 1:10,04 Jul 2013,-,-,27 Jun 2013,03 Jul 2013,-
532543,GULFPETRO,GP Petroleums Ltd,09 Jul 2013,Bonus issue 23:19,10 Jul 2013,-,-,03 Jul 2013,09 Jul 2013,-
531768,POLYMED,Poly Medicure Ltd,09 Jul 2013,Bonus issue 1:1,10 Jul 2013,-,-,03 Jul 2013,09 Jul 2013,-
500510,LT,Larsen & Toubro Ltd,11 Jul 2013,Bonus issue 1:2,13 Jul 2013,-,-,08 Jul 2013,11 Jul 2013,-
530549,SHILPAMED,Shilpa Medicare Ltd,16 Jul 2013,Bonus issue 1:2,-,18 Jul 2013,19 Jul 2013,11 Jul 2013,17 Jul 2013,-
500420,TORNTPHARM,Torrent Pharmaceuticals Ltd,23 Jul 2013,Bonus issue 1:1,24 Jul 2013,-,-,17 Jul 2013,23 Jul 2013,-
519552,HERITGFOOD,Heritage Foods Ltd,26 Jul 2013,Bonus issue 1:1,29 Jul 2013,-,-,22 Jul 2013,26 Jul 2013,-
524715,SUNPHARMA,Sun Pharmaceutical Industries Ltd,29 Jul 2013,Bonus issue 1:1,30 Jul 2013,-,-,23 Jul 2013,29 Jul 2013,-
505585,ZKOVALIN,Kovalam Investment & Trading Company Ltd ,29 Jul 2013,Bonus issue 13:10,07 Aug 2013,-,-,29 Jul 2013,12 Aug 2013,-
532371,TTML,Tata Teleservices (Maharashtra) Ltd,07 Aug 2013,Bonus issue 2:15,08 Aug 2013,-,-,01 Aug 2013,07 Aug 2013,-
519600,CCL,CCL Products (India) Ltd,19 Aug 2013,Bonus issue 1:1,20 Aug 2013,-,-,12 Aug 2013,19 Aug 2013,-
524470,SYNCOMF,Syncom Formulations India Ltd-$,19 Aug 2013,Bonus issue 5:2,20 Aug 2013,-,-,12 Aug 2013,19 Aug 2013,-
508954,FINKURVE,Finkurve Financial Services Ltd,22 Aug 2013,Bonus issue 6:1,23 Aug 2013,-,-,16 Aug 2013,22 Aug 2013,-
522163,DIACABS,Diamond Power Infrastructure Ltd-$,26 Aug 2013,Bonus issue 1:3,27 Aug 2013,-,-,26 Aug 2013,26 Aug 2013,-
531344,CONCOR,Container Corporation of India Ltd,06 Sep 2013,Bonus issue 1:2,10 Sep 2013,-,-,02 Sep 2013,06 Sep 2013,-
535466,SRL,Samruddhi Realty Ltd,11 Sep 2013,Bonus issue 1:5,12 Sep 2013,-,-,04 Sep 2013,11 Sep 2013,-
524648,INDOAMIN,Indo Amines Ltd-$,16 Sep 2013,Bonus issue 1:1,17 Sep 2013,-,-,12 Sep 2013,16 Sep 2013,-
532331,AJANTPHARM,Ajanta Pharma Ltd,17 Sep 2013,Bonus issue 1:2,18 Sep 2013,-,-,11 Sep 2013,17 Sep 2013,-
500360,RAPICUT,Rapicut Carbides Ltd,20 Sep 2013,Bonus issue 3:2,23 Sep 2013,-,-,19 Sep 2013,20 Sep 2013,-
519105,AVTNPL,AVT Natural Products Ltd,26 Sep 2013,Bonus issue 1:1,-,28 Sep 2013,28 Sep 2013,23 Sep 2013,26 Sep 2013,-
506235,ALEMBICLTD,Alembic Ltd,27 Sep 2013,Bonus issue 1:1,30 Sep 2013,-,-,23 Sep 2013,27 Sep 2013,-
513729,AROGRANITE,Aro Granite Industries Ltd-$,30 Oct 2013,Bonus issue 1:2,31 Oct 2013,-,-,24 Oct 2013,30 Oct 2013,-
532880,OMAXE,Omaxe Ltd,11 Nov 2013,Bonus issue 10:39,12 Nov 2013,-,-,05 Nov 2013,11 Nov 2013,-
517334,MOTHERSON,Samvardhana Motherson International Ltd,20 Dec 2013,Bonus issue 1:2,-,24 Dec 2013,24 Dec 2013,17 Dec 2013,23 Dec 2013,-
511208,IVC,IL&FS Investment Managers Ltd,26 Dec 2013,Bonus issue 1:2,-,28 Dec 2013,28 Dec 2013,20 Dec 2013,26 Dec 2013,-
531695,VERONICAPRO,Veronica Production Ltd,24 Jan 2014,Bonus issue 2:1,27 Jan 2014,-,-,20 Jan 2014,24 Jan 2014,-
534060,PMCFIN,PMC Fincorp Ltd,13 Mar 2014,Bonus issue 8:10,15 Mar 2014,-,-,10 Mar 2014,13 Mar 2014,-
532826,RAJTV,Raj Television Network Ltd,25 Mar 2014,Bonus issue 1:1,26 Mar 2014,-,-,20 Mar 2014,25 Mar 2014,-
530299,KOTHARIPRO,Kothari Products Ltd,28 Mar 2014,Bonus issue 2:1,02 Apr 2014,-,-,26 Mar 2014,01 Apr 2014,-
522249,MAYURUNIQ,Mayur Uniquoters Ltd-$,28 Mar 2014,Bonus issue 1:1,02 Apr 2014,-,-,26 Mar 2014,01 Apr 2014,-
507488,GMBREW,GM Breweries Ltd,16 May 2014,Bonus issue 1:4,-,20 May 2014,22 May 2014,12 May 2014,19 May 2014,-
534680,SRGHFL,SRG Housing Finance Ltd,29 May 2014,Bonus issue 2:5,30 May 2014,-,-,23 May 2014,29 May 2014,-
506401,DEEPAKNTR,Deepak Nitrite Ltd-$,20 Jun 2014,Bonus issue 1:1,23 Jun 2014,-,-,16 Jun 2014,20 Jun 2014,-
500250,LGBBROSLTD,LG Balakrishnan & Bros Ltd,04 Jul 2014,Bonus issue 1:1,-,08 Jul 2014,09 Jul 2014,30 Jun 2014,07 Jul 2014,-
530117,PRIVISCL,Privi Speciality Chemicals Ltd,09 Jul 2014,Bonus issue 1:10,10 Jul 2014,-,-,03 Jul 2014,09 Jul 2014,-
535136,NIBE,NIBE Ltd,18 Jul 2014,Bonus issue 2:1,21 Jul 2014,-,-,14 Jul 2014,18 Jul 2014,-
534618,WAAREERTL,Waaree Renewable Technologies Ltd,21 Jul 2014,Bonus issue 57:10,22 Jul 2014,-,-,16 Jul 2014,21 Jul 2014,-
536974,CPL,Captain Polyplast Ltd,24 Jul 2014,Bonus issue 1:5,26 Jul 2014,-,-,21 Jul 2014,24 Jul 2014,-
535387,LAKHOTIA,Lakhotia Polyesters (India) Ltd,25 Jul 2014,Bonus issue 18:10,28 Jul 2014,-,-,21 Jul 2014,25 Jul 2014,-
511176,PARSHWANA,Parshwanath Corporation Ltd,18 Sep 2014,Bonus issue 1:5,-,20 Sep 2014,20 Sep 2014,17 Sep 2014,18 Sep 2014,-
535466,SRL,Samruddhi Realty Ltd,18 Sep 2014,Bonus issue 1:5,19 Sep 2014,-,-,12 Sep 2014,18 Sep 2014,-
532410,TRANSCOR,Transcorp International Ltd,25 Sep 2014,Bonus issue 1:4,-,29 Sep 2014,29 Sep 2014,22 Sep 2014,26 Sep 2014,-
526739,SHAWGELTIN,Narmada Gelatines Ltd,26 Sep 2014,Bonus issue 1:2,-,30 Sep 2014,30 Sep 2014,25 Sep 2014,29 Sep 2014,-
534623,JUPITERIN,Jupiter Infomedia Ltd,29 Sep 2014,Bonus issue 1:1,30 Sep 2014,-,-,23 Sep 2014,29 Sep 2014,-
534532,LYPSAGEMS,Lypsa Gems & Jewellery Ltd,29 Sep 2014,Bonus issue 1:2,30 Sep 2014,-,-,23 Sep 2014,29 Sep 2014,-
506655,SUDARSCHEM,Sudarshan Chemical Industries Ltd,30 Sep 2014,Bonus issue 1:1,01 Oct 2014,-,-,24 Sep 2014,30 Sep 2014,-
532605,JBMA,JBM Auto Ltd,08 Oct 2014,Bonus issue 1:1,09 Oct 2014,-,-,29 Sep 2014,08 Oct 2014,-
531373,BYKE,Byke Hospitality Ltd,09 Oct 2014,Bonus issue 1:1,10 Oct 2014,-,-,01 Oct 2014,09 Oct 2014,-
530557,NCLRESE,NCL Research & Financial Services Ltd,16 Oct 2014,Bonus issue 4:1,17 Oct 2014,-,-,10 Oct 2014,16 Oct 2014,-
531502,ESARIND,Esaar India Ltd,21 Oct 2014,Bonus issue 3:2,22 Oct 2014,-,-,14 Oct 2014,20 Oct 2014,-
532854,NITINFIRE,Nitin Fire Protection Industries Ltd,13 Nov 2014,Bonus issue 1:3,15 Nov 2014,-,-,12 Nov 2014,13 Nov 2014,-
530961,VIKASECO,Vikas EcoTech Ltd,13 Nov 2014,Bonus issue 3:2,15 Nov 2014,-,-,13 Nov 2014,13 Nov 2014,-
531463,GBLINFRA,Global Infratech & Finance Ltd,14 Nov 2014,Bonus issue 1:10,17 Nov 2014,-,-,10 Nov 2014,14 Nov 2014,-
500209,INFY,Infosys Ltd,02 Dec 2014,Bonus issue 1:1,03 Dec 2014,-,-,26 Nov 2014,02 Dec 2014,-
511092,JMDVL,JMD Ventures Ltd,01 Jan 2015,Bonus issue 1:1,02 Jan 2015,-,-,26 Dec 2014,01 Jan 2015,-
504240,DLTNCBL,Delton Cables Ltd,23 Jan 2015,Bonus issue 2:1,27 Jan 2015,-,-,19 Jan 2015,23 Jan 2015,-
531712,TRILOGIC,Trilogic Digital Media Ltd,11 Feb 2015,Bonus issue 1:1,12 Feb 2015,-,-,05 Feb 2015,11 Feb 2015,-
533333,FCL,Fineotex Chemical Ltd,12 Feb 2015,Bonus issue 1:1,13 Feb 2015,-,-,06 Feb 2015,12 Feb 2015,-
505590,SVPGLOB,SVP Global Textiles Ltd,04 Mar 2015,Bonus issue 9:1,05 Mar 2015,-,-,26 Feb 2015,04 Mar 2015,-
533179,PERSISTENT,Persistent Systems Ltd,10 Mar 2015,Bonus issue 1:1,11 Mar 2015,-,-,03 Mar 2015,10 Mar 2015,-
532281,HCLTECH,HCL Technologies Ltd,19 Mar 2015,Bonus issue 1:1,20 Mar 2015,-,-,13 Mar 2015,19 Mar 2015,-
532755,TECHM,Tech Mahindra Ltd,19 Mar 2015,Bonus issue 1:1,20 Mar 2015,-,-,13 Mar 2015,19 Mar 2015,-
524348,AARTIDRUGS,Aarti Drugs Ltd,24 Mar 2015,Bonus issue 1:1,25 Mar 2015,-,-,18 Mar 2015,24 Mar 2015,-
533269,WABAG,VA Tech Wabag Ltd,26 Mar 2015,Bonus issue 1:1,27 Mar 2015,-,-,20 Mar 2015,26 Mar 2015,-
530305,PICCADIL,Piccadily Agro Industries Ltd,06 Apr 2015,Bonus issue 1:1,07 Apr 2015,-,-,27 Mar 2015,06 Apr 2015,-
532851,INSECTICID,Insecticides (India) Ltd,16 Apr 2015,Bonus issue 1:2,17 Apr 2015,-,-,09 Apr 2015,16 Apr 2015,-
501270,ANTARIKSH,Antariksh Industries Ltd,05 May 2015,Bonus issue 3:1,06 May 2015,-,-,27 Apr 2015,05 May 2015,-
532456,COMPINFO,Compuage Infocom Ltd,26 May 2015,Bonus issue 3:5,27 May 2015,-,-,25 May 2015,26 May 2015,-
506146,VIVIDHA,Visagar Polytex Ltd,28 May 2015,Bonus issue 10:1,30 May 2015,-,-,25 May 2015,28 May 2015,-
500209,INFY,Infosys Ltd,15 Jun 2015,Bonus issue 1:1,-,17 Jun 2015,17 Jun 2015,10 Jun 2015,16 Jun 2015,-
509048,LANCORHOL,Lancor Holdings Ltd,24 Jun 2015,Bonus issue 1:1,25 Jun 2015,-,-,18 Jun 2015,24 Jun 2015,-
530517,RELAXO,Relaxo Footwears Ltd-$,01 Jul 2015,Bonus issue 1:1,02 Jul 2015,-,-,25 Jun 2015,01 Jul 2015,-
500469,FEDERALBNK,Federal Bank Ltd,08 Jul 2015,Bonus issue 1:1,09 Jul 2015,-,-,02 Jul 2015,08 Jul 2015,-
500247,KOTAKBANK,Kotak Mahindra Bank Ltd,08 Jul 2015,Bonus issue 1:1,09 Jul 2015,-,-,02 Jul 2015,08 Jul 2015,-
538970,WARDINMOBI,Wardwizard Innovations & Mobility Ltd,08 Jul 2015,Bonus issue 1:1,09 Jul 2015,-,-,02 Jul 2015,08 Jul 2015,-
590078,MAITHANALL,Maithan Alloys Ltd,15 Jul 2015,Bonus issue 1:1,16 Jul 2015,-,-,09 Jul 2015,15 Jul 2015,-
524804,AUROPHARMA,Aurobindo Pharma Ltd,20 Jul 2015,Bonus issue 1:1,21 Jul 2015,-,-,14 Jul 2015,20 Jul 2015,-
517334,MOTHERSON,Samvardhana Motherson International Ltd,23 Jul 2015,Bonus issue 1:2,-,25 Jul 2015,25 Jul 2015,20 Jul 2015,23 Jul 2015,-
533152,MBLINFRA,MBL Infrastructure Ltd,28 Jul 2015,Bonus issue 1:1,29 Jul 2015,-,-,22 Jul 2015,28 Jul 2015,-
506260,ANUHPHR,Anuh Pharma Ltd,05 Aug 2015,Bonus issue 2:1,06 Aug 2015,-,-,30 Jul 2015,05 Aug 2015,-
534060,PMCFIN,PMC Fincorp Ltd,31 Aug 2015,Bonus issue 1:1,01 Sep 2015,-,-,25 Aug 2015,31 Aug 2015,-
521220,DAMODARIND,Damodar Industries Ltd-$,02 Sep 2015,Bonus issue 1:4,03 Sep 2015,-,-,27 Aug 2015,02 Sep 2015,-
504000,ELPROINTL,Elpro International Ltd,08 Sep 2015,Bonus issue 2:1,-,10 Sep 2015,10 Sep 2015,07 Sep 2015,09 Sep 2015,-
500049,BEL,Bharat Electronics Ltd,14 Sep 2015,Bonus issue 2:1,15 Sep 2015,-,-,08 Sep 2015,14 Sep 2015,-
523694,APCOTEXIND,Apcotex Industries Ltd,23 Sep 2015,Bonus issue 1:1,24 Sep 2015,-,-,18 Sep 2015,23 Sep 2015,-
500830,COLPAL,Colgate Palmolive (India) Ltd,23 Sep 2015,Bonus issue 1:1,24 Sep 2015,-,-,16 Sep 2015,23 Sep 2015,-
532488,DIVISLAB,Divis Laboratories Ltd,23 Sep 2015,Bonus issue 1:1,26 Sep 2015,-,-,18 Sep 2015,23 Sep 2015,-
501831,COASTCORP,Coastal Corporation Ltd,29 Sep 2015,Bonus issue 1:1,-,01 Oct 2015,01 Oct 2015,29 Sep 2015,06 Oct 2015,-
526519,ALPINEHOU,Alpine Housing Development Corporation Ltd,06 Oct 2015,Bonus issue 1:1,-,08 Oct 2015,08 Oct 2015,30 Sep 2015,07 Oct 2015,-
506248,AMNPLST,Amines & Plasticizers Ltd,08 Oct 2015,Bonus issue 1:1,09 Oct 2015,-,-,01 Oct 2015,08 Oct 2015,-
536974,CPL,Captain Polyplast Ltd,08 Oct 2015,Bonus issue 1:8,10 Oct 2015,-,-,05 Oct 2015,08 Oct 2015,-
538771,PINCON,Pincon Spirit Ltd,08 Oct 2015,Bonus issue 1:1,10 Oct 2015,-,-,05 Oct 2015,08 Oct 2015,-
532776,SHIVAMAUTO,Shivam Autotech Ltd,08 Oct 2015,Bonus issue 1:1,10 Oct 2015,-,-,05 Oct 2015,08 Oct 2015,-
504380,FLOMIC,Flomic Global Logistics Ltd,15 Oct 2015,Bonus issue 47:1,16 Oct 2015,-,-,13 Oct 2015,15 Oct 2015,-
536264,TIGERLOGS,Tiger Logistics (India) Ltd,15 Oct 2015,Bonus issue 3:2,16 Oct 2015,-,-,09 Oct 2015,15 Oct 2015,-
538715,DHABRIYA,Dhabriya Polywood Ltd,21 Oct 2015,Bonus issue 1:4,23 Oct 2015,-,-,15 Oct 2015,21 Oct 2015,-
503169,RUBYMILLS,Ruby Mills Ltd,21 Oct 2015,Bonus issue 1:1,24 Oct 2015,-,-,16 Oct 2015,21 Oct 2015,-
524444,EVEXIA,Evexia Lifecare Ltd,23 Oct 2015,Bonus issue 1:3,26 Oct 2015,-,-,16 Oct 2015,23 Oct 2015,-
534422,LOOKS,Looks Health Services Ltd,29 Oct 2015,Bonus issue 3:4,30 Oct 2015,-,-,23 Oct 2015,29 Oct 2015,-
532927,ECLERX,eClerx Services Ltd,17 Dec 2015,Bonus issue 1:3,18 Dec 2015,-,-,11 Dec 2015,17 Dec 2015,-
505850,MANCREDIT,Mangal Credit and Fincorp Ltd,17 Dec 2015,Bonus issue 5:1,19 Dec 2015,-,-,14 Dec 2015,17 Dec 2015,-
503101,MARATHON,Marathon Nextgen Realty Ltd,21 Dec 2015,Bonus issue 1:2,22 Dec 2015,-,-,15 Dec 2015,21 Dec 2015,-
523261,VENKEYS,Venkys (India) Ltd,21 Dec 2015,Bonus issue 1:2,22 Dec 2015,-,-,15 Dec 2015,21 Dec 2015,-
531642,MARICO,Marico Ltd,22 Dec 2015,Bonus issue 1:1,24 Dec 2015,-,-,17 Dec 2015,22 Dec 2015,-
532749,ALLCARGO,Allcargo Logistics Ltd,30 Dec 2015,Bonus issue 1:1,31 Dec 2015,-,-,28 Dec 2015,30 Dec 2015,-
530299,KOTHARIPRO,Kothari Products Ltd,05 Jan 2016,Bonus issue 1:2,06 Jan 2016,-,-,30 Dec 2015,05 Jan 2016,-
522295,CONTROLPR,Control Print Ltd-$,11 Jan 2016,Bonus issue 1:2,12 Jan 2016,-,-,05 Jan 2016,11 Jan 2016,-
539132,WARDWIZFBL,Wardwizard Foods and Beverages Ltd,18 Feb 2016,Bonus issue 9:5,22 Feb 2016,-,-,15 Feb 2016,19 Feb 2016,-
512165,ABANSENT,Abans Enterprises Ltd,03 Mar 2016,Bonus issue 7:1,04 Mar 2016,-,-,26 Feb 2016,03 Mar 2016,-
507526,ASALCBR,Associated Alcohols & Breweries Ltd,10 Mar 2016,Bonus issue 1:1,11 Mar 2016,-,-,03 Mar 2016,10 Mar 2016,-
531328,KRETTOSYS,Kretto Syscon Ltd,10 Mar 2016,Bonus issue 2:5,12 Mar 2016,-,-,04 Mar 2016,10 Mar 2016,-
539309,RAMASTEEL,Rama Steel Tubes Ltd,14 Mar 2016,Bonus issue 4:1,15 Mar 2016,-,-,08 Mar 2016,14 Mar 2016,-
590005,VEEDOL,Veedol Corporation Ltd,16 Mar 2016,Bonus issue 1:1,17 Mar 2016,-,-,10 Mar 2016,16 Mar 2016,-
530187,ATHARVENT,Atharv Enterprises Ltd,17 Mar 2016,Bonus issue 1:1,19 Mar 2016,-,-,14 Mar 2016,17 Mar 2016,-
506146,VIVIDHA,Visagar Polytex Ltd,30 Mar 2016,Bonus issue 1:3,02 Apr 2016,-,-,28 Mar 2016,30 Mar 2016,-
539098,FILTRA,Filtra Consultants and Engineers Ltd,06 Apr 2016,Bonus issue 3:2,08 Apr 2016,-,-,31 Mar 2016,06 Apr 2016,-
539223,AMBITION,Ambition Mica Ltd,11 May 2016,Bonus issue 1:1,12 May 2016,-,-,05 May 2016,11 May 2016,-
507488,GMBREW,GM Breweries Ltd,30 May 2016,Bonus issue 1:4,31 May 2016,-,-,24 May 2016,30 May 2016,-
537259,SUYOG,Suyog Telematics Ltd,13 Jun 2016,Bonus issue 1:5,14 Jun 2016,-,-,07 Jun 2016,13 Jun 2016,-
538771,PINCON,Pincon Spirit Ltd,23 Jun 2016,Bonus issue 1:1,25 Jun 2016,-,-,20 Jun 2016,23 Jun 2016,-
500875,ITC,ITC Ltd,01 Jul 2016,Bonus issue 1:2,04 Jul 2016,-,-,27 Jun 2016,01 Jul 2016,-
500547,BPCL,Bharat Petroleum Corporation Ltd,13 Jul 2016,Bonus issue 1:1,14 Jul 2016,-,-,07 Jul 2016,13 Jul 2016,-
531531,HATSUN,Hatsun Agro Product Ltd,13 Jul 2016,Bonus issue 2:5,14 Jul 2016,-,-,07 Jul 2016,13 Jul 2016,-
526367,GANESHHOUC,Ganesh Housing Corporation Ltd-$,14 Jul 2016,Bonus issue 1:2,15 Jul 2016,-,-,12 Jul 2016,14 Jul 2016,-
506076,GRINDWELL,Grindwell Norton Ltd-$,14 Jul 2016,Bonus issue 1:1,15 Jul 2016,-,-,08 Jul 2016,14 Jul 2016,-
509480,BERGEPAINT,Berger Paints India Ltd,15 Jul 2016,Bonus issue 2:5,18 Jul 2016,-,-,11 Jul 2016,15 Jul 2016,-
501298,INDPRUD,Industrial & Prudential Investment Company Ltd,19 Jul 2016,Bonus issue 2:1,20 Jul 2016,-,-,15 Jul 2016,19 Jul 2016,-
539225,JIYAECO,Jiya Eco-Products Ltd,27 Jul 2016,Bonus issue 1:5,28 Jul 2016,-,-,25 Jul 2016,27 Jul 2016,-
508980,FRONTCAP,Frontier Capital Ltd,28 Jul 2016,Bonus issue 1:3,29 Jul 2016,-,-,22 Jul 2016,28 Jul 2016,-
539196,AEL,Amba Enterprises Ltd,08 Aug 2016,Bonus issue 1:5,09 Aug 2016,-,-,02 Aug 2016,08 Aug 2016,-
590018,HISARMETAL,Hisar Metal Industries Ltd-$,09 Aug 2016,Bonus issue 1:2,10 Aug 2016,-,-,03 Aug 2016,09 Aug 2016,-
533289,KTIL,Kesar Terminals & Infrastructure Ltd,11 Aug 2016,Bonus issue 1:25,13 Aug 2016,-,-,08 Aug 2016,11 Aug 2016,-
532810,PFC,Power Finance Corporation Ltd,26 Aug 2016,Bonus issue 1:1,29 Aug 2016,-,-,22 Aug 2016,26 Aug 2016,-
523828,MENONBE,Menon Bearings Ltd-$,30 Aug 2016,Bonus issue 1:5,31 Aug 2016,-,-,24 Aug 2016,30 Aug 2016,-
538547,OASIS,Oasis Tradelink Ltd,30 Aug 2016,Bonus issue 1:3,31 Aug 2016,-,-,24 Aug 2016,30 Aug 2016,-
513023,NAVA,Nava Ltd,01 Sep 2016,Bonus issue 1:1,03 Sep 2016,-,-,29 Aug 2016,01 Sep 2016,-
500034,BAJFINANCE,Bajaj Finance Ltd,08 Sep 2016,Bonus issue 1:1,10 Sep 2016,-,-,02 Sep 2016,08 Sep 2016,-
538706,ULTRACAB,Ultracab (India) Ltd,08 Sep 2016,Bonus issue 1:2,09 Sep 2016,-,-,01 Sep 2016,08 Sep 2016,-
526586,WIMPLAST,Wim Plast Ltd-$,08 Sep 2016,Bonus issue 1:1,09 Sep 2016,-,-,01 Sep 2016,08 Sep 2016,-
538713,ATISHAY,Atishay Ltd,14 Sep 2016,Bonus issue 1:4,15 Sep 2016,-,-,12 Sep 2016,14 Sep 2016,-
500104,HINDPETRO,Hindustan Petroleum Corporation Ltd,14 Sep 2016,Bonus issue 2:1,15 Sep 2016,-,-,07 Sep 2016,14 Sep 2016,-
517385,SYMPHONY,Symphony Ltd,14 Sep 2016,Bonus issue 1:1,15 Sep 2016,-,-,07 Sep 2016,14 Sep 2016,-
507779,KANPRPLA,Kanpur Plastipack Ltd,23 Sep 2016,Bonus issue 1:2,26 Sep 2016,-,-,20 Sep 2016,23 Sep 2016,-
537069,ARNOLD,Arnold Holdings Ltd,27 Sep 2016,Bonus issue 5:1,28 Sep 2016,-,-,21 Sep 2016,27 Sep 2016,-
537524,VIAANINDUS,Viaan Industries Ltd,27 Sep 2016,Bonus issue 2:1,-,29 Sep 2016,29 Sep 2016,22 Sep 2016,28 Sep 2016,-
532955,RECLTD,REC Ltd,28 Sep 2016,Bonus issue 1:1,29 Sep 2016,-,-,22 Sep 2016,28 Sep 2016,-
502015,ASIIL,ASI Industries Ltd,29 Sep 2016,Bonus issue 1:4,30 Sep 2016,-,-,26 Sep 2016,29 Sep 2016,-
538733,STARLIT,Starlit Power Systems Ltd,06 Oct 2016,Bonus issue 1:4,07 Oct 2016,-,-,30 Sep 2016,06 Oct 2016,-
530305,PICCADIL,Piccadily Agro Industries Ltd,10 Oct 2016,Bonus issue 1:1,13 Oct 2016,-,-,05 Oct 2016,10 Oct 2016,-
512161,SECURKLOUD,Securekloud Technologies Ltd,10 Oct 2016,Bonus issue 1:3,13 Oct 2016,-,-,04 Oct 2016,10 Oct 2016,-
530307,CLSEL,Chaman Lal Setia Exports Ltd-$,14 Oct 2016,Bonus issue 1:10,17 Oct 2016,-,-,06 Oct 2016,14 Oct 2016,-
530965,IOC,Indian Oil Corporation Ltd,18 Oct 2016,Bonus issue 1:1,19 Oct 2016,-,-,10 Oct 2016,18 Oct 2016,-
531082,ALANKIT,Alankit Ltd,19 Oct 2016,Bonus issue 1:1,20 Oct 2016,-,-,14 Oct 2016,19 Oct 2016,-
537092,MODEX,Modex International Securities Ltd,20 Oct 2016,Bonus issue 1:1,21 Oct 2016,-,-,14 Oct 2016,20 Oct 2016,-
504741,INDIANHUME,Indian Hume Pipe Company Ltd,09 Dec 2016,Bonus issue 1:1,13 Dec 2016,-,-,06 Dec 2016,12 Dec 2016,-
500312,ONGC,Oil and Natural Gas Corporation Ltd,15 Dec 2016,Bonus issue 1:2,16 Dec 2016,-,-,08 Dec 2016,15 Dec 2016,-
539398,VISHALBL,Vishal Bearings Ltd,15 Dec 2016,Bonus issue 1:4,16 Dec 2016,-,-,08 Dec 2016,15 Dec 2016,-
523319,BALMLAWRIE,Balmer Lawrie & Company Ltd,26 Dec 2016,Bonus issue 3:1,27 Dec 2016,-,-,20 Dec 2016,26 Dec 2016,-
532178,ENGINERSIN,Engineers India Ltd,30 Dec 2016,Bonus issue 1:1,02 Jan 2017,-,-,26 Dec 2016,30 Dec 2016,-
539982,ASYL,Advance Syntex Ltd,04 Jan 2017,Bonus issue 3:20,05 Jan 2017,-,-,29 Dec 2016,04 Jan 2017,-
531723,GATECH,GACM Technologies Ltd,10 Jan 2017,Bonus issue 1:4,11 Jan 2017,-,-,09 Jan 2017,10 Jan 2017,-
533106,OIL,Oil India Ltd,12 Jan 2017,Bonus issue 1:3,13 Jan 2017,-,-,06 Jan 2017,12 Jan 2017,-
539223,AMBITION,Ambition Mica Ltd,03 Feb 2017,Bonus issue 1:2,06 Feb 2017,-,-,30 Jan 2017,03 Feb 2017,-
531109,ISHANCH,Ishan Dyes and Chemicals Ltd,14 Feb 2017,Bonus issue 1:2,15 Feb 2017,-,-,08 Feb 2017,14 Feb 2017,-
512626,ORBTEXP,Orbit Exports Ltd,14 Feb 2017,Bonus issue 1:1,15 Feb 2017,-,-,09 Feb 2017,14 Feb 2017,-
534309,NBCC,NBCC (India) Ltd,17 Feb 2017,Bonus issue 1:2,21 Feb 2017,-,-,14 Feb 2017,17 Feb 2017,-
539017,STARHFL,Star Housing Finance Ltd,07 Mar 2017,Bonus issue 1:1,08 Mar 2017,-,-,01 Mar 2017,07 Mar 2017,-
539428,TEJNAKSH,Tejnaksh Healthcare Ltd,08 Mar 2017,Bonus issue 1:1,09 Mar 2017,-,-,02 Mar 2017,08 Mar 2017,-
532155,GAIL,Gail (India) Ltd,09 Mar 2017,Bonus issue 1:3,11 Mar 2017,-,-,06 Mar 2017,09 Mar 2017,-
540023,COLORCHIPS,Colorchips New Media Ltd,10 Mar 2017,Bonus issue 1:1,14 Mar 2017,-,-,06 Mar 2017,10 Mar 2017,-
539686,KPEL,K.P. Energy Ltd,15 Mar 2017,Bonus issue 1.501     ,16 Mar 2017,-,-,08 Mar 2017,15 Mar 2017,-
532953,VGUARD,V-Guard Industries Ltd,15 Mar 2017,Bonus issue 2:5,16 Mar 2017,-,-,08 Mar 2017,15 Mar 2017,-
531768,POLYMED,Poly Medicure Ltd,24 Mar 2017,Bonus issue 1:1,28 Mar 2017,-,-,21 Mar 2017,24 Mar 2017,-
531344,CONCOR,Container Corporation of India Ltd,05 Apr 2017,Bonus issue 1:4,06 Apr 2017,-,-,29 Mar 2017,05 Apr 2017,-
509635,HINDCOMPOS,Hindustan Composites Ltd,25 May 2017,Bonus issue 1:2,26 May 2017,-,-,19 May 2017,25 May 2017,-
511766,MUTHOOTCAP,Muthoot Capital Services Ltd,12 Jun 2017,Bonus issue 1:10,13 Jun 2017,-,-,06 Jun 2017,12 Jun 2017,-
507685,WIPRO,Wipro Ltd,13 Jun 2017,Bonus issue 1:1,14 Jun 2017,-,-,07 Jun 2017,13 Jun 2017,-
532523,BIOCON,Biocon Ltd,15 Jun 2017,Bonus issue 2:1,17 Jun 2017,-,-,12 Jun 2017,15 Jun 2017,-
509945,THACKER,Thacker & Company Ltd,16 Jun 2017,Bonus issue 32:21,19 Jun 2017,-,-,12 Jun 2017,16 Jun 2017,-
532174,ICICIBANK,ICICI Bank Ltd,20 Jun 2017,Bonus issue 1:10,-,22 Jun 2017,24 Jun 2017,15 Jun 2017,21 Jun 2017,-
532424,GODREJCP,Godrej Consumer Products Ltd,22 Jun 2017,Bonus issue 1:1,24 Jun 2017,-,-,19 Jun 2017,22 Jun 2017,-
521248,KITEX,Kitex Garments Ltd,22 Jun 2017,Bonus issue 2:5,23 Jun 2017,-,-,16 Jun 2017,22 Jun 2017,-
532522,PETRONET,Petronet LNG Ltd,03 Jul 2017,Bonus issue 1:1,04 Jul 2017,-,-,27 Jun 2017,03 Jul 2017,-
523648,PLASTIBLEN,Plastiblends India Ltd-$,03 Jul 2017,Bonus issue 1:1,04 Jul 2017,-,-,27 Jun 2017,03 Jul 2017,-
519260,SANWARIA,Sanwaria Consumer Ltd-$,03 Jul 2017,Bonus issue 1:1,04 Jul 2017,-,-,27 Jun 2017,03 Jul 2017,-
517334,MOTHERSON,Samvardhana Motherson International Ltd,05 Jul 2017,Bonus issue 1:2,-,07 Jul 2017,07 Jul 2017,30 Jun 2017,06 Jul 2017,-
534809,PCJEWELLER,PC Jeweller Ltd,06 Jul 2017,Bonus issue 1:1,07 Jul 2017,-,-,30 Jun 2017,06 Jul 2017,-
512297,SHANTAI,Shantai Industries Ltd,07 Jul 2017,Bonus issue 2:1,10 Jul 2017,-,-,03 Jul 2017,07 Jul 2017,-
532906,MAANALU,Maan Aluminium Ltd,10 Jul 2017,Bonus issue 1:1,11 Jul 2017,-,-,04 Jul 2017,10 Jul 2017,-
533088,MHRIL,Mahindra Holidays & Resorts India Ltd,10 Jul 2017,Bonus issue 1:2,11 Jul 2017,-,-,04 Jul 2017,10 Jul 2017,-
500104,HINDPETRO,Hindustan Petroleum Corporation Ltd,11 Jul 2017,Bonus issue 1:2,12 Jul 2017,-,-,05 Jul 2017,11 Jul 2017,-
520059,MUNJALAU,Munjal Auto Industries Ltd,11 Jul 2017,Bonus issue 1:1,12 Jul 2017,-,-,05 Jul 2017,11 Jul 2017,-
534532,LYPSAGEMS,Lypsa Gems & Jewellery Ltd,12 Jul 2017,Bonus issue 2:5,13 Jul 2017,-,-,06 Jul 2017,12 Jul 2017,-
500547,BPCL,Bharat Petroleum Corporation Ltd,13 Jul 2017,Bonus issue 1:2,15 Jul 2017,-,-,10 Jul 2017,13 Jul 2017,-
532210,CUB,City Union Bank Ltd,13 Jul 2017,Bonus issue 1:10,15 Jul 2017,-,-,10 Jul 2017,13 Jul 2017,-
533761,GPTINFRA,GPT Infraprojects Ltd,13 Jul 2017,Bonus issue 1:1,-,15 Jul 2017,17 Jul 2017,10 Jul 2017,13 Jul 2017,-
500510,LT,Larsen & Toubro Ltd,13 Jul 2017,Bonus issue 1:2,14 Jul 2017,-,-,07 Jul 2017,13 Jul 2017,-
524330,JAYAGROGN,Jayant Agro Organics Ltd,01 Aug 2017,Bonus issue 1:1,02 Aug 2017,-,-,26 Jul 2017,01 Aug 2017,-
537820,VIJIFIN,Viji Finance Ltd,04 Aug 2017,Bonus issue 1:10,07 Aug 2017,-,-,31 Jul 2017,04 Aug 2017,-
538734,CEINSYSTECH,Ceinsys Tech Ltd,10 Aug 2017,Bonus issue 1:10,11 Aug 2017,-,-,04 Aug 2017,10 Aug 2017,-
539090,RAJPUTANA,Rajputana Investment and Finance Ltd,28 Aug 2017,Bonus issue 9:5,29 Aug 2017,-,-,21 Aug 2017,28 Aug 2017,-
539275,MSL,Mangalam Seeds Ltd,30 Aug 2017,Bonus issue 1:1,31 Aug 2017,-,-,23 Aug 2017,30 Aug 2017,-
500325,RELIANCE,Reliance Industries Ltd,07 Sep 2017,Bonus issue 1:1,09 Sep 2017,-,-,04 Sep 2017,07 Sep 2017,-
500408,TATAELXSI,Tata Elxsi Ltd,18 Sep 2017,Bonus issue 1:1,19 Sep 2017,-,-,12 Sep 2017,18 Sep 2017,-
539227,LOYAL,Loyal Equipments Ltd,27 Sep 2017,Bonus issue 1:2,28 Sep 2017,-,-,21 Sep 2017,27 Sep 2017,-
539207,MANPASAND,Manpasand Beverages Ltd,27 Sep 2017,Bonus issue 1:1,28 Sep 2017,-,-,21 Sep 2017,27 Sep 2017,-
533286,MOIL,Moil Ltd,27 Sep 2017,Bonus issue 1:1,28 Sep 2017,-,-,21 Sep 2017,27 Sep 2017,-
500049,BEL,Bharat Electronics Ltd,28 Sep 2017,Bonus issue 1:10,29 Sep 2017,-,-,22 Sep 2017,28 Sep 2017,-
500493,BHARATFORG,Bharat Forge Ltd,28 Sep 2017,Bonus issue 1:1,30 Sep 2017,-,-,25 Sep 2017,28 Sep 2017,-
500103,BHEL,Bharat Heavy Electricals Ltd,28 Sep 2017,Bonus issue 1:2,30 Sep 2017,-,-,25 Sep 2017,28 Sep 2017,-
524820,PANAMAPET,Panama Petrochem Ltd,03 Oct 2017,Bonus issue 1:2,04 Oct 2017,-,-,26 Sep 2017,03 Oct 2017,-
513097,SBCL,Shivalik Bimetal Controls Ltd,05 Oct 2017,Bonus issue 1:1,06 Oct 2017,-,-,28 Sep 2017,05 Oct 2017,-
539229,MRSS,Majestic Research Services and Solutions Ltd,10 Oct 2017,Bonus issue 1:1,11 Oct 2017,-,-,04 Oct 2017,10 Oct 2017,-
511463,ALEXANDER,Alexander Stamps And Coin Ltd,11 Oct 2017,Bonus issue 1:5,12 Oct 2017,-,-,05 Oct 2017,11 Oct 2017,-
539997,KPL,Kwality Pharmaceuticals Ltd,11 Oct 2017,Bonus issue 1:1,12 Oct 2017,-,-,09 Oct 2017,11 Oct 2017,-
530201,KALLAM,Kallam Textiles Ltd-$,12 Oct 2017,Bonus issue 1:4,13 Oct 2017,-,-,06 Oct 2017,12 Oct 2017,-
538987,TALBROSENG,Talbros Engineering Ltd,12 Oct 2017,Bonus issue 1:1,14 Oct 2017,-,-,09 Oct 2017,12 Oct 2017,-
512277,AUTOINT,Autoriders International Ltd,19 Oct 2017,Bonus issue 1:1,31 Oct 2017,-,-,19 Oct 2017,03 Nov 2017,-
531591,BAMPSL,Bampsl Securities Ltd,26 Oct 2017,Bonus issue 3:20,27 Oct 2017,-,-,18 Oct 2017,26 Oct 2017,-
539151,ARFIN,Arfin India Ltd,01 Nov 2017,Bonus issue 2:1,02 Nov 2017,-,-,26 Oct 2017,01 Nov 2017,-
539228,GGPL,Gala Global Products Ltd,10 Nov 2017,Bonus issue 1:20,13 Nov 2017,-,-,06 Nov 2017,10 Nov 2017,-
535910,MMLF,Money Masters Leasing & Finance Ltd,13 Nov 2017,Bonus issue 1:4,14 Nov 2017,-,-,07 Nov 2017,13 Nov 2017,-
539363,SKC,Sri Krishna Constructions (India) Ltd,06 Dec 2017,Bonus issue 1:10,07 Dec 2017,-,-,29 Nov 2017,06 Dec 2017,-
502355,BALKRISIND,Balkrishna Industries Ltd-$,21 Dec 2017,Bonus issue 1:1,23 Dec 2017,-,-,18 Dec 2017,21 Dec 2017,-
500870,CASTROLIND,Castrol India Ltd,21 Dec 2017,Bonus issue 1:1,23 Dec 2017,-,-,18 Dec 2017,21 Dec 2017,-
500520,M&M,Mahindra & Mahindra Ltd,21 Dec 2017,Bonus issue 1:1,23 Dec 2017,-,-,18 Dec 2017,21 Dec 2017,-
511431,VAKRANGEE,Vakrangee Ltd-$,21 Dec 2017,Bonus issue 1:1,23 Dec 2017,-,-,18 Dec 2017,21 Dec 2017,-
539841,LANCER,Lancer Container Lines Ltd,03 Jan 2018,Bonus issue 3:5,04 Jan 2018,-,-,28 Dec 2017,03 Jan 2018,-
533321,BILENERGY,Bil Energy Systems Ltd,11 Jan 2018,Bonus issue 1:1,13 Jan 2018,-,-,08 Jan 2018,11 Jan 2018,-
536128,VKJINFRA,VKJ Infradevelopers Ltd,11 Jan 2018,Bonus issue 1:3,13 Jan 2018,-,-,08 Jan 2018,11 Jan 2018,-
507910,FIBERWEB,Fiberweb India Ltd,17 Jan 2018,Bonus issue 1:1,18 Jan 2018,-,-,11 Jan 2018,17 Jan 2018,-
533090,EXCEL,Excel Realty N Infra Ltd,23 Jan 2018,Bonus issue 2:1,24 Jan 2018,-,-,17 Jan 2018,23 Jan 2018,-
512493,GARNETINT,Garnet International Ltd,06 Mar 2018,Bonus issue 2:1,07 Mar 2018,-,-,27 Feb 2018,06 Mar 2018,-
539939,YASHCHEM,Yash Chemex Ltd,14 Mar 2018,Bonus issue 3:2,15 Mar 2018,-,-,08 Mar 2018,14 Mar 2018,-
530965,IOC,Indian Oil Corporation Ltd,15 Mar 2018,Bonus issue 1:1,17 Mar 2018,-,-,12 Mar 2018,15 Mar 2018,-
526947,LAOPALA,La Opala RG Ltd,22 Mar 2018,Bonus issue 1:1,23 Mar 2018,-,-,16 Mar 2018,22 Mar 2018,-
502445,CITADEL,Citadel Realty and Developers Ltd,26 Mar 2018,Bonus issue 1:1,27 Mar 2018,-,-,20 Mar 2018,26 Mar 2018,-
532155,GAIL,Gail (India) Ltd,27 Mar 2018,Bonus issue 1:3,29 Mar 2018,-,-,22 Mar 2018,27 Mar 2018,-
519602,KELLTONTEC,Kellton Tech Solutions Ltd,27 Mar 2018,Bonus issue 1:1,29 Mar 2018,-,-,22 Mar 2018,27 Mar 2018,-
533106,OIL,Oil India Ltd,27 Mar 2018,Bonus issue 1:2,29 Mar 2018,-,-,22 Mar 2018,27 Mar 2018,-
538731,HANMAN,Hanman Fit Ltd,10 Apr 2018,Bonus issue 1:20,11 Apr 2018,-,-,04 Apr 2018,10 Apr 2018,-
539148,SHIVALIK,Shivalik Rasayan Ltd,19 Apr 2018,Bonus issue 1:4,20 Apr 2018,-,-,13 Apr 2018,19 Apr 2018,-
539620,KEIL,Kanoria Energy & Infrastructure Ltd,20 Apr 2018,Bonus issue 1:1,23 Apr 2018,-,-,16 Apr 2018,20 Apr 2018,-
539686,KPEL,K.P. Energy Ltd,26 Apr 2018,Bonus issue 3:10,01 May 2018,-,-,24 Apr 2018,26 Apr 2018,-
539428,TEJNAKSH,Tejnaksh Healthcare Ltd,26 Apr 2018,Bonus issue 36:10,28 Apr 2018,-,-,23 Apr 2018,25 Apr 2018,-
513377,MMTC,MMTC Ltd,03 May 2018,Bonus issue 1:2,04 May 2018,-,-,25 Apr 2018,03 May 2018,-
539837,RPEL,Raghav Productivity Enhancers Ltd,08 May 2018,Bonus issue 2:5,09 May 2018,-,-,02 May 2018,08 May 2018,-
539228,GGPL,Gala Global Products Ltd,10 May 2018,Bonus issue 1:20,12 May 2018,-,-,07 May 2018,10 May 2018,-
522014,UNIDT,United Drilling Tools Ltd,10 May 2018,Bonus issue 1:1,12 May 2018,-,-,07 May 2018,10 May 2018,-
507488,GMBREW,GM Breweries Ltd,21 May 2018,Bonus issue 1:4,22 May 2018,-,-,15 May 2018,21 May 2018,-
501831,COASTCORP,Coastal Corporation Ltd,23 May 2018,Bonus issue 3:1,24 May 2018,-,-,17 May 2018,23 May 2018,-
532540,TCS,Tata Consultancy Services Ltd,31 May 2018,Bonus issue 1:1,02 Jun 2018,-,-,28 May 2018,31 May 2018,-
500250,LGBBROSLTD,LG Balakrishnan & Bros Ltd,14 Jun 2018,Bonus issue 1:1,16 Jun 2018,-,-,11 Jun 2018,14 Jun 2018,-
532410,TRANSCOR,Transcorp International Ltd,19 Jun 2018,Bonus issue 1:4,20 Jun 2018,-,-,13 Jun 2018,19 Jun 2018,-
500135,EPL,EPL Ltd,20 Jun 2018,Bonus issue 1:1,21 Jun 2018,-,-,14 Jun 2018,20 Jun 2018,-
539798,UMIYA,Umiya Tubes Ltd,20 Jun 2018,Bonus issue 1:3,21 Jun 2018,-,-,14 Jun 2018,20 Jun 2018,-
531162,EMAMILTD,Emami Ltd-$,21 Jun 2018,Bonus issue 1:1,22 Jun 2018,-,-,15 Jun 2018,21 Jun 2018,-
533155,JUBLFOOD,Jubilant FoodWorks Ltd,21 Jun 2018,Bonus issue 1:1,23 Jun 2018,-,-,18 Jun 2018,21 Jun 2018,-
524735,HIKAL,Hikal Ltd,22 Jun 2018,Bonus issue 1:2,25 Jun 2018,-,-,18 Jun 2018,22 Jun 2018,-
512573,AVANTIFEED,Avanti Feeds Ltd-$,26 Jun 2018,Bonus issue 1:2,27 Jun 2018,-,-,20 Jun 2018,26 Jun 2018,-
540769,NIACL,The New India Assurance Company Ltd,27 Jun 2018,Bonus issue 1:1,28 Jun 2018,-,-,21 Jun 2018,27 Jun 2018,-
532926,JYOTHYLAB,Jyothy Labs Ltd,28 Jun 2018,Bonus issue 1:1,30 Jun 2018,-,-,25 Jun 2018,28 Jun 2018,-
540027,PTIL,Prabhat Technologies (India) Ltd,28 Jun 2018,Bonus issue 1:5,30 Jun 2018,-,-,25 Jun 2018,28 Jun 2018,-
539217,SRESTHA,Srestha Finvest Ltd,06 Jul 2018,Bonus issue 1:10,09 Jul 2018,-,-,02 Jul 2018,06 Jul 2018,-
532210,CUB,City Union Bank Ltd,10 Jul 2018,Bonus issue 1:10,11 Jul 2018,-,-,04 Jul 2018,10 Jul 2018,-
532539,UNOMINDA,UNO Minda Ltd-$,11 Jul 2018,Bonus issue 2:1,12 Jul 2018,-,-,05 Jul 2018,11 Jul 2018,-
533271,ASHOKA,Ashoka Buildcon Ltd,12 Jul 2018,Bonus issue 1:2,13 Jul 2018,-,-,06 Jul 2018,12 Jul 2018,-
540755,GICRE,General Insurance Corporation of India,12 Jul 2018,Bonus issue 1:1,14 Jul 2018,-,-,09 Jul 2018,12 Jul 2018,-
522241,MMFL,MM Forgings Ltd-$,18 Jul 2018,Bonus issue 1:1,19 Jul 2018,-,-,12 Jul 2018,18 Jul 2018,-
502219,BORORENEW,Borosil Renewables Ltd,02 Aug 2018,Bonus issue 3:1,03 Aug 2018,-,-,27 Jul 2018,02 Aug 2018,-
514211,SUMEETINDS,Sumeet Industries Ltd-$,02 Aug 2018,Bonus issue 1:4,04 Aug 2018,-,-,30 Jul 2018,02 Aug 2018,-
506414,FERMENTA,Fermenta Biotech Ltd,08 Aug 2018,Bonus issue 1:1,09 Aug 2018,-,-,02 Aug 2018,08 Aug 2018,-
590073,WHEELS,Wheels India Ltd,08 Aug 2018,Bonus issue 1:1,09 Aug 2018,-,-,02 Aug 2018,08 Aug 2018,-
590003,KARURVYSYA,Karur Vysya Bank Ltd,14 Aug 2018,Bonus issue 1:10,18 Aug 2018,-,-,10 Aug 2018,14 Aug 2018,-
526817,CHEVIOT,Cheviot Company Ltd-$,29 Aug 2018,Bonus issue 1:2,30 Aug 2018,-,-,23 Aug 2018,29 Aug 2018,-
500209,INFY,Infosys Ltd,04 Sep 2018,Bonus issue 1:1,05 Sep 2018,-,-,29 Aug 2018,04 Sep 2018,-
500660,GLAXO,GlaxoSmithKline Pharmaceuticals Ltd,11 Sep 2018,Bonus issue 1:1,13 Sep 2018,-,-,06 Sep 2018,11 Sep 2018,-
532424,GODREJCP,Godrej Consumer Products Ltd,12 Sep 2018,Bonus issue 1:2,14 Sep 2018,-,-,06 Sep 2018,12 Sep 2018,-
522108,YUKEN,Yuken India Ltd-$,12 Sep 2018,Bonus issue 3:1,14 Sep 2018,-,-,06 Sep 2018,12 Sep 2018,-
538794,JETSOLAR,Jet Solar Ltd,14 Sep 2018,Bonus issue 1:1,17 Sep 2018,-,-,07 Sep 2018,14 Sep 2018,-
540615,7NR,7NR Retail Ltd,17 Sep 2018,Bonus issue 1:2,18 Sep 2018,-,-,10 Sep 2018,17 Sep 2018,-
540730,MEHAI,Mehai Technology Ltd,18 Sep 2018,Bonus issue 1:1,19 Sep 2018,-,-,11 Sep 2018,18 Sep 2018,-
539884,DARSHANORNA,Darshan Orna Ltd,19 Sep 2018,Bonus issue 11:10,21 Sep 2018,-,-,12 Sep 2018,19 Sep 2018,-
511463,ALEXANDER,Alexander Stamps And Coin Ltd,27 Sep 2018,Bonus issue 1:5,28 Sep 2018,-,-,21 Sep 2018,27 Sep 2018,-
517380,IGARASHI,Igarashi Motors India Ltd,27 Sep 2018,Bonus issue 0:0,28 Sep 2018,-,-,21 Sep 2018,27 Sep 2018,-
539098,FILTRA,Filtra Consultants and Engineers Ltd,04 Oct 2018,Bonus issue 1:5,06 Oct 2018,-,-,28 Sep 2018,04 Oct 2018,-
539963,ZEAL,Zeal Aqua Ltd,04 Oct 2018,Bonus issue 2:1,05 Oct 2018,-,-,27 Sep 2018,04 Oct 2018,-
541400,ZIMLAB,Zim Laboratories Ltd,04 Oct 2018,Bonus issue 1:1,06 Oct 2018,-,-,01 Oct 2018,04 Oct 2018,-
539546,AGRIBIO,Agribio Spirits Ltd,08 Oct 2018,Bonus issue 1:1,09 Oct 2018,-,-,01 Oct 2018,08 Oct 2018,-
540956,BHATIA,Bhatia Communications & Retail (India) Ltd,08 Oct 2018,Bonus issue 1:1,09 Oct 2018,-,-,01 Oct 2018,08 Oct 2018,-
538891,MCLOUD,Magellanic Cloud Ltd,09 Oct 2018,Bonus issue 4:1,10 Oct 2018,-,-,03 Oct 2018,09 Oct 2018,-
526519,ALPINEHOU,Alpine Housing Development Corporation Ltd,11 Oct 2018,Bonus issue 1:3,12 Oct 2018,-,-,05 Oct 2018,11 Oct 2018,-
530843,CUPID,Cupid Ltd-$,11 Oct 2018,Bonus issue 1:5,12 Oct 2018,-,-,05 Oct 2018,11 Oct 2018,-
539526,SCTL,Suncare Traders Ltd,11 Oct 2018,Bonus issue 1:1,12 Oct 2018,-,-,05 Oct 2018,11 Oct 2018,-
530697,ZENLABS,Zenlabs Ethica Ltd,11 Oct 2018,Bonus issue 1:20,13 Oct 2018,-,-,08 Oct 2018,11 Oct 2018,-
540147,SHASHIJIT,Shashijit Infraprojects Ltd,12 Oct 2018,Bonus issue 1:5,15 Oct 2018,-,-,08 Oct 2018,12 Oct 2018,-
512341,CESL,CES Ltd,22 Oct 2018,Bonus issue 27:1,23 Oct 2018,-,-,15 Oct 2018,22 Oct 2018,-
531471,DUKEOFS,Duke Offshore Ltd,26 Oct 2018,Bonus issue 1:1,29 Oct 2018,-,-,25 Oct 2018,26 Oct 2018,-
517334,MOTHERSON,Samvardhana Motherson International Ltd,30 Oct 2018,Bonus issue 1:2,31 Oct 2018,-,-,24 Oct 2018,30 Oct 2018,-
539151,ARFIN,Arfin India Ltd,13 Nov 2018,Bonus issue 1:5,14 Nov 2018,-,-,05 Nov 2018,13 Nov 2018,-
539225,JIYAECO,Jiya Eco-Products Ltd,19 Nov 2018,Bonus issue 1:1,21 Nov 2018,-,-,14 Nov 2018,19 Nov 2018,-
500078,OAL,Oriental Aromatics Ltd-$,13 Dec 2018,Bonus issue 1:1,14 Dec 2018,-,-,07 Dec 2018,13 Dec 2018,-
540590,RIDDHICORP,Riddhi Corporate Services Ltd,21 Jan 2019,Bonus issue 25:10,22 Jan 2019,-,-,15 Jan 2019,21 Jan 2019,-
531344,CONCOR,Container Corporation of India Ltd,04 Feb 2019,Bonus issue 1:4,05 Feb 2019,-,-,29 Jan 2019,04 Feb 2019,-
513713,WHITEORG,White Organic Agro Ltd,06 Feb 2019,Bonus issue 1:1,07 Feb 2019,-,-,31 Jan 2019,06 Feb 2019,-
540954,IWP,The Indian Wood Products Company Ltd,15 Feb 2019,Bonus issue 1:1,19 Feb 2019,-,-,12 Feb 2019,15 Feb 2019,-
540401,MAXIMUS,Maximus International Ltd,26 Feb 2019,Bonus issue 1:1,27 Feb 2019,-,-,20 Feb 2019,26 Feb 2019,-
539398,VISHALBL,Vishal Bearings Ltd,28 Feb 2019,Bonus issue 4:5,04 Mar 2019,-,-,25 Feb 2019,28 Feb 2019,-
507685,WIPRO,Wipro Ltd,06 Mar 2019,Bonus issue 1:3,07 Mar 2019,-,-,27 Feb 2019,06 Mar 2019,-
532555,NTPC,NTPC Ltd,19 Mar 2019,Bonus issue 1:5,20 Mar 2019,-,-,13 Mar 2019,19 Mar 2019,-
524542,SUKHJITS,Sukhjit Starch & Chemicals Ltd-$,27 Mar 2019,Bonus issue 1:1,28 Mar 2019,-,-,20 Mar 2019,27 Mar 2019,-
541083,INFLAME,Inflame Appliances Ltd,28 Mar 2019,Bonus issue 1:2,30 Mar 2019,-,-,25 Mar 2019,27 Mar 2019,-
539872,BAJAJHCARE,Bajaj Healthcare Ltd,09 Apr 2019,Bonus issue 1:1,10 Apr 2019,-,-,03 Apr 2019,09 Apr 2019,-
541304,INDOUS,Indo Us Bio-Tech Ltd,23 Apr 2019,Bonus issue 1:4,24 Apr 2019,-,-,15 Apr 2019,23 Apr 2019,-
507552,FOODSIN,Foods & Inns Ltd,30 Apr 2019,Bonus issue 2:1,02 May 2019,-,-,23 Apr 2019,30 Apr 2019,-
512399,SERA,Sera Investments & Finance India Ltd,14 May 2019,Bonus issue 3:2,15 May 2019,-,-,08 May 2019,14 May 2019,-
517506,TTKPRESTIG,TTK Prestige Ltd,15 May 2019,Bonus issue 1:5,16 May 2019,-,-,09 May 2019,15 May 2019,-
540823,VITESSE,Vitesse Agro Ltd,30 May 2019,Bonus issue 1:1,31 May 2019,-,-,24 May 2019,30 May 2019,-
539268,SYNGENE,Syngene International Ltd,11 Jun 2019,Bonus issue 1:1,12 Jun 2019,-,-,04 Jun 2019,11 Jun 2019,-
532523,BIOCON,Biocon Ltd,12 Jun 2019,Bonus issue 1:1,13 Jun 2019,-,-,06 Jun 2019,12 Jun 2019,-
542206,NIVAKA,Nivaka Fashions Ltd,24 Jun 2019,Bonus issue 4:5,25 Jun 2019,-,-,18 Jun 2019,24 Jun 2019,-
530517,RELAXO,Relaxo Footwears Ltd-$,26 Jun 2019,Bonus issue 1:1,27 Jun 2019,-,-,20 Jun 2019,26 Jun 2019,-
540649,AVADHSUGAR,Avadh Sugar & Energy Ltd,27 Jun 2019,Bonus issue 1:1,30 Jun 2019,-,-,24 Jun 2019,27 Jun 2019,-
540614,GGENG,G G Engineering Ltd,27 Jun 2019,Bonus issue 2:3,29 Jun 2019,-,-,24 Jun 2019,27 Jun 2019,-
540650,MAGADSUGAR,Magadh Sugar & Energy Ltd,27 Jun 2019,Bonus issue 4:10,30 Jun 2019,-,-,24 Jun 2019,27 Jun 2019,-
540405,OCEANIC,Oceanic Foods Ltd,27 Jun 2019,Bonus issue 2:1,28 Jun 2019,-,-,21 Jun 2019,27 Jun 2019,-
512070,UPL,UPL Ltd,02 Jul 2019,Bonus issue 1:2,03 Jul 2019,-,-,26 Jun 2019,02 Jul 2019,-
532155,GAIL,Gail (India) Ltd,09 Jul 2019,Bonus issue 1:1,10 Jul 2019,-,-,03 Jul 2019,09 Jul 2019,-
531688,PRITHVIEXCH,Prithvi Exchange (India) Ltd,11 Jul 2019,Bonus issue 1:2,12 Jul 2019,-,-,05 Jul 2019,11 Jul 2019,-
530803,BHAGERIA,Bhageria Industries Ltd,17 Jul 2019,Bonus issue 1:1,18 Jul 2019,-,-,11 Jul 2019,17 Jul 2019,-
540652,CTCL,Captain Technocast Ltd,22 Jul 2019,Bonus issue 1:1,23 Jul 2019,-,-,16 Jul 2019,22 Jul 2019,-
540180,VBL,Varun Beverages Ltd,25 Jul 2019,Bonus issue 1:2,27 Jul 2019,-,-,22 Jul 2019,25 Jul 2019,-
541556,RITES,RITES Ltd,08 Aug 2019,Bonus issue 1:4,11 Aug 2019,-,-,05 Aug 2019,08 Aug 2019,-
501430,BOMBCYC,Bombay Cycle & Motor Agency Ltd,13 Aug 2019,Bonus issue 1:1,14 Aug 2019,-,-,06 Aug 2019,13 Aug 2019,-
530643,ECORECO,Eco Recycling Ltd,22 Aug 2019,Bonus issue 1:10,23 Aug 2019,-,-,16 Aug 2019,22 Aug 2019,-
532051,SWELECTES,Swelect Energy Systems Ltd-$,22 Aug 2019,Bonus issue 1:2,23 Aug 2019,-,-,16 Aug 2019,22 Aug 2019,-
532929,BRIGADE,Brigade Enterprises Ltd,28 Aug 2019,Bonus issue 1:2,29 Aug 2019,-,-,22 Aug 2019,28 Aug 2019,-
517522,RAJRATAN,Rajratan Global Wire Ltd,11 Sep 2019,Bonus issue 4:3,12 Sep 2019,-,-,04 Sep 2019,11 Sep 2019,-
532830,ASTRAL,Astral Ltd,16 Sep 2019,Bonus issue 1:4,17 Sep 2019,-,-,09 Sep 2019,16 Sep 2019,-
537092,MODEX,Modex International Securities Ltd,26 Sep 2019,Bonus issue 1:1,-,28 Sep 2019,30 Sep 2019,23 Sep 2019,26 Sep 2019,-
541701,SUPERSHAKT,Supershakti Metaliks Ltd,26 Sep 2019,Bonus issue 1:1,28 Sep 2019,-,-,23 Sep 2019,26 Sep 2019,-
524208,AARTIIND,Aarti Industries Ltd,27 Sep 2019,Bonus issue 1:1,30 Sep 2019,-,-,23 Sep 2019,27 Sep 2019,-
531412,RADIXIND,Radix Industries (India) Ltd,30 Sep 2019,Bonus issue 1:2,01 Oct 2019,-,-,24 Sep 2019,30 Sep 2019,-
540545,BGJL,Bhakti Gems and Jewellery Ltd,04 Oct 2019,-,07 Oct 2019,-,-,27 Sep 2019,04 Oct 2019,-
542446,JONJUA,Jonjua Overseas Ltd,10 Oct 2019,Bonus issue 1:25,11 Oct 2019,-,-,03 Oct 2019,10 Oct 2019,-
540738,STL,Shreeji Translogistics Ltd,14 Oct 2019,Bonus issue 2:1,15 Oct 2019,-,-,07 Oct 2019,14 Oct 2019,-
590065,IMPAL,India Motor Parts & Accessories Ltd,25 Oct 2019,Bonus issue 1:2,29 Oct 2019,-,-,22 Oct 2019,27 Oct 2019,-
538446,MONEYBOXX,Moneyboxx Finance Ltd,21 Nov 2019,Bonus issue 1:10,23 Nov 2019,-,-,18 Nov 2019,21 Nov 2019,-
532281,HCLTECH,HCL Technologies Ltd,05 Dec 2019,Bonus issue 1:1,07 Dec 2019,-,-,02 Dec 2019,05 Dec 2019,-
542285,AXITA,Axita Cotton Ltd,26 Dec 2019,Bonus issue 1:1,27 Dec 2019,-,-,19 Dec 2019,26 Dec 2019,-
523319,BALMLAWRIE,Balmer Lawrie & Company Ltd,26 Dec 2019,Bonus issue 1:2,28 Dec 2019,-,-,20 Dec 2019,26 Dec 2019,-
540727,POOJA,Poojawestern Metaliks Ltd,02 Jan 2020,Bonus issue 1:1,04 Jan 2020,-,-,30 Dec 2019,02 Jan 2020,-
539026,SSPNFIN,SSPN Finance Ltd,16 Jan 2020,Bonus issue 1:1,17 Jan 2020,-,-,10 Jan 2020,16 Jan 2020,-
540078,MITSU,Mitsu Chem Plast Ltd,28 Jan 2020,Bonus issue 2:1,29 Jan 2020,-,-,22 Jan 2020,28 Jan 2020,-
540953,KENVI,Kenvi Jewels Ltd,29 Jan 2020,Bonus issue 11:10,30 Jan 2020,-,-,23 Jan 2020,29 Jan 2020,-
540519,MEERA,Meera Industries Ltd,06 Feb 2020,Bonus issue 7:5,08 Feb 2020,-,-,03 Feb 2020,06 Feb 2020,-
506414,FERMENTA,Fermenta Biotech Ltd,13 Feb 2020,Bonus issue 2:1,14 Feb 2020,-,-,07 Feb 2020,13 Feb 2020,-
539526,SCTL,Suncare Traders Ltd,06 Mar 2020,Bonus issue 2:1,09 Mar 2020,-,-,02 Mar 2020,06 Mar 2020,-
540366,RADIOCITY,Music Broadcast Ltd,12 Mar 2020,Bonus issue 1:4,13 Mar 2020,-,-,05 Mar 2020,12 Mar 2020,-
532652,KTKBANK,Karnataka Bank Ltd,17 Mar 2020,Bonus issue 1:10,18 Mar 2020,-,-,11 Mar 2020,17 Mar 2020,-
541444,PALMJEWELS,Palm Jewels Ltd,26 Mar 2020,Bonus issue 36:10,27 Mar 2020,-,-,19 Mar 2020,26 Mar 2020,-
539216,GARMNTMNTR,Garment Mantra Lifestyle Ltd,30 Mar 2020,Bonus issue 1:2,01 Apr 2020,-,-,24 Mar 2020,30 Mar 2020,-
540252,VSL,Veeram Securities Ltd,13 Apr 2020,Bonus issue 13:10,15 Apr 2020,-,-,03 Apr 2020,13 Apr 2020,-
540108,TIAANC,Tiaan Consumer Ltd,02 Jul 2020,Bonus issue 1:4,03 Jul 2020,-,-,26 Jun 2020,02 Jul 2020,-
541865,ASRL,Add-Shop ERetail Ltd,22 Jul 2020,Bonus issue 3:4,23 Jul 2020,-,-,16 Jul 2020,22 Jul 2020,-
542667,WORL,White Organic Retail Ltd,28 Jul 2020,Bonus issue 1:1,29 Jul 2020,-,-,22 Jul 2020,28 Jul 2020,-
542446,JONJUA,Jonjua Overseas Ltd,30 Jul 2020,Bonus issue 1:43,31 Jul 2020,-,-,24 Jul 2020,30 Jul 2020,-
539894,MADHAVIPL,Madhav Infra Projects Ltd,06 Aug 2020,Bonus issue 3:1,07 Aug 2020,-,-,31 Jul 2020,06 Aug 2020,-
540726,TTFL,Trident Texofab Ltd,11 Aug 2020,Bonus issue 14:10,12 Aug 2020,-,-,05 Aug 2020,11 Aug 2020,-
539354,POLYSPIN,Polyspin Exports Ltd,07 Sep 2020,Bonus issue 1:4,08 Sep 2020,-,-,02 Sep 2020,07 Sep 2020,-
540936,GGL,Gautam Gems Ltd,11 Sep 2020,Bonus issue 5:6,14 Sep 2020,-,-,07 Sep 2020,11 Sep 2020,-
506642,SADHNANIQ,Sadhana Nitro Chem Ltd,17 Sep 2020,Bonus issue 1:2,18 Sep 2020,-,-,15 Sep 2020,17 Sep 2020,-
506260,ANUHPHR,Anuh Pharma Ltd,18 Sep 2020,Bonus issue 1:1,21 Sep 2020,-,-,14 Sep 2020,18 Sep 2020,-
522074,ELGIEQUIP,Elgi Equipments Ltd,24 Sep 2020,Bonus issue 1:1,26 Sep 2020,-,-,23 Sep 2020,24 Sep 2020,-
543064,SUVENPHAR,Suven Pharmaceuticals Ltd,25 Sep 2020,Bonus issue 1:1,28 Sep 2020,-,-,21 Sep 2020,25 Sep 2020,-
524348,AARTIDRUGS,Aarti Drugs Ltd,30 Sep 2020,Bonus issue 3:1,01 Oct 2020,-,-,24 Sep 2020,30 Sep 2020,-
540737,SGRL,Shree Ganesh Remedies Ltd,06 Oct 2020,Bonus issue 3:26,07 Oct 2020,-,-,29 Sep 2020,06 Oct 2020,-
539788,KDML,Khemani Distributors & Marketing Ltd,07 Oct 2020,Bonus issue 1:1,08 Oct 2020,-,-,30 Sep 2020,07 Oct 2020,-
542034,SMGOLD,S. M. Gold Ltd,08 Oct 2020,Bonus issue 1:2,09 Oct 2020,-,-,01 Oct 2020,08 Oct 2020,-
542046,VIVIDM,Vivid Mercantile Ltd,08 Oct 2020,Bonus issue 26:10,09 Oct 2020,-,-,01 Oct 2020,08 Oct 2020,-
542019,SHUBHAM,Shubham Polyspin Ltd,09 Oct 2020,Bonus issue 1:1,12 Oct 2020,-,-,05 Oct 2020,09 Oct 2020,-
540259,SHANGAR,Shangar Decor Ltd,12 Oct 2020,Bonus issue 1:1,13 Oct 2020,-,-,06 Oct 2020,12 Oct 2020,-
539402,NAKSH,Naksh Precious Metals Ltd,15 Oct 2020,Bonus issue 3:5,17 Oct 2020,-,-,12 Oct 2020,15 Oct 2020,-
542753,SEACOAST,Seacoast Shipping Services Ltd,03 Nov 2020,Bonus issue 1:2,04 Nov 2020,-,-,27 Oct 2020,03 Nov 2020,-
539337,WAAREE,Waaree Technologies Ltd,03 Nov 2020,Bonus issue 2:5,04 Nov 2020,-,-,27 Oct 2020,03 Nov 2020,-
542232,SRD,Shankar Lal Rampal Dye-Chem Ltd,05 Nov 2020,Bonus issue 1:3,07 Nov 2020,-,-,02 Nov 2020,05 Nov 2020,-
540693,SHISHIND,Shish Industries Ltd,01 Dec 2020,Bonus issue 6:5,02 Dec 2020,-,-,24 Nov 2020,01 Dec 2020,-
531531,HATSUN,Hatsun Agro Product Ltd,09 Dec 2020,Bonus issue 1:3,10 Dec 2020,-,-,03 Dec 2020,09 Dec 2020,-
538598,VISHAL,Vishal Fabrics Ltd,16 Dec 2020,Bonus issue 1:2,17 Dec 2020,-,-,11 Dec 2020,16 Dec 2020,-
540145,VALIANTORG,Valiant Organics Ltd,24 Dec 2020,Bonus issue 1:1,28 Dec 2020,-,-,18 Dec 2020,24 Dec 2020,-
539883,PILANIINVS,Pilani Investment and Industries Corporation Ltd,31 Dec 2020,Bonus issue 2:5,02 Jan 2021,-,-,28 Dec 2020,31 Dec 2020,-
532942,KNRCON,KNR Constructions Ltd,03 Feb 2021,Bonus issue 1:1,04 Feb 2021,-,-,28 Jan 2021,03 Feb 2021,-
526433,ASMTEC,ASM Technologies Ltd,17 Feb 2021,Bonus issue 1:1,19 Feb 2021,-,-,12 Feb 2021,17 Feb 2021,-
541418,NGIL,Nakoda Group of Industries Ltd,25 Feb 2021,Bonus issue 5:8,26 Feb 2021,-,-,18 Feb 2021,25 Feb 2021,-
539515,QUINT,Quint Digital Ltd,02 Mar 2021,Bonus issue 1:1,03 Mar 2021,-,-,24 Feb 2021,02 Mar 2021,-
531869,SACHEMT,Sacheta Metals Ltd,08 Mar 2021,Bonus issue 1:10,09 Mar 2021,-,-,02 Mar 2021,08 Mar 2021,-
534755,TRIOMERC,Trio Mercantile & Trading Ltd,09 Mar 2021,Bonus issue 1:6,10 Mar 2021,-,-,03 Mar 2021,09 Mar 2021,-
540686,SMRUTHIORG,Smruthi Organics Ltd,16 Mar 2021,Bonus issue 2:1,17 Mar 2021,-,-,09 Mar 2021,16 Mar 2021,-
532830,ASTRAL,Astral Ltd,18 Mar 2021,Bonus issue 1:3,19 Mar 2021,-,-,12 Mar 2021,18 Mar 2021,-
539807,INFIBEAM,Infibeam Avenues Ltd,18 Mar 2021,Bonus issue 1:1,20 Mar 2021,-,-,15 Mar 2021,18 Mar 2021,-
540006,EASTWEST,East West Freight Carriers Ltd,30 Mar 2021,Bonus issue 1:4,31 Mar 2021,-,-,23 Mar 2021,26 Mar 2021,-
541445,WAA,Waa Solar Ltd,27 Apr 2021,Bonus issue 1:1,28 Apr 2021,-,-,20 Apr 2021,27 Apr 2021,-
540404,PRIMEFRESH,Prime Fresh Ltd,06 May 2021,Bonus issue 2:1,08 May 2021,-,-,03 May 2021,06 May 2021,-
541956,IRCON,IRCON International Ltd,20 May 2021,Bonus issue 1:1,21 May 2021,-,-,14 May 2021,20 May 2021,-
541634,RAWEDGE,Raw Edge Industrial Solutions Ltd,03 Jun 2021,Bonus issue 1:5,04 Jun 2021,-,-,28 May 2021,03 Jun 2021,-
520066,JAYBARMARU,Jay Bharat Maruti Ltd,07 Jun 2021,Bonus issue 1:1,08 Jun 2021,-,-,01 Jun 2021,07 Jun 2021,-
540180,VBL,Varun Beverages Ltd,10 Jun 2021,Bonus issue 1:2,12 Jun 2021,-,-,07 Jun 2021,10 Jun 2021,-
542459,KRANTI,Kranti Industries Ltd,15 Jun 2021,Bonus issue 1:5,16 Jun 2021,-,-,09 Jun 2021,15 Jun 2021,-
524208,AARTIIND,Aarti Industries Ltd,22 Jun 2021,Bonus issue 1:1,23 Jun 2021,-,-,16 Jun 2021,22 Jun 2021,-
538546,BRPL,Bansal Roofing Products Ltd,06 Jul 2021,Bonus issue 3:1,07 Jul 2021,-,-,30 Jun 2021,06 Jul 2021,-
542446,JONJUA,Jonjua Overseas Ltd,08 Jul 2021,Bonus issue 5:37,09 Jul 2021,-,-,02 Jul 2021,08 Jul 2021,-
540786,SHARIKA,Sharika Enterprises Ltd,08 Jul 2021,Bonus issue 1:1,10 Jul 2021,-,-,05 Jul 2021,08 Jul 2021,-
540642,SALASAR,Salasar Techno Engineering Ltd,13 Jul 2021,Bonus issue 1:1,14 Jul 2021,-,-,07 Jul 2021,13 Jul 2021,-
531449,GRMOVER,GRM Overseas Ltd,15 Jul 2021,Bonus issue 2:1,16 Jul 2021,-,-,12 Jul 2021,15 Jul 2021,-
506642,SADHNANIQ,Sadhana Nitro Chem Ltd,19 Jul 2021,Bonus issue 2:5,21 Jul 2021,-,-,14 Jul 2021,19 Jul 2021,-
540108,TIAANC,Tiaan Consumer Ltd,20 Jul 2021,Bonus issue 59:10,22 Jul 2021,-,-,14 Jul 2021,20 Jul 2021,-
590005,VEEDOL,Veedol Corporation Ltd,26 Jul 2021,Bonus issue 1:1,27 Jul 2021,-,-,-,26 Jul 2021,-
532898,POWERGRID,Power Grid Corporation of India Ltd,29 Jul 2021,Bonus issue 1:3,30 Jul 2021,-,-,23 Jul 2021,29 Jul 2021,-
532906,MAANALU,Maan Aluminium Ltd,02 Aug 2021,Bonus issue 1:1,03 Aug 2021,-,-,27 Jul 2021,02 Aug 2021,-
538902,DTIL,Dhunseri Tea & Industries Ltd,05 Aug 2021,Bonus issue 1:2,06 Aug 2021,-,-,30 Jul 2021,05 Aug 2021,-
542770,ALPHALOGIC,Alphalogic Techsys Ltd,09 Aug 2021,Bonus issue 27:10,10 Aug 2021,-,-,03 Aug 2021,09 Aug 2021,-
530067,CSLFINANCE,CSL Finance Ltd,09 Aug 2021,Bonus issue 2:1,10 Aug 2021,-,-,03 Aug 2021,09 Aug 2021,-
542724,MURAE,Murae Organisor Ltd,09 Aug 2021,Bonus issue 1:1,10 Aug 2021,-,-,03 Aug 2021,09 Aug 2021,-
541161,KBCGLOBAL,KBC Global Ltd,12 Aug 2021,Bonus issue 4:1,13 Aug 2021,-,-,06 Aug 2021,11 Aug 2021,-
542025,SUNRETAIL,Sun Retail Ltd,13 Aug 2021,Bonus issue 3:5,17 Aug 2021,-,-,10 Aug 2021,16 Aug 2021,-
542012,A1L,A-1 Ltd,17 Aug 2021,Bonus issue 3:20,19 Aug 2021,-,-,11 Aug 2021,17 Aug 2021,-
532368,BCG,Brightcom Group Ltd,18 Aug 2021,Bonus issue 1:4,20 Aug 2021,-,-,11 Aug 2021,18 Aug 2021,-
532805,REDINGTON,Redington Ltd,18 Aug 2021,Bonus issue 1:1,20 Aug 2021,-,-,11 Aug 2021,18 Aug 2021,-
510245,SWASTIVI,Swasti Vinayaka Synthetics Ltd,23 Aug 2021,Bonus issue 2:7,24 Aug 2021,-,-,13 Aug 2021,23 Aug 2021,-
540395,CHEMCRUX,Chemcrux Enterprises Ltd,06 Sep 2021,Bonus issue 2:1,07 Sep 2021,-,-,31 Aug 2021,06 Sep 2021,-
533088,MHRIL,Mahindra Holidays & Resorts India Ltd,08 Sep 2021,Bonus issue 1:2,09 Sep 2021,-,-,02 Sep 2021,08 Sep 2021,-
532313,MAHLIFE,Mahindra Lifespace Developers Ltd,14 Sep 2021,Bonus issue 2:1,15 Sep 2021,-,-,07 Sep 2021,14 Sep 2021,-
507779,KANPRPLA,Kanpur Plastipack Ltd,15 Sep 2021,Bonus issue 1:2,16 Sep 2021,-,-,08 Sep 2021,15 Sep 2021,-
533758,APLAPOLLO,APL Apollo Tubes Ltd,16 Sep 2021,Bonus issue 1:1,18 Sep 2021,-,-,13 Sep 2021,16 Sep 2021,-
526582,TPLPLASTEH,TPL Plastech Ltd,16 Sep 2021,Bonus issue 1:1,18 Sep 2021,-,-,13 Sep 2021,16 Sep 2021,-
504028,GEE,GEE Ltd,21 Sep 2021,Bonus issue 1:10,22 Sep 2021,-,-,15 Sep 2021,21 Sep 2021,-
540694,ANG,ANG Lifesciences India Ltd,22 Sep 2021,Bonus issue 1:1,23 Sep 2021,-,-,16 Sep 2021,22 Sep 2021,-
539221,SPORTKING,Sportking India Ltd,23 Sep 2021,Bonus issue 3:1,24 Sep 2021,-,-,17 Sep 2021,23 Sep 2021,-
542802,GALACTICO,Galactico Corporate Services Ltd,27 Sep 2021,Bonus issue 1:1,28 Sep 2021,-,-,21 Sep 2021,27 Sep 2021,-
542666,GKP,G. K. P. Printing & Packaging Ltd,29 Sep 2021,Bonus issue 1:1,30 Sep 2021,-,-,23 Sep 2021,29 Sep 2021,-
538610,UNISON,Unison Metals Ltd,07 Oct 2021,Bonus issue 4:1,08 Oct 2021,-,-,01 Oct 2021,07 Oct 2021,-
542851,GENSOL,Gensol Engineering Ltd,11 Oct 2021,Bonus issue 1:3,12 Oct 2021,-,-,05 Oct 2021,11 Oct 2021,-
541152,GOYALALUM,Goyal Aluminiums Ltd,13 Oct 2021,Bonus issue 44100     ,14 Oct 2021,-,-,07 Oct 2021,13 Oct 2021,-
539841,LANCER,Lancer Container Lines Ltd,13 Oct 2021,Bonus issue 2:1,14 Oct 2021,-,-,07 Oct 2021,13 Oct 2021,-
503806,SRF,SRF Ltd,13 Oct 2021,Bonus issue 4:1,14 Oct 2021,-,-,07 Oct 2021,13 Oct 2021,-
532734,GPIL,Godawari Power and Ispat Ltd,26 Oct 2021,Bonus issue 1:1,27 Oct 2021,-,-,20 Oct 2021,26 Oct 2021,-
540737,SGRL,Shree Ganesh Remedies Ltd,01 Nov 2021,Bonus issue 1:5,02 Nov 2021,-,-,26 Oct 2021,01 Nov 2021,-
539314,UNIAUTO,Universal Autofoundry Ltd,11 Nov 2021,Bonus issue 1:4,13 Nov 2021,-,-,08 Nov 2021,11 Nov 2021,-
540937,MEDICO,Medico Remedies Ltd,16 Nov 2021,Bonus issue 3:1,17 Nov 2021,-,-,11 Nov 2021,16 Nov 2021,-
533169, MANINFRA,Man Infraconstruction Ltd,17 Nov 2021,Bonus issue 1:2,19 Nov 2021,-,-,12 Nov 2021,17 Nov 2021,-
542580,AARTECH,Aartech Solonics Ltd,17 Nov 2021,Bonus issue 1:2,19 Nov 2021,-,-,12 Nov 2021,17 Nov 2021,-
543274,SUUMAYA,Suumaya Corporation Ltd,17 Nov 2021,Bonus issue 2:1,19 Nov 2021,-,-,12 Nov 2021,17 Nov 2021,-
541304,INDOUS,Indo Us Bio-Tech Ltd,29 Nov 2021,Bonus issue 1:5,30 Nov 2021,-,-,23 Nov 2021,29 Nov 2021,-
531761,APOLLOPIPE,Apollo Pipes Ltd,02 Dec 2021,Bonus issue 2:1,04 Dec 2021,-,-,29 Nov 2021,02 Dec 2021,-
530557,NCLRESE,NCL Research & Financial Services Ltd,02 Dec 2021,Bonus issue 1:1,03 Dec 2021,-,-,26 Nov 2021,02 Dec 2021,-
540750,IEX,Indian Energy Exchange Ltd,03 Dec 2021,Bonus issue 2:1,06 Dec 2021,-,-,29 Nov 2021,03 Dec 2021,-
531726,PANCHSHEEL,Panchsheel Organics Ltd,06 Dec 2021,Bonus issue 1:1,07 Dec 2021,-,-,30 Nov 2021,06 Dec 2021,-
532732,KKCL,Kewal Kiran Clothing Ltd,16 Dec 2021,Bonus issue 4:1,17 Dec 2021,-,-,10 Dec 2021,16 Dec 2021,-
542232,SRD,Shankar Lal Rampal Dye-Chem Ltd,16 Dec 2021,Bonus issue 1:1,17 Dec 2021,-,-,10 Dec 2021,16 Dec 2021,-
541601,RAJNISH,Rajnish Wellness Ltd,23 Dec 2021,Bonus issue 5:4,24 Dec 2021,-,-,17 Dec 2021,23 Dec 2021,-
533047,IMFA,Indian Metals & Ferro Alloys Ltd,07 Jan 2022,Bonus issue 1:1,10 Jan 2022,-,-,03 Jan 2022,07 Jan 2022,-
542285,AXITA,Axita Cotton Ltd,11 Jan 2022,Bonus issue 1:2,12 Jan 2022,-,-,05 Jan 2022,11 Jan 2022,-
541865,ASRL,Add-Shop ERetail Ltd,14 Jan 2022,Bonus issue 7:10,17 Jan 2022,-,-,10 Jan 2022,14 Jan 2022,-
531025,VISAGAR,Visagar Financial Services Ltd,20 Jan 2022,Bonus issue 1:2,21 Jan 2022,-,-,14 Jan 2022,20 Jan 2022,-
542694,PARSHVA,Parshva Enterprises Ltd,03 Feb 2022,Bonus issue 205:100,04 Feb 2022,-,-,28 Jan 2022,03 Feb 2022,-
512359,SWORDEDGE,Sword-Edge Commercials Ltd,03 Feb 2022,Bonus issue 1:1,04 Feb 2022,-,-,28 Jan 2022,03 Feb 2022,-
538890,MKEXIM,M.K. Exim (India) Ltd,08 Feb 2022,Bonus issue 2:1,09 Feb 2022,-,-,02 Feb 2022,08 Feb 2022,-
531328,KRETTOSYS,Kretto Syscon Ltd,10 Feb 2022,Bonus issue 1:10,11 Feb 2022,-,-,04 Feb 2022,10 Feb 2022,-
530109,ANUPAM,Anupam Finserv Ltd,17 Feb 2022,Bonus issue 1:10,18 Feb 2022,-,-,11 Feb 2022,17 Feb 2022,-
532859,HGS,Hinduja Global Solutions Ltd,22 Feb 2022,Bonus issue 1:1,23 Feb 2022,-,-,16 Feb 2022,22 Feb 2022,-
542725,SBC,SBC Exports Ltd,22 Feb 2022,Bonus issue 1:1,23 Feb 2022,-,-,16 Feb 2022,22 Feb 2022,-
539097,URSUGAR,UR Sugar Industries Ltd,24 Feb 2022,Bonus issue 1:2,26 Feb 2022,-,-,21 Feb 2022,24 Feb 2022,-
543272,EASEMYTRIP,Easy Trip Planners Ltd,28 Feb 2022,Bonus issue 1:1,02 Mar 2022,-,-,22 Feb 2022,28 Feb 2022,-
541778,DEEP,Deep Polymers Ltd,08 Mar 2022,Bonus issue 3:4,09 Mar 2022,-,-,02 Mar 2022,08 Mar 2022,-
539621,BCLENTERPR,BCL Enterprises Ltd,10 Mar 2022,Bonus issue 1:1,11 Mar 2022,-,-,04 Mar 2022,10 Mar 2022,-
538706,ULTRACAB,Ultracab (India) Ltd,10 Mar 2022,Bonus issue 1:2,12 Mar 2022,-,-,07 Mar 2022,10 Mar 2022,-
538598,VISHAL,Vishal Fabrics Ltd,10 Mar 2022,Bonus issue 2:1,11 Mar 2022,-,-,04 Mar 2022,10 Mar 2022,-
539807,INFIBEAM,Infibeam Avenues Ltd,14 Mar 2022,Bonus issue 1:1,15 Mar 2022,-,-,08 Mar 2022,14 Mar 2022,-
532368,BCG,Brightcom Group Ltd,15 Mar 2022,Bonus issue 2:3,16 Mar 2022,-,-,09 Mar 2022,15 Mar 2022,-
532372,VIRINCHI,Virinchi Ltd,21 Mar 2022,Bonus issue 1:1,22 Mar 2022,-,-,14 Mar 2022,21 Mar 2022,-
543193,DJML,DJ Mediaprint & Logistics Ltd,24 Mar 2022,Bonus issue 1:1,25 Mar 2022,-,-,17 Mar 2022,24 Mar 2022,-
532641,NDL,Nandan Denim Ltd,24 Mar 2022,Bonus issue 2:1,25 Mar 2022,-,-,17 Mar 2022,24 Mar 2022,-
542918,GIANLIFE,Gian Life Care Ltd,29 Mar 2022,Bonus issue 6:5,30 Mar 2022,-,-,23 Mar 2022,29 Mar 2022,-
538788,GILADAFINS,Gilada Finance & Investments Ltd,30 Mar 2022,Bonus issue 1:1,31 Mar 2022,-,-,24 Mar 2022,29 Mar 2022,-
532154,JOHNPHARMA,Johnson Pharmacare Ltd,07 Apr 2022,Bonus issue 1:10,08 Apr 2022,-,-,31 Mar 2022,07 Apr 2022,-
530627,VIPULORG,Vipul Organics Ltd,07 Apr 2022,Bonus issue 1:4,09 Apr 2022,-,-,04 Apr 2022,07 Apr 2022,-
542667,WORL,White Organic Retail Ltd,12 Apr 2022,Bonus issue 2:1,14 Apr 2022,-,-,07 Apr 2022,12 Apr 2022,-
534674,DUCON,Ducon Infratechnologies Ltd,18 Apr 2022,Bonus issue 1:10,19 Apr 2022,-,-,08 Apr 2022,18 Apr 2022,-
543194,NIRMITEE,Nirmitee Robotics India Ltd,25 Apr 2022,Bonus issue 5:1,26 Apr 2022,-,-,19 Apr 2022,25 Apr 2022,-
539470,SHREEGANES,Shree Ganesh Biotech (India) Ltd,27 Apr 2022,Bonus issue 1:1,28 Apr 2022,-,-,21 Apr 2022,27 Apr 2022,-
511557,PROFINC,Pro Fin Capital Services Ltd,28 Apr 2022,Bonus issue 2:1,29 Apr 2022,-,-,22 Apr 2022,28 Apr 2022,-
530477,VIKRAMTH,Vikram Thermo India Ltd,12 May 2022,Bonus issue 4:1,13 May 2022,-,-,06 May 2022,11 May 2022,-
540073,BLS,BLS International Services Ltd,13 May 2022,Bonus issue 1:1,17 May 2022,-,-,10 May 2022,16 May 2022,-
542013,DOLFIN,Dolfin Rubbers Ltd,13 May 2022,Bonus issue 1:3,17 May 2022,-,-,10 May 2022,16 May 2022,-
532029,SINDHUTRAD,Sindhu Trade Links Ltd,19 May 2022,Bonus issue 2:1,21 May 2022,-,-,13 May 2022,19 May 2022,-
531893,SAWACA,Sawaca Enterprises Ltd,27 May 2022,Bonus issue 10:100,27 May 2022,-,-,23 May 2022,27 May 2022,-
539594,MISHTANN ,Mishtann Foods Ltd,02 Jun 2022,Bonus issue 1:1,03 Jun 2022,-,-,27 May 2022,02 Jun 2022,-
543171,ROJL,RO Jewels Ltd,02 Jun 2022,Bonus issue 82:32,03 Jun 2022,-,-,27 May 2022,02 Jun 2022,-
539843,NINSYS,NINtec Systems Ltd,06 Jun 2022,Bonus issue 1:2,07 Jun 2022,-,-,31 May 2022,06 Jun 2022,-
540180,VBL,Varun Beverages Ltd,06 Jun 2022,Bonus issue 1:2,07 Jun 2022,-,-,31 May 2022,06 Jun 2022,-
540611,AUBANK,AU Small Finance Bank Ltd,09 Jun 2022,Bonus issue 1:1,10 Jun 2022,-,-,03 Jun 2022,09 Jun 2022,-
508814,COSMOFIRST,Cosmo First Ltd,16 Jun 2022,Bonus issue 1:2,18 Jun 2022,-,-,13 Jun 2022,16 Jun 2022,-
542802,GALACTICO,Galactico Corporate Services Ltd,16 Jun 2022,Bonus issue 3:10,17 Jun 2022,-,-,10 Jun 2022,16 Jun 2022,-
531169,SKPSEC,SKP Securities Ltd,16 Jun 2022,Bonus issue 1:1,17 Jun 2022,-,-,10 Jun 2022,16 Jun 2022,-
532406,AVANTEL,Avantel Ltd,17 Jun 2022,Bonus issue 3:1,20 Jun 2022,-,-,13 Jun 2022,17 Jun 2022,-
511724,BAIDFIN,Baid Finserv Ltd,20 Jun 2022,Bonus issue 1:1,21 Jun 2022,-,-,14 Jun 2022,20 Jun 2022,-
532331,AJANTPHARM,Ajanta Pharma Ltd,22 Jun 2022,Bonus issue 1:2,23 Jun 2022,-,-,16 Jun 2022,22 Jun 2022,-
543280,NAZARA,Nazara Technologies Ltd,24 Jun 2022,Bonus issue 1:1,27 Jun 2022,-,-,20 Jun 2022,24 Jun 2022,-
530965,IOC,Indian Oil Corporation Ltd,30 Jun 2022,Bonus issue 1:2,01 Jul 2022,-,-,24 Jun 2022,30 Jun 2022,-
520111,RATNAMANI,Ratnamani Metals & Tubes Ltd-$,30 Jun 2022,Bonus issue 1:2,01 Jul 2022,-,-,24 Jun 2022,30 Jun 2022,-
512257,SVARTCORP,Swasti Vinayaka Art And Heritage Corporation Ltd,01 Jul 2022,Bonus issue 5:4,04 Jul 2022,-,-,27 Jun 2022,01 Jul 2022,-
590013,XPROINDIA,Xpro India Ltd,01 Jul 2022,Bonus issue 1:2,04 Jul 2022,-,-,27 Jun 2022,01 Jul 2022,-
543284,EKI,EKI Energy Services Ltd,04 Jul 2022,Bonus issue 3:1,05 Jul 2022,-,-,30 Jun 2022,04 Jul 2022,-
532539,UNOMINDA,UNO Minda Ltd-$,07 Jul 2022,Bonus issue 1:1,08 Jul 2022,-,-,01 Jul 2022,07 Jul 2022,-
500420,TORNTPHARM,Torrent Pharmaceuticals Ltd,08 Jul 2022,Bonus issue 1:1,11 Jul 2022,-,-,04 Jul 2022,08 Jul 2022,-
505255,GMMPFAUDLR,GMM Pfaudler Ltd,11 Jul 2022,Bonus issue 2:1,12 Jul 2022,-,-,05 Jul 2022,11 Jul 2022,-
539620,KEIL,Kanoria Energy & Infrastructure Ltd,12 Jul 2022,Bonus issue 1:1,13 Jul 2022,-,-,06 Jul 2022,12 Jul 2022,-
540694,ANG,ANG Lifesciences India Ltd,13 Jul 2022,Bonus issue 1:4,14 Jul 2022,-,-,07 Jul 2022,13 Jul 2022,-
531273,RADHEDE,Radhe Developers India Ltd,14 Jul 2022,Bonus issue 1:1,15 Jul 2022,-,-,08 Jul 2022,14 Jul 2022,-
542232,SRD,Shankar Lal Rampal Dye-Chem Ltd,14 Jul 2022,Bonus issue 2:1,15 Jul 2022,-,-,08 Jul 2022,14 Jul 2022,-
542020,AKI,AKI India Ltd,19 Jul 2022,Bonus issue 3:10,20 Jul 2022,-,-,13 Jul 2022,19 Jul 2022,-
539143,PANTH,Panth Infinity Ltd,19 Jul 2022,Bonus issue 1:2,19 Jul 2022,-,-,13 Jul 2022,19 Jul 2022,-
541601,RAJNISH,Rajnish Wellness Ltd,21 Jul 2022,Bonus issue 2:1,22 Jul 2022,-,-,15 Jul 2022,21 Jul 2022,-
539760,RELICAB,Relicab Cable Manufacturing Ltd,22 Jul 2022,Bonus issue 74:100,25 Jul 2022,-,-,18 Jul 2022,22 Jul 2022,-
541276,HARDWYN,Hardwyn India Ltd,25 Jul 2022,Bonus issue 1:2,26 Jul 2022,-,-,19 Jul 2022,25 Jul 2022,-
532955,RECLTD,REC Ltd,17 Aug 2022,Bonus issue 1:3,18 Aug 2022,-,-,08 Aug 2022,17 Aug 2022,-
541967,SKYGOLD,Sky Gold Ltd,01 Sep 2022,Bonus issue 1:1,03 Sep 2022,-,-,26 Aug 2022,01 Sep 2022,-
540455,ESCORP,Escorp Asset Management Ltd,06 Sep 2022,Bonus issue 2:3,06 Sep 2022,-,-,30 Aug 2022,06 Sep 2022,-
532155,GAIL,Gail (India) Ltd,06 Sep 2022,Bonus issue 1:2,07 Sep 2022,-,-,30 Aug 2022,06 Sep 2022,-
514448,JYOTIRES,Jyoti Resins & Adhesives Ltd,08 Sep 2022,Bonus issue 2:1,09 Sep 2022,-,-,02 Sep 2022,08 Sep 2022,-
532221,SONATSOFTW,Sonata Software Ltd,08 Sep 2022,Bonus issue 1:3,10 Sep 2022,-,-,05 Sep 2022,08 Sep 2022,-
532978,BAJAJFINSV,Bajaj Finserv Ltd,13 Sep 2022,Bonus issue 1:1,14 Sep 2022,-,-,07 Sep 2022,13 Sep 2022,-
500049,BEL,Bharat Electronics Ltd,15 Sep 2022,Bonus issue 2:1,16 Sep 2022,-,-,09 Sep 2022,15 Sep 2022,-
542666,GKP,G. K. P. Printing & Packaging Ltd,16 Sep 2022,Bonus issue 1:2,19 Sep 2022,-,-,12 Sep 2022,16 Sep 2022,-
542770,ALPHALOGIC,Alphalogic Techsys Ltd,21 Sep 2022,Bonus issue 1:2,21 Sep 2022,-,-,15 Sep 2022,21 Sep 2022,-
532927,ECLERX,eClerx Services Ltd,21 Sep 2022,Bonus issue 1:2,22 Sep 2022,-,-,15 Sep 2022,21 Sep 2022,-
540377,IFL,IFL Enterprises Ltd,21 Sep 2022,Bonus issue 1:1,21 Sep 2022,-,-,15 Sep 2022,21 Sep 2022,-
542019,SHUBHAM,Shubham Polyspin Ltd,21 Sep 2022,Bonus issue 1:10,22 Sep 2022,-,-,15 Sep 2022,21 Sep 2022,-
531358,CHOICEIN,Choice International Ltd,22 Sep 2022,Bonus issue 1:1,23 Sep 2022,-,-,16 Sep 2022,22 Sep 2022,-
511092,JMDVL,JMD Ventures Ltd,23 Sep 2022,Bonus issue 1:1,23 Sep 2022,-,-,19 Sep 2022,23 Sep 2022,-
503169,RUBYMILLS,Ruby Mills Ltd,23 Sep 2022,Bonus issue 1:1,26 Sep 2022,-,-,22 Sep 2022,23 Sep 2022,-
505688,BHARATGEAR,Bharat Gears Ltd,27 Sep 2022,Bonus issue 1:2,28 Sep 2022,-,-,21 Sep 2022,27 Sep 2022,-
533090,EXCEL,Excel Realty N Infra Ltd,28 Sep 2022,Bonus issue 1:2,28 Sep 2022,-,-,22 Sep 2022,28 Sep 2022,-
532626,POCL,Pondy Oxides & Chemicals Ltd,28 Sep 2022,Bonus issue 1:1,29 Sep 2022,-,-,22 Sep 2022,28 Sep 2022,-
522281,RAMRAT,Ram Ratna Wires Ltd-$,28 Sep 2022,Bonus issue 1:1,29 Sep 2022,-,-,22 Sep 2022,28 Sep 2022,-
532851,INSECTICID,Insecticides (India) Ltd,30 Sep 2022,Bonus issue 1:2,03 Oct 2022,-,-,28 Sep 2022,30 Sep 2022,-
542446,JONJUA,Jonjua Overseas Ltd,03 Oct 2022,Bonus issue 4:23,03 Oct 2022,-,-,27 Sep 2022,03 Oct 2022,-
517334,MOTHERSON,Samvardhana Motherson International Ltd,03 Oct 2022,Bonus issue 1:2,05 Oct 2022,-,-,28 Sep 2022,03 Oct 2022,-
540550,YUG,Yug Decor Ltd,03 Oct 2022,Bonus issue 1:2,03 Oct 2022,-,-,28 Sep 2022,03 Oct 2022,-
512153,MLINDLTD,M Lakhamsi Industries Ltd,04 Oct 2022,Bonus issue 6:1,05 Oct 2022,-,-,29 Sep 2022,04 Oct 2022,-
533227,AHLEAST,Asian Hotels (East) Ltd,06 Oct 2022,Bonus issue 1:2,07 Oct 2022,-,-,29 Sep 2022,06 Oct 2022,-
512091,NIBEORD,Nibe Ordnance and Maritime Ltd,07 Oct 2022,Bonus issue 4:1,07 Oct 2022,-,-,30 Sep 2022,07 Oct 2022,-
512097,SAICOM,Saianand Commercial Ltd,07 Oct 2022,Bonus issue 1:1,08 Oct 2022,-,-,07 Oct 2022,07 Oct 2022,-
532785,RUCHIRA,Ruchira Papers Ltd,10 Oct 2022,Bonus issue 1:10,11 Oct 2022,-,-,04 Oct 2022,10 Oct 2022,-
540756,KAARYAFSL,Kaarya Facilities and Services Ltd,12 Oct 2022,Bonus issue 1:1,12 Oct 2022,-,-,06 Oct 2022,12 Oct 2022,-
513097,SBCL,Shivalik Bimetal Controls Ltd,12 Oct 2022,Bonus issue 1:2,13 Oct 2022,-,-,06 Oct 2022,12 Oct 2022,-
543234,SECMARK,SecMark Consultancy Ltd,12 Oct 2022,Bonus issue 3:2,12 Oct 2022,-,-,06 Oct 2022,12 Oct 2022,-
543324,GCSL,Gretex Corporate Services Ltd,13 Oct 2022,Bonus issue 8:1,13 Oct 2022,-,-,07 Oct 2022,13 Oct 2022,-
540252,VSL,Veeram Securities Ltd,14 Oct 2022,Bonus issue 1:2,15 Oct 2022,-,-,11 Oct 2022,14 Oct 2022,-
541338,UHZAVERI,U. H. Zaveri Ltd,19 Oct 2022,Bonus issue 2:3,19 Oct 2022,-,-,13 Oct 2022,19 Oct 2022,-
543236,ATAM,Atam Valves Ltd,21 Oct 2022,Bonus issue 1:1,24 Oct 2022,-,-,18 Oct 2022,24 Oct 2022,-
540175,REGENCY,Regency Fincorp Ltd,21 Oct 2022,Bonus issue 1:1,21 Oct 2022,-,-,17 Oct 2022,20 Oct 2022,-
512099,EY,Eyantra Ventures Ltd,09 Nov 2022,Bonus issue 5:1,09 Nov 2022,-,-,02 Nov 2022,09 Nov 2022,-
543384,NYKAA,FSN E-Commerce Ventures Ltd,10 Nov 2022,Bonus issue 5:1,11 Nov 2022,-,-,03 Nov 2022,10 Nov 2022,-
533761,GPTINFRA,GPT Infraprojects Ltd,11 Nov 2022,Bonus issue 1:1,12 Nov 2022,-,-,11 Nov 2022,11 Nov 2022,-
543539,MODIS,Modis Navnirman Ltd,15 Nov 2022,Bonus issue 3:1,15 Nov 2022,-,-,15 Nov 2022,15 Nov 2022,-
543498,MSUMI,Motherson Sumi Wiring India Ltd,16 Nov 2022,Bonus issue 2:5,17 Nov 2022,-,-,10 Nov 2022,16 Nov 2022,-
543272,EASEMYTRIP,Easy Trip Planners Ltd,21 Nov 2022,Bonus issue 3:1,22 Nov 2022,-,-,15 Nov 2022,21 Nov 2022,-
539986,COMSYN,Commercial Syn Bags Ltd,25 Nov 2022,Bonus issue 2:1,25 Nov 2022,-,-,21 Nov 2022,25 Nov 2022,-
500265,MAHSEAMLES,Maharashtra Seamless Ltd,25 Nov 2022,Bonus issue 1:1,28 Nov 2022,-,-,22 Nov 2022,25 Nov 2022,-
503657,VEERENRGY,Veer Energy & Infrastructure Ltd,25 Nov 2022,Bonus issue 3:10,25 Nov 2022,-,-,21 Nov 2022,25 Nov 2022,-
540615,7NR,7NR Retail Ltd,28 Nov 2022,Bonus issue 1:5,28 Nov 2022,-,-,22 Nov 2022,28 Nov 2022,-
542924,JANUSCORP,Janus Corporation Ltd,28 Nov 2022,Bonus issue 4:3,28 Nov 2022,-,-,22 Nov 2022,28 Nov 2022,-
543305,NAVODAYENT,Navoday Enterprises Ltd,29 Nov 2022,Bonus issue 1:1,29 Nov 2022,-,-,23 Nov 2022,29 Nov 2022,-
540073,BLS,BLS International Services Ltd,08 Dec 2022,Bonus issue 1:1,10 Dec 2022,-,-,05 Dec 2022,08 Dec 2022,-
539277,ALSTONE,Alstone Textiles (India) Ltd,14 Dec 2022,Bonus issue 9:1,14 Dec 2022,-,-,08 Dec 2022,14 Dec 2022,-
540403,CLEDUCATE,CL Educate Ltd,16 Dec 2022,Bonus issue 1:1,16 Dec 2022,-,-,12 Dec 2022,16 Dec 2022,-
542351,GLOSTERLTD,Gloster Ltd,16 Dec 2022,Bonus issue 1:1,17 Dec 2022,-,-,13 Dec 2022,16 Dec 2022,-
539017,STARHFL,Star Housing Finance Ltd,16 Dec 2022,Bonus issue 1:1,16 Dec 2022,-,-,12 Dec 2022,16 Dec 2022,-
531930,SARTHAKIND,Sarthak Industries Ltd,20 Dec 2022,Bonus issue 1:3,20 Dec 2022,-,-,14 Dec 2022,20 Dec 2022,-
540203,SFL,Sheela Foam Ltd,21 Dec 2022,Bonus issue 1:1,22 Dec 2022,-,-,15 Dec 2022,21 Dec 2022,-
523539,PRECWIRE,Precision Wires India Ltd,22 Dec 2022,Bonus issue 1:2,22 Dec 2022,-,-,16 Dec 2022,22 Dec 2022,-
541400,ZIMLAB,Zim Laboratories Ltd,22 Dec 2022,Bonus issue 2:1,22 Dec 2022,-,-,16 Dec 2022,22 Dec 2022,-
543230,ADVAIT,Advait Energy Transitions Ltd,28 Dec 2022,Bonus issue 1:1,28 Dec 2022,-,-,22 Dec 2022,28 Dec 2022,-
538668,MIIL,Meghna Infracon Infrastructure Ltd,30 Dec 2022,Bonus issue 15:10,31 Dec 2022,-,-,27 Dec 2022,30 Dec 2022,-
543239,GMPL,G M Polyplast Ltd,04 Jan 2023,Bonus issue 6:1,04 Jan 2023,-,-,29 Dec 2022,04 Jan 2023,-
543625,SECURCRED,SecUR Credentials Ltd,04 Jan 2023,Bonus issue 3:1,04 Jan 2023,-,-,29 Dec 2022,04 Jan 2023,-
540266,GLCL,Globe Commercials Ltd,06 Jan 2023,Bonus issue 1:1,07 Jan 2023,-,-,03 Jan 2023,06 Jan 2023,-
539309,RAMASTEEL,Rama Steel Tubes Ltd,06 Jan 2023,Bonus issue 4:1,06 Jan 2023,-,-,02 Jan 2023,06 Jan 2023,-
542323,KPIGREEN,KPI Green Energy Ltd,18 Jan 2023,Bonus issue 1:1,18 Jan 2023,-,-,12 Jan 2023,18 Jan 2023,-
542668,EVANS,Evans Electric Ltd,10 Feb 2023,Bonus issue 1:1,10 Feb 2023,-,-,06 Feb 2023,10 Feb 2023,-
543670,VINNY,Vinny Overseas Ltd,24 Feb 2023,Bonus issue 13:10,24 Feb 2023,-,-,20 Feb 2023,24 Feb 2023,-
543544,JAYANT,Jayant Infratech Ltd,01 Mar 2023,Bonus issue 2:1,01 Mar 2023,-,-,27 Feb 2023,01 Mar 2023,-
542772,360ONE,360 ONE WAM LTD,02 Mar 2023,Bonus issue 1:1,02 Mar 2023,-,-,24 Feb 2023,02 Mar 2023,-
538817,CAPPIPES,Captain Pipes Ltd,03 Mar 2023,Bonus issue 2:1,03 Mar 2023,-,-,27 Feb 2023,03 Mar 2023,-
543590,RHETAN,Rhetan TMT Ltd,10 Mar 2023,Bonus issue 11:4,10 Mar 2023,-,-,03 Mar 2023,10 Mar 2023,-
532830,ASTRAL,Astral Ltd,14 Mar 2023,Bonus issue 1:3,14 Mar 2023,-,-,08 Mar 2023,14 Mar 2023,-
538891,MCLOUD,Magellanic Cloud Ltd,21 Mar 2023,Bonus issue 3:1,22 Mar 2023,-,-,16 Mar 2023,22 Mar 2023,-
539222,GROWINGTON,Growington Ventures India Ltd,24 Mar 2023,Bonus issue 24:100,25 Mar 2023,-,-,20 Mar 2023,24 Mar 2023,-
530263,GLOBALCA,Global Capital Markets Ltd,20 Apr 2023,Bonus issue 6:10,20 Apr 2023,-,-,13 Apr 2023,20 Apr 2023,-
540377,IFL,IFL Enterprises Ltd,21 Apr 2023,Bonus issue 1:4,21 Apr 2023,-,-,17 Apr 2023,21 Apr 2023,-
538794,JETSOLAR,Jet Solar Ltd,21 Apr 2023,Bonus issue 1:1,21 Apr 2023,-,-,17 Apr 2023,21 Apr 2023,-
511658,NETTLINX,Nettlinx Ltd,24 Apr 2023,Bonus issue 1:1,24 Apr 2023,-,-,18 Apr 2023,24 Apr 2023,-
543499,ACHYUT,Achyut Healthcare Ltd,25 Apr 2023,Bonus issue 1:2,25 Apr 2023,-,-,19 Apr 2023,25 Apr 2023,-
540079,SPRAYKING,Sprayking Ltd,28 Apr 2023,Bonus issue 2:3,30 Apr 2023,-,-,25 Apr 2023,28 Apr 2023,-
540914,SRUSTEELS,SRU Steels Ltd,03 May 2023,Bonus issue 1:2,03 May 2023,-,-,27 Apr 2023,03 May 2023,-
543686,SIRCA,Sirca Paints India Ltd,11 May 2023,Bonus issue 1:1,11 May 2023,-,-,04 May 2023,11 May 2023,-
540953,KENVI,Kenvi Jewels Ltd,19 May 2023,Bonus issue 1:4,19 May 2023,-,-,18 May 2023,19 May 2023,-
543545,VEERKRUPA,Veerkrupa Jewellers Ltd,19 May 2023,Bonus issue 2:3,19 May 2023,-,-,15 May 2023,19 May 2023,-
534392,VSSL,Vardhman Special Steels Ltd,26 May 2023,Bonus issue 1:1,26 May 2023,-,-,24 May 2023,26 May 2023,-
543287,LODHA,Macrotech Developers Ltd,31 May 2023,Bonus issue 1:1,31 May 2023,-,-,25 May 2023,31 May 2023,-
541276,HARDWYN,Hardwyn India Ltd,05 Jun 2023,Bonus issue 1:3,05 Jun 2023,-,-,30 May 2023,05 Jun 2023,-
512247,ASHCAP,Ashirwad Capital Ltd,19 Jun 2023,Bonus issue 1:2,19 Jun 2023,-,-,13 Jun 2023,19 Jun 2023,-
500067,BLUESTARCO,Blue Star Ltd,20 Jun 2023,Bonus issue 1:1,20 Jun 2023,-,-,14 Jun 2023,20 Jun 2023,-
532457,GULPOLY,Gulshan Polyols Ltd,21 Jun 2023,Bonus issue 1:5,21 Jun 2023,-,-,15 Jun 2023,21 Jun 2023,-
542726,INDIAMART,IndiaMART InterMESH Ltd,21 Jun 2023,Bonus issue 1:1,21 Jun 2023,-,-,15 Jun 2023,21 Jun 2023,-
543547,DDEVPLSTIK,Ddev Plastiks Industries Ltd,30 Jun 2023,Bonus issue 1:10,30 Jun 2023,-,-,23 Jun 2023,30 Jun 2023,-
500165,KANSAINER,Kansai Nerolac Paints Ltd,04 Jul 2023,Bonus issue 1:2,04 Jul 2023,-,-,27 Jun 2023,04 Jul 2023,-
500052,BEPL,Bhansali Engineering Polymers Ltd-$,05 Jul 2023,Bonus issue 1:2,05 Jul 2023,-,-,28 Jun 2023,05 Jul 2023,-
506642,SADHNANIQ,Sadhana Nitro Chem Ltd,05 Jul 2023,Bonus issue 2:9,05 Jul 2023,-,-,04 Jul 2023,05 Jul 2023,-
542774,MUFIN,Mufin Green Finance Ltd,07 Jul 2023,Bonus issue 2:1,07 Jul 2023,-,-,03 Jul 2023,07 Jul 2023,-
517500,ROTO,Roto Pumps Ltd,07 Jul 2023,Bonus issue 1:1,08 Jul 2023,-,-,04 Jul 2023,07 Jul 2023,-
505685,TAPARIA,Taparia Tools Ltd,11 Jul 2023,Bonus issue 4:1,11 Jul 2023,-,-,06 Jul 2023,11 Jul 2023,-
532475,APTECHT,Aptech Ltd,14 Jul 2023,Bonus issue 2:5,14 Jul 2023,-,-,10 Jul 2023,14 Jul 2023,-
533158,THANGAMAYL,Thangamayil Jewellery Ltd,17 Jul 2023,Bonus issue 1:1,17 Jul 2023,-,-,12 Jul 2023,17 Jul 2023,-
542437,ANMOL,Anmol India Ltd,18 Jul 2023,Bonus issue 4:1,18 Jul 2023,-,-,12 Jul 2023,18 Jul 2023,-
540360,LLFICL,Leading Leasing Finance And Investment Company Ltd,20 Jul 2023,Bonus issue 1:1,20 Jul 2023,-,-,14 Jul 2023,20 Jul 2023,-
543214,NDRAUTO,NDR Auto Components Ltd,24 Jul 2023,Bonus issue 1:1,24 Jul 2023,-,-,18 Jul 2023,24 Jul 2023,-
542654,VRFILMS,V R Films & Studios Ltd,26 Jul 2023,Bonus issue 7:1,26 Jul 2023,-,-,20 Jul 2023,26 Jul 2023,-
532906,MAANALU,Maan Aluminium Ltd,27 Jul 2023,Bonus issue 1:1,27 Jul 2023,-,-,21 Jul 2023,27 Jul 2023,-
539561,REMLIFE,Remedium Lifecare Ltd,28 Jul 2023,Bonus issue 9:5,29 Jul 2023,-,-,25 Jul 2023,28 Jul 2023,-
540693,SHISHIND,Shish Industries Ltd,28 Jul 2023,Bonus issue 2:1,28 Jul 2023,-,-,26 Jul 2023,28 Jul 2023,-
543747,KAMOPAINTS,Kamdhenu Ventures Ltd,01 Aug 2023,Bonus issue 1:1,01 Aug 2023,-,-,26 Jul 2023,01 Aug 2023,-
539843,NINSYS,NINtec Systems Ltd,03 Aug 2023,Bonus issue 4:5,03 Aug 2023,-,-,28 Jul 2023,03 Aug 2023,-
539837,RPEL,Raghav Productivity Enhancers Ltd,08 Aug 2023,Bonus issue 1:1,08 Aug 2023,-,-,02 Aug 2023,08 Aug 2023,-
509048,LANCORHOL,Lancor Holdings Ltd,18 Aug 2023,Bonus issue 1:2,18 Aug 2023,-,-,10 Aug 2023,18 Aug 2023,-
543241,VGIL,Veer Global Infraconstruction Ltd,22 Aug 2023,Bonus issue 1:1,22 Aug 2023,-,-,14 Aug 2023,22 Aug 2023,-
543312,FOCUS,Focus Business Solution Ltd,23 Aug 2023,Bonus issue 4:5,23 Aug 2023,-,-,17 Aug 2023,23 Aug 2023,-
541304,INDOUS,Indo Us Bio-Tech Ltd,29 Aug 2023,Bonus issue 1:1,29 Aug 2023,-,-,23 Aug 2023,29 Aug 2023,-
540124,GNA,G N A Axles Ltd,01 Sep 2023,Bonus issue 1:1,02 Sep 2023,-,-,29 Aug 2023,01 Sep 2023,-
541735,VIVANTA,Vivanta Industries Ltd,05 Sep 2023,Bonus issue 1:4,05 Sep 2023,-,-,30 Aug 2023,05 Sep 2023,-
531201,SHILCTECH,Shilchar Technologies Ltd,06 Sep 2023,Bonus issue 1:1,06 Sep 2023,-,-,01 Sep 2023,06 Sep 2023,-
534600,JTLIND,JTL Industries Ltd,07 Sep 2023,Bonus issue 1:1,07 Sep 2023,-,-,01 Sep 2023,07 Sep 2023,-
543515,SEML,Sunrise Efficient Marketing Ltd,08 Sep 2023,Bonus issue 1:1,09 Sep 2023,-,-,05 Sep 2023,08 Sep 2023,-
532898,POWERGRID,Power Grid Corporation of India Ltd,12 Sep 2023,Bonus issue 1:3,12 Sep 2023,-,-,06 Sep 2023,12 Sep 2023,-
543688,SARVESHWAR,Sarveshwar Foods Ltd,15 Sep 2023,Bonus issue 2:1,15 Sep 2023,-,-,11 Sep 2023,15 Sep 2023,-
530475,TINNARUBR,Tinna Rubber and Infrastructure Ltd,15 Sep 2023,Bonus issue 1:1,16 Sep 2023,-,-,12 Sep 2023,15 Sep 2023,-
540361,DANUBE,Danube Industries Ltd,20 Sep 2023,Bonus issue 1:1,20 Sep 2023,-,-,20 Sep 2023,20 Sep 2023,-
532810,PFC,Power Finance Corporation Ltd,21 Sep 2023,Bonus issue 1:4,21 Sep 2023,-,-,15 Sep 2023,21 Sep 2023,-
509480,BERGEPAINT,Berger Paints India Ltd,22 Sep 2023,Bonus issue 1:5,23 Sep 2023,-,-,20 Sep 2023,22 Sep 2023,-
539841,LANCER,Lancer Container Lines Ltd,22 Sep 2023,Bonus issue 2:1,23 Sep 2023,-,-,18 Sep 2023,22 Sep 2023,-
511523,VEERHEALTH,Veerhealth Care Ltd,22 Sep 2023,Bonus issue 1:1,22 Sep 2023,-,-,20 Sep 2023,22 Sep 2023,-
540550,YUG,Yug Decor Ltd,05 Oct 2023,Bonus issue 15:100,05 Oct 2023,-,-,27 Sep 2023,05 Oct 2023,-
542446,JONJUA,Jonjua Overseas Ltd,10 Oct 2023,Bonus issue 9:50,10 Oct 2023,-,-,04 Oct 2023,10 Oct 2023,-
521048,ADVLIFE,Advance Lifestyles Ltd,13 Oct 2023,Bonus issue 1:1,13 Oct 2023,-,-,09 Oct 2023,13 Oct 2023,-
543262,MRP,MRP Agro Ltd,13 Oct 2023,Bonus issue 2:1,13 Oct 2023,-,-,09 Oct 2023,13 Oct 2023,-
540358,RMC,RMC Switchgears Ltd,13 Oct 2023,Bonus issue 1:2,13 Oct 2023,-,-,09 Oct 2023,13 Oct 2023,-
542851,GENSOL,Gensol Engineering Ltd,17 Oct 2023,Bonus issue 2:1,17 Oct 2023,-,-,11 Oct 2023,17 Oct 2023,-
532468,KAMAHOLD,Kama Holdings Ltd-$,17 Oct 2023,Bonus issue 4:1,17 Oct 2023,-,-,11 Oct 2023,17 Oct 2023,-
539226,RUDRA,Rudra Global Infra Products Ltd,18 Oct 2023,Bonus issue 1:1,18 Oct 2023,-,-,12 Oct 2023,18 Oct 2023,-
543464,SPITZE,Maruti Interior Products Ltd,27 Oct 2023,Bonus issue 1:1,27 Oct 2023,-,-,23 Oct 2023,27 Oct 2023,-
543373,SVRL,Shri Venkatesh Refineries Ltd,27 Oct 2023,Bonus issue 1:1,28 Oct 2023,-,-,23 Oct 2023,27 Oct 2023,-
543962,DPWIRES,D.P. Wires Ltd,08 Nov 2023,Bonus issue 1:7,08 Nov 2023,-,-,02 Nov 2023,08 Nov 2023,-
543578,OLATECH,Olatech Solutions Ltd,20 Nov 2023,Bonus issue 17:20,20 Nov 2023,-,-,13 Nov 2023,20 Nov 2023,-
532406,AVANTEL,Avantel Ltd,24 Nov 2023,Bonus issue 2:1,24 Nov 2023,-,-,20 Nov 2023,24 Nov 2023,-
543937,ALPHAIND,Alphalogic Industries Ltd,01 Dec 2023,Bonus issue 1:1,01 Dec 2023,-,-,24 Nov 2023,01 Dec 2023,-
532011,POOJAENT,Vashu Bhagnani Industries Ltd,08 Dec 2023,Bonus issue 6:1,09 Dec 2023,-,-,05 Dec 2023,08 Dec 2023,-
543516,DHYAANITR,Dhyaani Tradeventtures Ltd,12 Dec 2023,Bonus issue 9:5,12 Dec 2023,-,-,07 Dec 2023,12 Dec 2023,-
523025,SAFARI,Safari Industries India Ltd,12 Dec 2023,Bonus issue 1:1,12 Dec 2023,-,-,06 Dec 2023,12 Dec 2023,-
532221,SONATSOFTW,Sonata Software Ltd,12 Dec 2023,Bonus issue 1:1,12 Dec 2023,-,-,06 Dec 2023,12 Dec 2023,-
540377,IFL,IFL Enterprises Ltd,18 Dec 2023,Bonus issue 1:10,18 Dec 2023,-,-,12 Dec 2023,18 Dec 2023,-
539113,PML,Paul Merchants Ltd,19 Dec 2023,Bonus issue 2:1,19 Dec 2023,-,-,13 Dec 2023,19 Dec 2023,-
542770,ALPHALOGIC,Alphalogic Techsys Ltd,22 Dec 2023,Bonus issue 1:3,22 Dec 2023,-,-,18 Dec 2023,22 Dec 2023,-
542285,AXITA,Axita Cotton Ltd,22 Dec 2023,Bonus issue 1:3,25 Dec 2023,-,-,19 Dec 2023,22 Dec 2023,-
511700,STANCAP,Standard Capital Markets Ltd,29 Dec 2023,Bonus issue 2:1,29 Dec 2023,-,-,-,29 Dec 2023,-
532749,ALLCARGO,Allcargo Logistics Ltd,02 Jan 2024,Bonus issue 3:1,02 Jan 2024,-,-,27 Dec 2023,02 Jan 2024,-
512153,MLINDLTD,M Lakhamsi Industries Ltd,05 Jan 2024,Bonus issue 1:50,06 Jan 2024,-,-,02 Jan 2024,05 Jan 2024,-
535958,ESSENTIA,Integra Essentia Ltd,11 Jan 2024,Bonus issue 1:1,11 Jan 2024,-,-,05 Jan 2024,11 Jan 2024,-
540900,NEWGEN,Newgen Software Technologies Ltd,12 Jan 2024,Bonus issue 1:1,12 Jan 2024,-,-,08 Jan 2024,12 Jan 2024,-
538890,MKEXIM,M.K. Exim (India) Ltd,17 Jan 2024,Bonus issue 1:2,17 Jan 2024,-,-,11 Jan 2024,17 Jan 2024,-
542725,SBC,SBC Exports Ltd,19 Jan 2024,Bonus issue 1:2,19 Jan 2024,-,-,15 Jan 2024,18 Jan 2024,-
523023,SINCLAIR,Sinclairs Hotels Ltd-$,29 Jan 2024,Bonus issue 1:1,29 Jan 2024,-,-,-,29 Jan 2024,-
506184,KANANIIND,Kanani Industries Ltd,30 Jan 2024,Bonus issue 1:1,30 Jan 2024,-,-,23 Jan 2024,30 Jan 2024,-
540642,SALASAR,Salasar Techno Engineering Ltd,01 Feb 2024,Bonus issue 4:1,01 Feb 2024,-,-,25 Jan 2024,01 Feb 2024,-
504918,SANDUMA,Sandur Manganese & Iron Ores Ltd,02 Feb 2024,Bonus issue 5:1,02 Feb 2024,-,-,29 Jan 2024,02 Feb 2024,-
543624,MAAGHADV,Maagh Advertising and Marketing Services Ltd,05 Feb 2024,Bonus issue 1:4,05 Feb 2024,-,-,30 Jan 2024,05 Feb 2024,-
540738,STL,Shreeji Translogistics Ltd,08 Feb 2024,Bonus issue 1:3,08 Feb 2024,-,-,02 Feb 2024,08 Feb 2024,-
506134,GOURMET,Gourmet Gateway India Ltd,12 Feb 2024,Bonus issue 2:1,12 Feb 2024,-,-,06 Feb 2024,12 Feb 2024,-
539686,KPEL,K.P. Energy Ltd,12 Feb 2024,Bonus issue 2:1,12 Feb 2024,-,-,07 Feb 2024,12 Feb 2024,-
541303,AKSHAR,Akshar Spintex Ltd,15 Feb 2024,Bonus issue 1:5,15 Feb 2024,-,-,09 Feb 2024,15 Feb 2024,-
542323,KPIGREEN,KPI Green Energy Ltd,15 Feb 2024,Bonus issue 1:2,15 Feb 2024,-,-,13 Feb 2024,15 Feb 2024,-
531358,CHOICEIN,Choice International Ltd,20 Feb 2024,Bonus issue 1:1,20 Feb 2024,-,-,14 Feb 2024,20 Feb 2024,-
543746,LOGICA,Logica Infoway Ltd,21 Feb 2024,Bonus issue 5:1,21 Feb 2024,-,-,14 Feb 2024,21 Feb 2024,-
540749,MASFIN,MAS Financial Services Ltd,22 Feb 2024,Bonus issue 2:1,22 Feb 2024,-,-,19 Feb 2024,22 Feb 2024,-
512329,SGMART,SG Mart Ltd,22 Feb 2024,Bonus issue 1:1,22 Feb 2024,-,-,15 Feb 2024,22 Feb 2024,-
543268,DRCSYSTEMS,DRC Systems India Ltd,27 Feb 2024,Bonus issue 2:1,27 Feb 2024,-,-,21 Feb 2024,27 Feb 2024,-
532768,FIEMIND,Fiem Industries Ltd,28 Feb 2024,Bonus issue 1:1,28 Feb 2024,-,-,22 Feb 2024,28 Feb 2024,-
531595,CGCL,Capri Global Capital Ltd,05 Mar 2024,Bonus issue 1:1,05 Mar 2024,-,-,28 Feb 2024,05 Mar 2024,-
539574,SCL,Sunshine Capital Ltd,07 Mar 2024,Bonus issue 7:1,08 Mar 2024,-,-,05 Mar 2024,07 Mar 2024,-
524226,GAEL,Gujarat Ambuja Exports Ltd,15 Mar 2024,Bonus issue 1:1,16 Mar 2024,-,-,12 Mar 2024,15 Mar 2024,-
543919,MKPL,M. K. Proteins Ltd,15 Mar 2024,Bonus issue 2:1,15 Mar 2024,-,-,11 Mar 2024,15 Mar 2024,-
531205,SPRIGHT,Spright Agro Ltd,18 Mar 2024,Bonus issue 1:1,18 Mar 2024,-,-,12 Mar 2024,18 Mar 2024,-
542866,COLAB,Colab Platforms Ltd,19 Mar 2024,Bonus issue 1:1,19 Mar 2024,-,-,13 Mar 2024,19 Mar 2024,-
543542,KESAR,Kesar India Ltd,19 Mar 2024,Bonus issue 6:1,19 Mar 2024,-,-,13 Mar 2024,19 Mar 2024,-
539309,RAMASTEEL,Rama Steel Tubes Ltd,19 Mar 2024,Bonus issue 2:1,19 Mar 2024,-,-,13 Mar 2024,19 Mar 2024,-
523269,ADVANIHOTR,Advani Hotels & Resorts (India) Ltd,20 Mar 2024,Bonus issue 1:1,20 Mar 2024,-,-,15 Mar 2024,20 Mar 2024,-
532900,PAISALO,Paisalo Digital Ltd,20 Mar 2024,Bonus issue 1:1,20 Mar 2024,-,-,14 Mar 2024,20 Mar 2024,-
540952,LAL,Lorenzini Apparels Ltd,28 Mar 2024,Bonus issue 6:11,28 Mar 2024,-,-,27 Mar 2024,27 Mar 2024,-
543515,SEML,Sunrise Efficient Marketing Ltd,03 Apr 2024,Bonus issue 1:2,03 Apr 2024,-,-,03 Apr 2024,03 Apr 2024,-
530843,CUPID,Cupid Ltd-$,04 Apr 2024,Bonus issue 1:1,04 Apr 2024,-,-,04 Apr 2024,04 Apr 2024,-
543375,PROMAX,Promax Power Ltd,08 Apr 2024,Bonus issue 1:1,09 Apr 2024,-,-,09 Apr 2024,09 Apr 2024,-
505710,GRAUWEIL,Grauer & Weil India Ltd-$,10 Apr 2024,Bonus issue 1:1,10 Apr 2024,-,-,10 Apr 2024,10 Apr 2024,-
531889,IIL,Integrated Industries Ltd,16 Apr 2024,Bonus issue 1:1,16 Apr 2024,-,-,16 Apr 2024,16 Apr 2024,-
543351,NBL,Naapbooks Ltd,19 Apr 2024,Bonus issue 2:1,19 Apr 2024,-,-,19 Apr 2024,19 Apr 2024,-
524632,SHUKRAPHAR,Shukra Pharmaceuticals Ltd,19 Apr 2024,Bonus issue 3:1,20 Apr 2024,-,-,19 Apr 2024,19 Apr 2024,-
542460,ANUP,The Anup Engineering Ltd,23 Apr 2024,Bonus issue 1:1,23 Apr 2024,-,-,23 Apr 2024,23 Apr 2024,-
512103,NIDHGRN,Nidhi Granites Ltd,02 May 2024,Bonus issue 1:1,02 May 2024,-,-,02 May 2024,02 May 2024,-
521005,TITANIN,Titan Intech Ltd,17 May 2024,Bonus issue 3:5,17 May 2024,-,-,16 May 2024,16 May 2024,-
531959,NEWINFRA,Newtime Infrastructure Ltd,22 May 2024,Bonus issue 2:1,23 May 2024,-,-,23 May 2024,23 May 2024,-
507488,GMBREW,GM Breweries Ltd,24 May 2024,Bonus issue 1:4,25 May 2024,-,-,24 May 2024,24 May 2024,-
539083,INOXWIND,Inox Wind Ltd,24 May 2024,Bonus issue 3:1,25 May 2024,-,-,24 May 2024,24 May 2024,-
505232,VELJAN,Veljan Denison Ltd,29 May 2024,Bonus issue 1:1,29 May 2024,-,-,29 May 2024,29 May 2024,-
532892,MOTILALOFS,Motilal Oswal Financial Services Ltd,10 Jun 2024,Bonus issue 3:1,10 Jun 2024,-,-,10 Jun 2024,10 Jun 2024,-
500547,BPCL,Bharat Petroleum Corporation Ltd,21 Jun 2024,Bonus issue 1:1,22 Jun 2024,-,-,21 Jun 2024,21 Jun 2024,-
500104,HINDPETRO,Hindustan Petroleum Corporation Ltd,21 Jun 2024,Bonus issue 1:2,21 Jun 2024,-,-,21 Jun 2024,21 Jun 2024,-
536659,PVVINFRA,PVV Infra Ltd,21 Jun 2024,Bonus issue 1:5,21 Jun 2024,-,-,21 Jun 2024,21 Jun 2024,-
512247,ASHCAP,Ashirwad Capital Ltd,25 Jun 2024,Bonus issue 1:2,25 Jun 2024,-,-,25 Jun 2024,25 Jun 2024,-
532668,AURIONPRO,Aurionpro Solutions Ltd,27 Jun 2024,Bonus issue 1:1,27 Jun 2024,-,-,27 Jun 2024,27 Jun 2024,-
533106,OIL,Oil India Ltd,02 Jul 2024,Bonus issue 1:2,02 Jul 2024,-,-,02 Jul 2024,02 Jul 2024,-
533761,GPTINFRA,GPT Infraprojects Ltd,03 Jul 2024,Bonus issue 1:1,03 Jul 2024,-,-,03 Jul 2024,03 Jul 2024,-
504084,KAYCEEI,Kaycee Industries Ltd,05 Jul 2024,Bonus issue 4:1,06 Jul 2024,-,-,05 Jul 2024,05 Jul 2024,-
539561,REMLIFE,Remedium Lifecare Ltd,05 Jul 2024,Bonus issue 3:1,06 Jul 2024,-,-,05 Jul 2024,05 Jul 2024,-
543435,CLARA,Clara Industries Ltd,08 Jul 2024,Bonus issue 4:1,08 Jul 2024,-,-,08 Jul 2024,08 Jul 2024,-
534064,AIML,Alliance Integrated Metaliks Ltd,11 Jul 2024,Bonus issue 2:1,11 Jul 2024,-,-,11 Jul 2024,11 Jul 2024,-
542770,ALPHALOGIC,Alphalogic Techsys Ltd,12 Jul 2024,Bonus issue 14:48,13 Jul 2024,-,-,12 Jul 2024,12 Jul 2024,-
539098,FILTRA,Filtra Consultants and Engineers Ltd,12 Jul 2024,Bonus issue 1:3,13 Jul 2024,-,-,12 Jul 2024,12 Jul 2024,-
522241,MMFL,MM Forgings Ltd-$,16 Jul 2024,Bonus issue 1:1,16 Jul 2024,-,-,16 Jul 2024,16 Jul 2024,-
543538,GOEL,Goel Food Products Ltd,31 Jul 2024,Bonus issue 4:1,31 Jul 2024,-,-,31 Jul 2024,31 Jul 2024,-
522257,RAJOOENG,Rajoo Engineers Ltd-$,08 Aug 2024,Bonus issue 1:1,08 Aug 2024,-,-,08 Aug 2024,08 Aug 2024,-
542580,AARTECH,Aartech Solonics Ltd,09 Aug 2024,Bonus issue 1:2,09 Aug 2024,-,-,09 Aug 2024,09 Aug 2024,-
534732,CASPIAN,Caspian Corporate Services Ltd,09 Aug 2024,Bonus issue 2:1,09 Aug 2024,-,-,09 Aug 2024,09 Aug 2024,-
543193,DJML,DJ Mediaprint & Logistics Ltd,09 Aug 2024,Bonus issue 2:1,09 Aug 2024,-,-,09 Aug 2024,09 Aug 2024,-
506879,GUJTHEM,Gujarat Themis Biosyn Ltd,09 Aug 2024,Bonus issue 1:2,09 Aug 2024,-,-,09 Aug 2024,09 Aug 2024,-
531540,MAINFRA,Maruti Infrastructure Ltd,09 Aug 2024,Bonus issue 1:2,09 Aug 2024,-,-,09 Aug 2024,09 Aug 2024,-
532713,SAKUMA,Sakuma Exports Ltd,09 Aug 2024,Bonus issue 4:1,10 Aug 2024,-,-,09 Aug 2024,09 Aug 2024,-
509152,GRPLTD,GRP Ltd,12 Aug 2024,Bonus issue 3:1,12 Aug 2024,-,-,12 Aug 2024,12 Aug 2024,-
523127,EIHAHOTELS,EIH Associated Hotels Ltd-$,13 Aug 2024,Bonus issue 1:1,13 Aug 2024,-,-,13 Aug 2024,13 Aug 2024,-
507621,MLKFOOD,Milkfood Ltd,13 Aug 2024,Bonus issue 1:1,13 Aug 2024,-,-,13 Aug 2024,13 Aug 2024,-
536659,PVVINFRA,PVV Infra Ltd,20 Aug 2024,Bonus issue 1:1,20 Aug 2024,-,-,20 Aug 2024,20 Aug 2024,-
540079,SPRAYKING,Sprayking Ltd,21 Aug 2024,Bonus issue 1:1,21 Aug 2024,-,-,21 Aug 2024,21 Aug 2024,-
539216,GARMNTMNTR,Garment Mantra Lifestyle Ltd,03 Sep 2024,Bonus issue 1:1,03 Sep 2024,-,-,03 Sep 2024,03 Sep 2024,-
509966,VSTIND,VST Industries Ltd,06 Sep 2024,Bonus issue 10:1,06 Sep 2024,-,-,06 Sep 2024,06 Sep 2024,-
540190,FRANKLININD,Franklin Industries Ltd,09 Sep 2024,Bonus issue 1:1,09 Sep 2024,-,-,09 Sep 2024,09 Sep 2024,-
538838,ICL,Indo Cotspin Ltd,10 Sep 2024,Bonus issue 7:10,10 Sep 2024,-,-,10 Sep 2024,10 Sep 2024,-
543938,ACCELERATE,Acceleratebs India Ltd,12 Sep 2024,Bonus issue 3:5,12 Sep 2024,-,-,12 Sep 2024,12 Sep 2024,-
540061,BIGBLOC,Bigbloc Construction Ltd,12 Sep 2024,Bonus issue 1:1,12 Sep 2024,-,-,12 Sep 2024,12 Sep 2024,-
511551,MONARCH,Monarch Networth Capital Ltd,13 Sep 2024,Bonus issue 1:1,13 Sep 2024,-,-,12 Sep 2024,12 Sep 2024,-
590051,SAKSOFT,Saksoft Ltd,19 Sep 2024,Bonus issue 1:4,19 Sep 2024,-,-,19 Sep 2024,19 Sep 2024,-
542285,AXITA,Axita Cotton Ltd,20 Sep 2024,Bonus issue 1:3,20 Sep 2024,-,-,20 Sep 2024,20 Sep 2024,-
540377,IFL,IFL Enterprises Ltd,20 Sep 2024,Bonus issue 1:150,21 Sep 2024,-,-,20 Sep 2024,20 Sep 2024,-
517344,MINDTECK,Mindteck (India) Ltd,20 Sep 2024,Bonus issue 1:4,20 Sep 2024,-,-,20 Sep 2024,20 Sep 2024,-
503100,PHOENIXLTD,The Phoenix Mills Ltd,20 Sep 2024,Bonus issue 1:1,21 Sep 2024,-,-,20 Sep 2024,20 Sep 2024,-
541556,RITES,RITES Ltd,20 Sep 2024,Bonus issue 1:1,20 Sep 2024,-,-,20 Sep 2024,20 Sep 2024,-
533644,UEL,Ujaas Energy Ltd,20 Sep 2024,Bonus issue 1:4,20 Sep 2024,-,-,20 Sep 2024,20 Sep 2024,-
543214,NDRAUTO,NDR Auto Components Ltd,25 Sep 2024,Bonus issue 1:1,25 Sep 2024,-,-,25 Sep 2024,25 Sep 2024,-
540492,STARLENT,Starlineps Enterprises Ltd,25 Sep 2024,Bonus issue 1:5,25 Sep 2024,-,-,25 Sep 2024,25 Sep 2024,-
512591,PULSRIN,Pulsar International Ltd,27 Sep 2024,Bonus issue 1:10,28 Sep 2024,-,-,27 Sep 2024,27 Sep 2024,-
512213,CLASELE,Classic Electricals Ltd,04 Oct 2024,Bonus issue 5:1,04 Oct 2024,-,-,04 Oct 2024,04 Oct 2024,-
507952,SHIKHARLETR,Shikhar Leasing & Trading Ltd,04 Oct 2024,Bonus issue 3:1,04 Oct 2024,-,-,04 Oct 2024,04 Oct 2024,-
534309,NBCC,NBCC (India) Ltd,07 Oct 2024,Bonus issue 1:2,07 Oct 2024,-,-,07 Oct 2024,07 Oct 2024,-
539302,POWERMECH,Power Mech Projects Ltd,08 Oct 2024,Bonus issue 1:1,08 Oct 2024,-,-,08 Oct 2024,08 Oct 2024,-
539522,GROVY,Grovy India Ltd,23 Oct 2024,Bonus issue 3:1,23 Oct 2024,-,-,23 Oct 2024,23 Oct 2024,-
500325,RELIANCE,Reliance Industries Ltd,28 Oct 2024,Bonus issue 1:1,28 Oct 2024,-,-,28 Oct 2024,28 Oct 2024,-
538875,SELLWIN,Sellwin Traders Ltd,31 Oct 2024,Bonus issue 1:8,01 Nov 2024,-,-,01 Nov 2024,01 Nov 2024,-
523105,CROPSTER,Cropster Agro Ltd,08 Nov 2024,Bonus issue 2:1,08 Nov 2024,-,-,08 Nov 2024,08 Nov 2024,-
507944,BAJAJST,Bajaj Steel Industries Ltd,12 Nov 2024,Bonus issue 3:1,12 Nov 2024,-,-,12 Nov 2024,12 Nov 2024,-
538451,WORTH,Worth Investment & Trading Co Ltd,14 Nov 2024,Bonus issue 3:2,14 Nov 2024,-,-,14 Nov 2024,14 Nov 2024,-
531431,SHAKTIPUMP,Shakti Pumps India Ltd-$,25 Nov 2024,Bonus issue 5:1,25 Nov 2024,-,-,25 Nov 2024,25 Nov 2024,-
543272,EASEMYTRIP,Easy Trip Planners Ltd,29 Nov 2024,Bonus issue 1:1,29 Nov 2024,-,-,29 Nov 2024,29 Nov 2024,-
539837,RPEL,Raghav Productivity Enhancers Ltd,29 Nov 2024,Bonus issue 1:1,29 Nov 2024,-,-,29 Nov 2024,29 Nov 2024,-
531205,SPRIGHT,Spright Agro Ltd,29 Nov 2024,Bonus issue 1:1,29 Nov 2024,-,-,29 Nov 2024,29 Nov 2024,-
522257,RAJOOENG,Rajoo Engineers Ltd-$,02 Dec 2024,Bonus issue 1:3,02 Dec 2024,-,-,02 Dec 2024,02 Dec 2024,-
507685,WIPRO,Wipro Ltd,03 Dec 2024,Bonus issue 1:1,03 Dec 2024,-,-,03 Dec 2024,03 Dec 2024,-
539091,CITL,Consecutive Investment & Trading Company Ltd,06 Dec 2024,Bonus issue 1:1,06 Dec 2024,-,-,06 Dec 2024,06 Dec 2024,-
543499,ACHYUT,Achyut Healthcare Ltd,10 Dec 2024,Bonus issue 4:10,10 Dec 2024,-,-,10 Dec 2024,10 Dec 2024,-
541967,SKYGOLD,Sky Gold Ltd,16 Dec 2024,Bonus issue 9:1,16 Dec 2024,-,-,16 Dec 2024,16 Dec 2024,-
543285,RCAN,Rajeshwari Cans Ltd,19 Dec 2024,Bonus issue 1:1,19 Dec 2024,-,-,19 Dec 2024,19 Dec 2024,-
523229,BHARATSE,Bharat Seats Ltd-$,20 Dec 2024,Bonus issue 1:1,20 Dec 2024,-,-,20 Dec 2024,20 Dec 2024,-
531241,LINC,Linc Ltd-$,20 Dec 2024,Bonus issue 1:1,20 Dec 2024,-,-,20 Dec 2024,20 Dec 2024,-
539528,AAYUSH,Aayush Wellness Ltd,26 Dec 2024,Bonus issue 1:2,26 Dec 2024,-,-,26 Dec 2024,26 Dec 2024,-
542668,EVANS,Evans Electric Ltd,26 Dec 2024,Bonus issue 1:1,26 Dec 2024,-,-,26 Dec 2024,26 Dec 2024,-
541276,HARDWYN,Hardwyn India Ltd,27 Dec 2024,Bonus issue 2:5,27 Dec 2024,-,-,27 Dec 2024,27 Dec 2024,-
526371,NMDC,NMDC Ltd,27 Dec 2024,Bonus issue 2:1,27 Dec 2024,-,-,27 Dec 2024,27 Dec 2024,-
500039,BANCOINDIA,Banco Products (India) Ltd-$,30 Dec 2024,Bonus issue 1:1,30 Dec 2024,-,-,30 Dec 2024,30 Dec 2024,-
500336,SURYAROSNI,Surya Roshni Ltd,01 Jan 2025,Bonus issue 1:1,01 Jan 2025,-,-,01 Jan 2025,01 Jan 2025,-
531119,CEENIK,Ceenik Exports India Ltd,03 Jan 2025,Bonus issue 1:5,03 Jan 2025,-,-,03 Jan 2025,03 Jan 2025,-
509557,GARFIBRES,Garware Technical Fibres Ltd,03 Jan 2025,Bonus issue 4:1,03 Jan 2025,-,-,03 Jan 2025,03 Jan 2025,-
542323,KPIGREEN,KPI Green Energy Ltd,03 Jan 2025,Bonus issue 1:2,03 Jan 2025,-,-,03 Jan 2025,03 Jan 2025,-
505725,AQFINTECH,Algoquant Fintech Ltd,08 Jan 2025,Bonus issue 1:2,08 Jan 2025,-,-,08 Jan 2025,08 Jan 2025,-
531395,PADAMCO,Padam Cotton Yarns Ltd,08 Jan 2025,Bonus issue 1:1,08 Jan 2025,-,-,08 Jan 2025,08 Jan 2025,-
521248,KITEX,Kitex Garments Ltd,17 Jan 2025,Bonus issue 2:1,17 Jan 2025,-,-,17 Jan 2025,17 Jan 2025,-
539519,SATTVASUKU,Sattva Sukun Lifecare Ltd,17 Jan 2025,Bonus issue 3:5,17 Jan 2025,-,-,17 Jan 2025,17 Jan 2025,-
523019,BNRSEC,BN Rathi Securities Ltd,24 Jan 2025,Bonus issue 1:1,24 Jan 2025,-,-,24 Jan 2025,24 Jan 2025,-
531771,SHRADDHA,Shraddha Prime Projects Ltd,27 Jan 2025,Bonus issue 1:1,27 Jan 2025,-,-,27 Jan 2025,27 Jan 2025,-
543656,TECHNOPACK,Technopack Polymers Ltd,29 Jan 2025,Bonus issue 1:1,29 Jan 2025,-,-,29 Jan 2025,29 Jan 2025,-
532514,IGL,Indraprastha Gas Ltd,31 Jan 2025,Bonus issue 1:1,31 Jan 2025,-,-,31 Jan 2025,31 Jan 2025,-
