Security Code,Security Name,Company Name,Ex Date,Purpose,Record Date,BC Start Date, BC End Date	,ND Start Date,ND End Date,Actual Payment Date
531515,MAHANIN,Mahan Industries Ltd,15 Jan 2010,Stock  Split From Rs.10/- to Rs.1/-,18 Jan 2010,-,-,11 Jan 2010,15 Jan 2010,-
506146,VIVIDHA,Visagar Polytex Ltd,21 Jan 2010,Stock  Split From Rs.10/- to Rs.1/-,22 Jan 2010,-,-,15 Jan 2010,21 Jan 2010,-
514348,WINSOME,Winsome Yarns Ltd,21 Jan 2010,Stock  Split From Rs.10/- to Rs.1/-,22 Jan 2010,-,-,15 Jan 2010,21 Jan 2010,-
521030,NAKODA,Nakoda Ltd,22 Jan 2010,Stock  Split From Rs.10/- to Rs.5/-,25 Jan 2010,-,-,18 Jan 2010,22 Jan 2010,-
500031,BAJAJELEC,Bajaj Electricals Ltd,28 Jan 2010,Stock  Split From Rs.10/- to Rs.2/-,29 Jan 2010,-,-,21 Jan 2010,28 Jan 2010,-
532902,CCCL,Consolidated Construction Consortium Ltd,10 Feb 2010,Stock  Split From Rs.10/- to Rs.2/-,11 Feb 2010,-,-,04 Feb 2010,10 Feb 2010,-
530813,KRBL,KRBL Ltd,10 Feb 2010,Stock  Split From Rs.10/- to Rs.1/-,12 Feb 2010,-,-,05 Feb 2010,10 Feb 2010,-
502015,ASIIL,ASI Industries Ltd,18 Feb 2010,Stock  Split From Rs.10/- to Rs.5/-,19 Feb 2010,-,-,11 Feb 2010,18 Feb 2010,-
532975,TELOGICA,Telogica Ltd,24 Feb 2010,Stock  Split From Rs.10/- to Rs.5/-,25 Feb 2010,-,-,18 Feb 2010,24 Feb 2010,-
515147,HALDYNGL,Haldyn Glass Ltd,25 Feb 2010,Stock  Split From Rs.10/- to Rs.1/-,26 Feb 2010,-,-,19 Feb 2010,25 Feb 2010,-
524687,BASANTGL,Basant Agro Tech India Ltd,26 Feb 2010,Stock  Split From Rs.10/- to Rs.1/-,02 Mar 2010,-,-,22 Feb 2010,26 Feb 2010,-
532374,STLTECH,Sterlite Technologies Ltd,09 Mar 2010,Stock  Split From Rs.5/- to Rs.2/-,10 Mar 2010,-,-,03 Mar 2010,09 Mar 2010,-
532320,VAARAD,Vaarad Ventures Ltd,09 Mar 2010,Stock  Split From Rs.10/- to Rs.2/-,10 Mar 2010,-,-,03 Mar 2010,09 Mar 2010,-
532509,SUPRAJIT,Suprajit Engineering Ltd,18 Mar 2010,Stock  Split From Rs.5/- to Rs.1/-,20 Mar 2010,-,-,12 Mar 2010,18 Mar 2010,-
524494,IPCALAB,Ipca Laboratories Ltd,22 Mar 2010,Stock  Split From Rs.10/- to Rs.2/-,23 Mar 2010,-,-,15 Mar 2010,22 Mar 2010,-
532673,KMSUGAR,K M Sugar Mills Ltd,26 Mar 2010,Stock  Split From Rs.10/- to Rs.2/-,29 Mar 2010,-,-,19 Mar 2010,26 Mar 2010,-
500520,M&M,Mahindra & Mahindra Ltd,29 Mar 2010,Stock  Split From Rs.10/- to Rs.5/-,30 Mar 2010,-,-,22 Mar 2010,29 Mar 2010,-
507998,SIMMOND,Simmonds Marshall Ltd,29 Mar 2010,Stock  Split From Rs.10/- to Rs.2/-,30 Mar 2010,-,-,22 Mar 2010,29 Mar 2010,-
532900,PAISALO,Paisalo Digital Ltd,05 Apr 2010,Stock  Split From Rs.10/- to Rs.2/-,06 Apr 2010,-,-,26 Mar 2010,05 Apr 2010,-
532746,UNITY,Unity Infraprojects Ltd,07 Apr 2010,Stock  Split From Rs.10/- to Rs.2/-,08 Apr 2010,-,-,30 Mar 2010,07 Apr 2010,-
521228,TATIAGLOB,Tatia Global Vennture Ltd,22 Apr 2010,Stock  Split From Rs.10/- to Rs.1/-,23 Apr 2010,-,-,16 Apr 2010,22 Apr 2010,-
531213,MANAPPURAM,Manappuram Finance Ltd,03 May 2010,Stock  Split From Rs.10/- to Rs.2/-,04 May 2010,-,-,27 Apr 2010,03 May 2010,-
511726,VIPULLTD,Vipul Ltd,04 May 2010,Stock  Split From Rs.2/- to Rs.1/-,05 May 2010,-,-,28 Apr 2010,04 May 2010,-
532178,ENGINERSIN,Engineers India Ltd,06 May 2010,Stock  Split From Rs.10/- to Rs.5/-,07 May 2010,-,-,30 Apr 2010,06 May 2010,-
524109,KABRAEXTRU,Kabra Extrusiontechnik Ltd,17 May 2010,Stock  Split From Rs.10/- to Rs.5/-,18 May 2010,-,-,11 May 2010,17 May 2010,-
524370,BODALCHEM,Bodal Chemicals Ltd,10 Jun 2010,Stock  Split From Rs.10/- to Rs.2/-,11 Jun 2010,-,-,04 Jun 2010,10 Jun 2010,-
531977,CHLOGIST,Chartered Logistics Ltd,23 Jun 2010,Stock  Split From Rs.10/- to Rs.1/-,24 Jun 2010,-,-,17 Jun 2010,23 Jun 2010,-
506109,GENESYS,Genesys International Corporation Ltd,23 Jun 2010,Stock  Split From Rs.10/- to Rs.5/-,24 Jun 2010,-,-,17 Jun 2010,23 Jun 2010,-
512229,VERITAS,Veritas (India) Ltd,28 Jun 2010,Stock  Split From Rs.10/- to Rs.1/-,29 Jun 2010,-,-,22 Jun 2010,28 Jun 2010,-
500800,TATACONSUM,Tata Consumer Products Ltd,30 Jun 2010,Stock  Split From Rs.10/- to Rs.1/-,02 Jul 2010,-,-,25 Jun 2010,01 Jul 2010,-
531162,EMAMILTD,Emami Ltd,21 Jul 2010,Stock  Split From Rs.2/- to Rs.1/-,-,23 Jul 2010,27 Jul 2010,16 Jul 2010,22 Jul 2010,-
512048,LUHARUKA,Luharuka Media & Infra Ltd,29 Jul 2010,Stock  Split From Rs.10/- to Rs.1/-,31 Jul 2010,-,-,26 Jul 2010,29 Jul 2010,-
513377,MMTC,MMTC Ltd,29 Jul 2010,Stock  Split From Rs.10/- to Rs.1/-,30 Jul 2010,-,-,23 Jul 2010,29 Jul 2010,-
532718,PRATIBHA,Pratibha Industries Ltd,30 Jul 2010,Stock  Split From Rs.10/- to Rs.2/-,02 Aug 2010,-,-,26 Jul 2010,30 Jul 2010,-
532922,EDELWEISS,Edelweiss Financial Services Ltd,10 Aug 2010,Stock  Split From Rs.5/- to Rs.1/-,11 Aug 2010,-,-,04 Aug 2010,10 Aug 2010,-
523523,RAINBOWPAP,Rainbow Papers Ltd,11 Aug 2010,Stock  Split From Rs.10/- to Rs.2/-,12 Aug 2010,-,-,05 Aug 2010,11 Aug 2010,-
531137,GEMSI,Gemstone Investments Ltd,13 Aug 2010,Stock  Split From Rs.10/- to Rs.1/-,16 Aug 2010,-,-,09 Aug 2010,13 Aug 2010,-
509715,JAYSREETEA,Jay Shree Tea & Industries Ltd,13 Aug 2010,Stock  Split From Rs.10/- to Rs.5/-,16 Aug 2010,-,-,09 Aug 2010,13 Aug 2010,-
524000,POONAWALLA,Poonawalla Fincorp Ltd,13 Aug 2010,Stock  Split From Rs.10/- to Rs.2/-,16 Aug 2010,-,-,09 Aug 2010,13 Aug 2010,-
532805,REDINGTON,Redington Ltd,20 Aug 2010,Stock  Split From Rs.10/- to Rs.2/-,23 Aug 2010,-,-,13 Aug 2010,20 Aug 2010,-
500257,LUPIN,Lupin Ltd,27 Aug 2010,Stock  Split From Rs.10/- to Rs.2/-,30 Aug 2010,-,-,23 Aug 2010,27 Aug 2010,-
504741,INDIANHUME,Indian Hume Pipe Company Ltd,30 Aug 2010,Stock  Split From Rs.10/- to Rs.2/-,31 Aug 2010,-,-,24 Aug 2010,30 Aug 2010,-
508869,APOLLOHOSP,Apollo Hospitals Enterprise Ltd,02 Sep 2010,Stock  Split From Rs.10/- to Rs.5/-,03 Sep 2010,-,-,27 Aug 2010,02 Sep 2010,-
507717,DHANUKA,Dhanuka Agritech Ltd,02 Sep 2010,Stock  Split From Rs.10/- to Rs.2/-,04 Sep 2010,-,-,30 Aug 2010,02 Sep 2010,-
590066,KCP,KCP Ltd,02 Sep 2010,Stock  Split From Rs.10/- to Rs.1/-,03 Sep 2010,-,-,27 Aug 2010,02 Sep 2010,-
500825,BRITANNIA,Britannia Industries Ltd,08 Sep 2010,Stock  Split From Rs.10/- to Rs.2/-,09 Sep 2010,-,-,02 Sep 2010,08 Sep 2010,-
522287,KPIL,Kalpataru Projects International Ltd,08 Sep 2010,Stock  Split From Rs.10/- to Rs.2/-,09 Sep 2010,-,-,02 Sep 2010,08 Sep 2010,-
500247,KOTAKBANK,Kotak Mahindra Bank Ltd,13 Sep 2010,Stock  Split From Rs.10/- to Rs.5/-,14 Sep 2010,-,-,06 Sep 2010,13 Sep 2010,-
532830,ASTRAL,Astral Ltd,15 Sep 2010,Stock  Split From Rs.10/- to Rs.5/-,16 Sep 2010,-,-,08 Sep 2010,15 Sep 2010,-
533017,RMMIL,Resurgere Mines & Minerals India Ltd,15 Sep 2010,Stock  Split From Rs.10/- to Rs.1/-,-,17 Sep 2010,19 Sep 2010,09 Sep 2010,16 Sep 2010,-
532921,ADANIPORTS,Adani Ports and Special Economic Zone Ltd,23 Sep 2010,Stock  Split From Rs.10/- to Rs.2/-,24 Sep 2010,-,-,17 Sep 2010,23 Sep 2010,-
511605,ARIHANTCAP,Arihant Capital Markets Ltd,23 Sep 2010,Stock  Split From Rs.10/- to Rs.5/-,24 Sep 2010,-,-,17 Sep 2010,23 Sep 2010,-
514450,MHLXMIRU,Mahalaxmi Rubtech Ltd,23 Sep 2010,Stock  Split From Rs.10/- to Rs.1/-,-,27 Sep 2010,29 Sep 2010,20 Sep 2010,24 Sep 2010,-
532218,SOUTHBANK,South Indian Bank Ltd,23 Sep 2010,Stock  Split From Rs.10/- to Rs.1/-,24 Sep 2010,-,-,17 Sep 2010,23 Sep 2010,-
530393,DBSTOCKBRO,DB International Stock Brokers Ltd,24 Sep 2010,Stock  Split From Rs.10/- to Rs.2/-,27 Sep 2010,-,-,20 Sep 2010,24 Sep 2010,-
531814,TIRSARJ,Tirupati Sarjan Ltd,28 Sep 2010,Stock  Split From Rs.10/- to Rs.5/-,29 Sep 2010,-,-,22 Sep 2010,27 Sep 2010,-
532719,BLKASHYAP,B. L. Kashyap and Sons Ltd,29 Sep 2010,Stock  Split From Rs.5/- to Rs.1/-,01 Oct 2010,-,-,24 Sep 2010,30 Sep 2010,-
508860,DIAMANT,Diamant Infrastructure Ltd,07 Oct 2010,Stock  Split From Rs.10/- to Rs.2/-,09 Oct 2010,-,-,04 Oct 2010,07 Oct 2010,-
505509,RESPONIND,Responsive Industries Ltd,08 Oct 2010,Stock  Split From Rs.10/- to Rs.1/-,11 Oct 2010,-,-,04 Oct 2010,08 Oct 2010,-
522281,RAMRAT,Ram Ratna Wires Ltd,14 Oct 2010,Stock  Split From Rs.10/- to Rs.5/-,16 Oct 2010,-,-,11 Oct 2010,14 Oct 2010,-
532780,PARSVNATH,Parsvnath Developers Ltd,18 Oct 2010,Stock  Split From Rs.10/- to Rs.5/-,19 Oct 2010,-,-,12 Oct 2010,18 Oct 2010,-
509930,SUPREMEIND,Supreme Industries Ltd,18 Oct 2010,Stock  Split From Rs.10/- to Rs.2/-,19 Oct 2010,-,-,12 Oct 2010,18 Oct 2010,-
532993,SEJALLTD,Sejal Glass Ltd,21 Oct 2010,Stock  Split From Rs.10/- to Rs.1/-,22 Oct 2010,-,-,15 Oct 2010,21 Oct 2010,-
506690,UNICHEMLAB,Unichem Laboratories Ltd,21 Oct 2010,Stock  Split From Rs.5/- to Rs.2/-,22 Oct 2010,-,-,15 Oct 2010,21 Oct 2010,-
530343,GENUSPOWER,Genus Power Infrastructures Ltd,22 Oct 2010,Stock  Split From Rs.10/- to Rs.1/-,25 Oct 2010,-,-,18 Oct 2010,22 Oct 2010,-
500219,JISLJALEQS,Jain Irrigation Systems Ltd,29 Oct 2010,Stock  Split From Rs.10/- to Rs.2/-,01 Nov 2010,-,-,25 Oct 2010,29 Oct 2010,-
532900,PAISALO,Paisalo Digital Ltd,29 Oct 2010,Stock  Split From Rs.2/- to Rs.1/-,01 Nov 2010,-,-,25 Oct 2010,29 Oct 2010,-
532748,PFOCUS,Prime Focus Ltd,29 Oct 2010,Stock  Split From Rs.10/- to Rs.1/-,01 Nov 2010,-,-,25 Oct 2010,29 Oct 2010,-
532212,ARCHIES,Archies Ltd,02 Nov 2010,Stock  Split From Rs.10/- to Rs.2/-,03 Nov 2010,-,-,27 Oct 2010,02 Nov 2010,-
532854,NITINFIRE,Nitin Fire Protection Industries Ltd,04 Nov 2010,Stock  Split From Rs.10/- to Rs.2/-,08 Nov 2010,-,-,29 Oct 2010,05 Nov 2010,-
523842,SUPTANERY,Super Tannery Ltd,04 Nov 2010,Stock  Split From Rs.2/- to Rs.1/-,08 Nov 2010,-,-,29 Oct 2010,05 Nov 2010,-
532759,ATLANTAA,Atlantaa Ltd,08 Nov 2010,Stock  Split From Rs.10/- to Rs.2/-,09 Nov 2010,-,-,01 Nov 2010,08 Nov 2010,-
530263,GLOBALCA,Global Capital Markets Ltd,08 Nov 2010,Stock  Split From Rs.10/- to Rs.1/-,09 Nov 2010,-,-,01 Nov 2010,08 Nov 2010,-
500184,HSCL,Himadri Speciality Chemical Ltd,08 Nov 2010,Stock  Split From Rs.10/- to Rs.1/-,09 Nov 2010,-,-,01 Nov 2010,08 Nov 2010,-
500314,ORIENTHOT,Oriental Hotels Ltd,10 Nov 2010,Stock  Split From Rs.10/- to Rs.1/-,11 Nov 2010,-,-,03 Nov 2010,10 Nov 2010,-
531548,SOMANYCERA,Somany Ceramics Ltd,11 Nov 2010,Stock  Split From Rs.10/- to Rs.2/-,12 Nov 2010,-,-,04 Nov 2010,11 Nov 2010,-
530999,BALAMINES,Balaji Amines Ltd,18 Nov 2010,Stock  Split From Rs.10/- to Rs.2/-,19 Nov 2010,-,-,11 Nov 2010,18 Nov 2010,-
501455,GREAVESCOT,Greaves Cotton Ltd,24 Nov 2010,Stock  Split From Rs.10/- to Rs.2/-,25 Nov 2010,-,-,18 Nov 2010,24 Nov 2010,-
524715,SUNPHARMA,Sun Pharmaceutical Industries Ltd,25 Nov 2010,Stock  Split From Rs.5/- to Rs.1/-,26 Nov 2010,-,-,19 Nov 2010,25 Nov 2010,-
532710,SADBHAV,Sadbhav Engineering Ltd,07 Dec 2010,Stock  Split From Rs.10/- to Rs.1/-,08 Dec 2010,-,-,01 Dec 2010,07 Dec 2010,-
502355,BALKRISIND,Balkrishna Industries Ltd,20 Dec 2010,Stock  Split From Rs.10/- to Rs.2/-,21 Dec 2010,-,-,13 Dec 2010,20 Dec 2010,-
506395,COROMANDEL,Coromandel International Ltd,23 Dec 2010,Stock  Split From Rs.2/- to Rs.1/-,24 Dec 2010,-,-,16 Dec 2010,23 Dec 2010,-
500125,EIDPARRY,EID Parry India Ltd,23 Dec 2010,Stock  Split From Rs.2/- to Rs.1/-,24 Dec 2010,-,-,16 Dec 2010,23 Dec 2010,-
532714,KEC,KEC International Ltd,30 Dec 2010,Stock  Split From Rs.10/- to Rs.2/-,31 Dec 2010,-,-,24 Dec 2010,30 Dec 2010,-
500253,LICHSGFIN,LIC Housing Finance Ltd,30 Dec 2010,Stock  Split From Rs.10/- to Rs.2/-,31 Dec 2010,-,-,24 Dec 2010,30 Dec 2010,-
532887,NTL,Neueon Towers Ltd,10 Jan 2011,Stock  Split From Rs.5/- to Rs.1/-,11 Jan 2011,-,-,04 Jan 2011,10 Jan 2011,-
532638,SHOPERSTOP,Shoppers Stop Ltd,12 Jan 2011,Stock  Split From Rs.10/- to Rs.5/-,13 Jan 2011,-,-,06 Jan 2011,12 Jan 2011,-
533168,ROSSELLIND,Rossell India Ltd,20 Jan 2011,Stock  Split From Rs.10/- to Rs.2/-,21 Jan 2011,-,-,14 Jan 2011,20 Jan 2011,-
526241,AMRAPLIN,Amrapali Industries Ltd,27 Jan 2011,Stock  Split From Rs.10/- to Rs.5/-,28 Jan 2011,-,-,20 Jan 2011,27 Jan 2011,-
523537,APMIN,APM Industries Ltd,27 Jan 2011,Stock  Split From Rs.10/- to Rs.2/-,28 Jan 2011,-,-,20 Jan 2011,27 Jan 2011,-
500312,ONGC,Oil and Natural Gas Corporation Ltd,08 Feb 2011,Stock  Split From Rs.10/- to Rs.5/-,09 Feb 2011,-,-,02 Feb 2011,08 Feb 2011,-
524804,AUROPHARMA,Aurobindo Pharma Ltd,10 Feb 2011,Stock  Split From Rs.5/- to Rs.1/-,11 Feb 2011,-,-,04 Feb 2011,10 Feb 2011,-
531025,VISAGAR,Visagar Financial Services Ltd,21 Feb 2011,Stock  Split From Rs.10/- to Rs.2/-,22 Feb 2011,-,-,14 Feb 2011,21 Feb 2011,-
526721,NICCOPAR,Nicco Parks & Resorts Ltd,24 Feb 2011,Stock  Split From Rs.10/- to Rs.1/-,25 Feb 2011,-,-,18 Feb 2011,24 Feb 2011,-
500188,HINDZINC,Hindustan Zinc Ltd,07 Mar 2011,Stock  Split From Rs.10/- to Rs.2/-,08 Mar 2011,-,-,28 Feb 2011,07 Mar 2011,-
532234,NATIONALUM,National Aluminium Company Ltd,15 Mar 2011,Stock  Split From Rs.10/- to Rs.5/-,16 Mar 2011,-,-,09 Mar 2011,15 Mar 2011,-
531465,NOUVEAU,Nouveau Global Ventures Ltd,07 Apr 2011,Stock  Split From Rs.10/- to Rs.1/-,08 Apr 2011,-,-,30 Mar 2011,07 Apr 2011,-
531411,TUNITEX,Tuni Textile Mills Ltd,07 Apr 2011,Stock  Split From Rs.10/- to Rs.1/-,08 Apr 2011,-,-,30 Mar 2011,07 Apr 2011,-
506134,GOURMET,Gourmet Gateway India Ltd,27 Apr 2011,Stock  Split From Rs.10/- to Rs.1/-,28 Apr 2011,-,-,20 Apr 2011,27 Apr 2011,-
533229,BAJAJCON,Bajaj Consumer Care Ltd,05 May 2011,Stock  Split From Rs.5/- to Rs.1/-,06 May 2011,-,-,29 Apr 2011,05 May 2011,-
522235,MINALIND,Minal Industries Ltd,02 Jun 2011,Stock  Split From Rs.10/- to Rs.2/-,03 Jun 2011,-,-,27 May 2011,02 Jun 2011,-
522292,CANDOUR,Candour Techtex Ltd,06 Jun 2011,Stock  Split From Rs.10/- to Rs.1/-,07 Jun 2011,-,-,31 May 2011,06 Jun 2011,-
514446,LSIND,LS Industries Ltd,14 Jun 2011,Stock  Split From Rs.10/- to Rs.1/-,15 Jun 2011,-,-,08 Jun 2011,14 Jun 2011,-
500339,RAIN,Rain Industries Ltd,15 Jun 2011,Stock  Split From Rs.10/- to Rs.2/-,16 Jun 2011,-,-,09 Jun 2011,15 Jun 2011,-
522029,WINDMACHIN,Windsor Machines Ltd,16 Jun 2011,Stock  Split From Rs.4/- to Rs.2/-,17 Jun 2011,-,-,10 Jun 2011,16 Jun 2011,-
500114,TITAN,Titan Company Ltd,23 Jun 2011,Stock  Split From Rs.10/- to Rs.1/-,24 Jun 2011,-,-,17 Jun 2011,23 Jun 2011,-
500180,HDFCBANK,HDFC Bank Ltd,14 Jul 2011,Stock  Split From Rs.10/- to Rs.2/-,16 Jul 2011,-,-,11 Jul 2011,14 Jul 2011,-
513121,ORICONENT,Oricon Enterprises Ltd,14 Jul 2011,Stock  Split From Rs.10/- to Rs.2/-,15 Jul 2011,-,-,08 Jul 2011,14 Jul 2011,-
500355,RALLIS,Rallis India Ltd,15 Jul 2011,Stock  Split From Rs.10/- to Rs.1/-,18 Jul 2011,-,-,11 Jul 2011,15 Jul 2011,-
505710,GRAUWEIL,Grauer & Weil India Ltd,11 Aug 2011,Stock  Split From Rs.10/- to Rs.1/-,12 Aug 2011,-,-,05 Aug 2011,11 Aug 2011,-
533269,WABAG,VA Tech Wabag Ltd,16 Aug 2011,Stock  Split From Rs.5/- to Rs.2/-,17 Aug 2011,-,-,09 Aug 2011,16 Aug 2011,-
531900,CCLINTER,CCL International Ltd,17 Aug 2011,Stock  Split From Rs.10/- to Rs.2/-,19 Aug 2011,-,-,11 Aug 2011,17 Aug 2011,-
523642,PIIND,PI Industries Ltd,17 Aug 2011,Stock  Split From Rs.10/- to Rs.5/-,19 Aug 2011,-,-,11 Aug 2011,17 Aug 2011,-
501370,WALCHPF,Walchand Peoplefirst Ltd,30 Aug 2011,Stock  Split From Rs.100/- to Rs.10/-,02 Sep 2011,-,-,24 Aug 2011,30 Aug 2011,-
532864,NELCAST,Nelcast Ltd,06 Sep 2011,Stock  Split From Rs.10/- to Rs.2/-,07 Sep 2011,-,-,29 Aug 2011,06 Sep 2011,-
532320,VAARAD,Vaarad Ventures Ltd,09 Sep 2011,Stock  Split From Rs.2/- to Rs.1/-,12 Sep 2011,-,-,05 Sep 2011,09 Sep 2011,-
509053,BANASFN,Banas Finance Ltd,12 Sep 2011,Stock  Split From Rs.10/- to Rs.1/-,13 Sep 2011,-,-,06 Sep 2011,12 Sep 2011,-
500570,TATAMOTORS,Tata Motors Ltd,12 Sep 2011,Stock  Split From Rs.10/- to Rs.2/-,13 Sep 2011,-,-,06 Sep 2011,12 Sep 2011,-
503663,TILAK,Tilak Ventures Ltd,13 Sep 2011,Stock  Split From Rs.10/- to Rs.1/-,14 Sep 2011,-,-,07 Sep 2011,13 Sep 2011,-
507794,KHAICHEM,Khaitan Chemicals & Fertilizers Ltd,14 Sep 2011,Stock  Split From Rs.10/- to Rs.1/-,15 Sep 2011,-,-,08 Sep 2011,14 Sep 2011,-
500400,TATAPOWER,Tata Power Company Ltd,26 Sep 2011,Stock  Split From Rs.10/- to Rs.1/-,27 Sep 2011,-,-,20 Sep 2011,26 Sep 2011,-
500092,CRISIL,CRISIL Ltd,28 Sep 2011,Stock  Split From Rs.10/- to Rs.1/-,30 Sep 2011,-,-,23 Sep 2011,28 Sep 2011,-
500103,BHEL,Bharat Heavy Electricals Ltd,03 Oct 2011,Stock  Split From Rs.10/- to Rs.2/-,04 Oct 2011,-,-,26 Sep 2011,03 Oct 2011,-
531531,HATSUN,Hatsun Agro Product Ltd,03 Oct 2011,Stock  Split From Rs.2/- to Rs.1/-,04 Oct 2011,-,-,26 Sep 2011,03 Oct 2011,-
513375,CARBORUNIV,Carborundum Universal Ltd,05 Oct 2011,Stock  Split From Rs.2/- to Rs.1/-,07 Oct 2011,-,-,28 Sep 2011,05 Oct 2011,-
531950,VERTEX,Vertex Securities Ltd,17 Oct 2011,Stock  Split From Rs.10/- to Rs.2/-,18 Oct 2011,-,-,11 Oct 2011,17 Oct 2011,-
508664,BESTEAST,Best Eastern Hotels Ltd,20 Oct 2011,Stock  Split From Rs.10/- to Rs.2/-,21 Oct 2011,-,-,14 Oct 2011,20 Oct 2011,-
523840,INNOVTEC,Innovative Tech Pack Ltd,28 Oct 2011,Stock  Split From Rs.10/- to Rs.1/-,31 Oct 2011,-,-,20 Oct 2011,28 Oct 2011,-
507880,VIPIND,VIP Industries Ltd,31 Oct 2011,Stock  Split From Rs.10/- to Rs.2/-,01 Nov 2011,-,-,21 Oct 2011,31 Oct 2011,-
532990,METKORE,Metkore Alloys & Industries Ltd,03 Nov 2011,Stock  Split From Rs.10/- to Rs.2/-,04 Nov 2011,-,-,28 Oct 2011,03 Nov 2011,-
526538,MAXIMAA,Maximaa Systems Ltd,04 Nov 2011,Stock  Split From Rs.10/- to Rs.2/-,08 Nov 2011,-,-,31 Oct 2011,04 Nov 2011,-
531996,ODYCORP,Odyssey Corporation Ltd,23 Dec 2011,Stock  Split From Rs.10/- to Rs.5/-,26 Dec 2011,-,-,19 Dec 2011,23 Dec 2011,-
520059,MUNJALAU,Munjal Auto Industries Ltd,29 Dec 2011,Stock  Split From Rs.10/- to Rs.2/-,30 Dec 2011,-,-,23 Dec 2011,29 Dec 2011,-
509051,INDINFO,Indian Infotech & Software Ltd,02 Feb 2012,Stock  Split From Rs.10/- to Rs.1/-,03 Feb 2012,-,-,27 Jan 2012,02 Feb 2012,-
532834,CAMLINFINE,Camlin Fine Sciences Ltd,15 Feb 2012,Stock  Split From Rs.10/- to Rs.2/-,17 Feb 2012,-,-,10 Feb 2012,16 Feb 2012,-
517385,SYMPHONY,Symphony Ltd,15 Feb 2012,Stock  Split From Rs.10/- to Rs.2/-,17 Feb 2012,-,-,10 Feb 2012,16 Feb 2012,-
531502,ESARIND,Esaar India Ltd,21 Feb 2012,Stock  Split From Rs.10/- to Rs.1/-,22 Feb 2012,-,-,14 Feb 2012,21 Feb 2012,-
523648,PLASTIBLEN,Plastiblends India Ltd,29 Feb 2012,Stock  Split From Rs.10/- to Rs.5/-,01 Mar 2012,-,-,23 Feb 2012,29 Feb 2012,-
511431,VAKRANGEE,Vakrangee Ltd,12 Apr 2012,Stock  Split From Rs.10/- to Rs.1/-,13 Apr 2012,-,-,04 Apr 2012,12 Apr 2012,-
501700,INDIANVSH,IndiaNivesh Ltd,18 Apr 2012,Stock  Split From Rs.10/- to Rs.1/-,19 Apr 2012,-,-,12 Apr 2012,18 Apr 2012,-
530579,UYFINCORP,U. Y. Fincorp Ltd,03 May 2012,Stock  Split From Rs.10/- to Rs.5/-,04 May 2012,-,-,26 Apr 2012,03 May 2012,-
532612,INDOCO,Indoco Remedies Ltd,17 May 2012,Stock  Split From Rs.10/- to Rs.2/-,19 May 2012,-,-,14 May 2012,17 May 2012,-
533282,GRAVITA,Gravita India Ltd,25 May 2012,Stock  Split From Rs.10/- to Rs.2/-,28 May 2012,-,-,21 May 2012,25 May 2012,-
503675,WAGEND,Wagend Infra Venture Ltd,06 Jun 2012,Stock  Split From Rs.10/- to Rs.2/-,07 Jun 2012,-,-,31 May 2012,06 Jun 2012,-
519105,AVTNPL,AVT Natural Products Ltd,07 Jun 2012,Stock  Split From Rs.10/- to Rs.1/-,08 Jun 2012,-,-,01 Jun 2012,07 Jun 2012,-
513517,STEELCAS,Steelcast Ltd,25 Jul 2012,Stock  Split From Rs.10/- to Rs.5/-,26 Jul 2012,-,-,19 Jul 2012,25 Jul 2012,-
532090,VANDANA,Vandana Knitwear Ltd,02 Aug 2012,Stock  Split From Rs.10/- to Rs.1/-,03 Aug 2012,-,-,27 Jul 2012,02 Aug 2012,-
532331,AJANTPHARM,Ajanta Pharma Ltd,09 Aug 2012,Stock  Split From Rs.10/- to Rs.5/-,10 Aug 2012,-,-,03 Aug 2012,09 Aug 2012,-
532893,VTMLTD,VTM Ltd,16 Aug 2012,Stock  Split From Rs.10/- to Rs.1/-,17 Aug 2012,-,-,09 Aug 2012,16 Aug 2012,-
531578,KMFBLDR,KMF Builders & Developers Ltd,17 Aug 2012,Stock  Split From Rs.10/- to Rs.5/-,21 Aug 2012,-,-,10 Aug 2012,17 Aug 2012,-
500690,GSFC,Gujarat State Fertilizers & Chemicals Ltd,20 Sep 2012,Stock  Split From Rs.10/- to Rs.2/-,22 Sep 2012,-,-,14 Sep 2012,20 Sep 2012,-
500008,ARE&M,Amara Raja Energy & Mobility Ltd,25 Sep 2012,Stock  Split From Rs.2/- to Rs.1/-,26 Sep 2012,-,-,18 Sep 2012,25 Sep 2012,-
511636,DJSSS,DJS Stock & Shares Ltd,23 Oct 2012,Stock  Split From Rs.10/- to Rs.1/-,26 Oct 2012,-,-,18 Oct 2012,23 Oct 2012,-
590006,AMRUTANJAN,Amrutanjan Health Care Ltd,25 Oct 2012,Stock  Split From Rs.10/- to Rs.2/-,29 Oct 2012,-,-,19 Oct 2012,26 Oct 2012,-
501945,DHENUBUILD,Dhenu Buildcon Infra Ltd,25 Oct 2012,Stock  Split From Rs.10/- to Rs.1/-,29 Oct 2012,-,-,19 Oct 2012,26 Oct 2012,-
533189,GOENKA,Goenka Diamond & Jewels Ltd,25 Oct 2012,Stock  Split From Rs.10/- to Rs.1/-,29 Oct 2012,-,-,19 Oct 2012,26 Oct 2012,-
590086,ORISSAMINE,Orissa Minerals Development Company Ltd,29 Oct 2012,Stock  Split From Rs.10/- to Rs.1/-,30 Oct 2012,-,-,19 Oct 2012,29 Oct 2012,-
500020,BOMDYEING,Bombay Dyeing & Manufacturing Company Ltd,30 Oct 2012,Stock  Split From Rs.10/- to Rs.2/-,31 Oct 2012,-,-,22 Oct 2012,30 Oct 2012,-
513502,BAROEXT,Baroda Extrusion Ltd,31 Oct 2012,Stock  Split From Rs.10/- to Rs.1/-,01 Nov 2012,-,-,23 Oct 2012,31 Oct 2012,-
506184,KANANIIND,Kanani Industries Ltd,01 Nov 2012,Stock  Split From Rs.5/- to Rs.1/-,02 Nov 2012,-,-,25 Oct 2012,01 Nov 2012,-
524642,SIKOZY,Sikozy Realtors Ltd,01 Nov 2012,Stock  Split From Rs.10/- to Rs.1/-,02 Nov 2012,-,-,25 Oct 2012,01 Nov 2012,-
501425,BBTC,Bombay Burmah Trading Corporation Ltd,08 Nov 2012,Stock  Split From Rs.10/- to Rs.2/-,09 Nov 2012,-,-,02 Nov 2012,07 Nov 2012,-
524709,NACLIND,NACL Industries Ltd,22 Nov 2012,Stock  Split From Rs.10/- to Rs.1/-,23 Nov 2012,-,-,16 Nov 2012,22 Nov 2012,-
503169,RUBYMILLS,Ruby Mills Ltd,22 Nov 2012,Stock  Split From Rs.10/- to Rs.5/-,23 Nov 2012,-,-,16 Nov 2012,22 Nov 2012,-
509874,SHALPAINTS,Shalimar Paints Ltd,22 Nov 2012,Stock  Split From Rs.10/- to Rs.2/-,23 Nov 2012,-,-,16 Nov 2012,22 Nov 2012,-
531463,GBLINFRA,Global Infratech & Finance Ltd,13 Dec 2012,Stock  Split From Rs.10/- to Rs.1/-,14 Dec 2012,-,-,07 Dec 2012,13 Dec 2012,-
533605,SETUINFRA,Setubandhan Infrastructure Ltd,13 Dec 2012,Stock  Split From Rs.10/- to Rs.1/-,14 Dec 2012,-,-,07 Dec 2012,13 Dec 2012,-
533644,UEL,Ujaas Energy Ltd,21 Dec 2012,Stock  Split From Rs.10/- to Rs.1/-,24 Dec 2012,-,-,17 Dec 2012,21 Dec 2012,-
532411,VISESHINFO,Visesh Infotecnics Ltd,03 Jan 2013,Stock  Split From Rs.10/- to Rs.1/-,04 Jan 2013,-,-,28 Dec 2012,03 Jan 2013,-
517356,ACIIN,ACI Infocom Ltd,23 Jan 2013,Stock  Split From Rs.10/- to Rs.1/-,25 Jan 2013,-,-,18 Jan 2013,23 Jan 2013,-
533022,20MICRONS,20 Microns Ltd,28 Jan 2013,Stock  Split From Rs.10/- to Rs.5/-,29 Jan 2013,-,-,21 Jan 2013,28 Jan 2013,-
521167,FRONTBUSS,Frontline Business Solutions Ltd,31 Jan 2013,Stock  Split From Rs.10/- to Rs.5/-,01 Feb 2013,-,-,24 Jan 2013,31 Jan 2013,-
508969,SULABEN,Sulabh Engineers & Services Ltd,04 Feb 2013,Stock  Split From Rs.10/- to Rs.1/-,05 Feb 2013,-,-,29 Jan 2013,04 Feb 2013,-
534060,PMCFIN,PMC Fincorp Ltd,07 Feb 2013,Stock  Split From Rs.10/- to Rs.5/-,08 Feb 2013,-,-,01 Feb 2013,07 Feb 2013,-
532720,M&MFIN,Mahindra & Mahindra Financial Services Ltd,15 Feb 2013,Stock  Split From Rs.10/- to Rs.2/-,18 Feb 2013,-,-,11 Feb 2013,14 Feb 2013,-
530699,RAJRILTD,Raj Rayon Industries Ltd,04 Mar 2013,Stock  Split From Rs.10/- to Rs.1/-,05 Mar 2013,-,-,26 Feb 2013,04 Mar 2013,-
533321,BILENERGY,Bil Energy Systems Ltd,26 Mar 2013,Stock  Split From Rs.10/- to Rs.1/-,28 Mar 2013,-,-,20 Mar 2013,25 Mar 2013,-
533301,SHEKHAWATI,Shekhawati Industries Ltd,10 Apr 2013,Stock  Split From Rs.10/- to Rs.1/-,12 Apr 2013,-,-,05 Apr 2013,11 Apr 2013,-
523642,PIIND,PI Industries Ltd,12 Apr 2013,Stock  Split From Rs.5/- to Rs.1/-,15 Apr 2013,-,-,05 Apr 2013,12 Apr 2013,-
531448,SAFALSEC,Safal Securities Ltd,23 Apr 2013,Stock  Split From Rs.10/- to Rs.5/-,25 Apr 2013,-,-,17 Apr 2013,23 Apr 2013,-
531695,VERONICAPRO,Veronica Production Ltd,26 Apr 2013,Stock  Split From Rs.10/- to Rs.5/-,29 Apr 2013,-,-,18 Apr 2013,26 Apr 2013,-
511421,PINEANIM,Pine Animation Ltd,17 May 2013,Stock  Split From Rs.10/- to Rs.1/-,20 May 2013,-,-,13 May 2013,17 May 2013,-
508922,MSRINDIA,MSR India Ltd,31 May 2013,Stock  Split From Rs.10/- to Rs.5/-,03 Jun 2013,-,-,27 May 2013,31 May 2013,-
508982,LINKSONI,Linkson International Ltd,06 Jun 2013,Stock  Split From Rs.10/- to Rs.5/-,07 Jun 2013,-,-,31 May 2013,06 Jun 2013,-
531597,MIDPOLY,Midland Polymers Ltd,10 Jun 2013,Stock  Split From Rs.10/- to Rs.1/-,11 Jun 2013,-,-,04 Jun 2013,10 Jun 2013,-
505533,WESTLIFE,Westlife Foodworld Ltd,12 Jun 2013,Stock  Split From Rs.10/- to Rs.2/-,13 Jun 2013,-,-,06 Jun 2013,12 Jun 2013,-
533271,ASHOKA,Ashoka Buildcon Ltd,03 Jul 2013,Stock  Split From Rs.10/- to Rs.5/-,04 Jul 2013,-,-,27 Jun 2013,03 Jul 2013,-
501150,CENTRUM,Centrum Capital Ltd,03 Jul 2013,Stock  Split From Rs.10/- to Rs.1/-,04 Jul 2013,-,-,26 Jun 2013,03 Jul 2013,-
500820,ASIANPAINT,Asian Paints Ltd,30 Jul 2013,Stock  Split From Rs.10/- to Rs.1/-,31 Jul 2013,-,-,24 Jul 2013,30 Jul 2013,-
523694,APCOTEXIND,Apcotex Industries Ltd,14 Aug 2013,Stock  Split From Rs.10/- to Rs.5/-,17 Aug 2013,-,-,08 Aug 2013,14 Aug 2013,-
534741,VIRTUALG,Virtual Global Education Ltd,14 Aug 2013,Stock  Split From Rs.10/- to Rs.1/-,-,19 Aug 2013,22 Aug 2013,08 Aug 2013,16 Aug 2013,-
519600,CCL,CCL Products (India) Ltd,19 Aug 2013,Stock  Split From Rs.10/- to Rs.2/-,20 Aug 2013,-,-,12 Aug 2013,19 Aug 2013,-
524470,SYNCOMF,Syncom Formulations India Ltd,19 Aug 2013,Stock  Split From Rs.10/- to Rs.1/-,20 Aug 2013,-,-,12 Aug 2013,19 Aug 2013,-
532830,ASTRAL,Astral Ltd,05 Sep 2013,Stock  Split From Rs.5/- to Rs.2/-,09 Sep 2013,-,-,02 Sep 2013,05 Sep 2013,-
504378,NYSSACORP,Nyssa Corporation Ltd,16 Sep 2013,Stock  Split From Rs.10/- to Rs.1/-,17 Sep 2013,-,-,10 Sep 2013,16 Sep 2013,-
522249,MAYURUNIQ,Mayur Uniquoters Ltd,25 Sep 2013,Stock  Split From Rs.10/- to Rs.5/-,26 Sep 2013,-,-,19 Sep 2013,25 Sep 2013,-
534733,AERPACE,Aerpace Industries Ltd,30 Sep 2013,Stock  Split From Rs.10/- to Rs.1/-,01 Oct 2013,-,-,24 Sep 2013,30 Sep 2013,-
534732,CASPIAN,Caspian Corporate Services Ltd,30 Sep 2013,Stock  Split From Rs.10/- to Rs.1/-,01 Oct 2013,-,-,24 Sep 2013,30 Sep 2013,-
531228,RANDER,Rander Corporation Ltd,09 Oct 2013,Stock  Split From Rs.10/- to Rs.1/-,10 Oct 2013,-,-,03 Oct 2013,09 Oct 2013,-
531307,RRIL,RRIL Ltd,11 Oct 2013,Stock  Split From Rs.10/- to Rs.5/-,14 Oct 2013,-,-,07 Oct 2013,11 Oct 2013,-
500469,FEDERALBNK,Federal Bank Ltd,17 Oct 2013,Stock  Split From Rs.10/- to Rs.2/-,18 Oct 2013,-,-,10 Oct 2013,17 Oct 2013,-
530187,ATHARVENT,Atharv Enterprises Ltd,18 Oct 2013,Stock  Split From Rs.10/- to Rs.1/-,21 Oct 2013,-,-,11 Oct 2013,18 Oct 2013,-
523716,ASHIANA,Ashiana Housing Ltd,24 Oct 2013,Stock  Split From Rs.10/- to Rs.2/-,25 Oct 2013,-,-,18 Oct 2013,24 Oct 2013,-
508664,BESTEAST,Best Eastern Hotels Ltd,14 Nov 2013,Stock  Split From Rs.2/- to Rs.1/-,18 Nov 2013,-,-,08 Nov 2013,14 Nov 2013,-
533150,GODREJPROP,Godrej Properties Ltd,21 Nov 2013,Stock  Split From Rs.10/- to Rs.5/-,22 Nov 2013,-,-,14 Nov 2013,21 Nov 2013,-
531780,KACL,Kaiser Corporation Ltd,22 Nov 2013,Stock  Split From Rs.10/- to Rs.1/-,25 Nov 2013,-,-,20 Nov 2013,22 Nov 2013,-
530517,RELAXO,Relaxo Footwears Ltd,22 Nov 2013,Stock  Split From Rs.5/- to Rs.1/-,25 Nov 2013,-,-,18 Nov 2013,22 Nov 2013,-
530701,KDJHRL,KDJ Holidayscapes and Resorts Ltd,26 Dec 2013,Stock  Split From Rs.10/- to Rs.2/-,27 Dec 2013,-,-,19 Dec 2013,26 Dec 2013,-
504340,LONGSPUR,Longspur International Ventures Ltd,30 Dec 2013,Stock  Split From Rs.10/- to Rs.1/-,31 Dec 2013,-,-,23 Dec 2013,30 Dec 2013,-
511082,MAAJTL,Maa Jagdambe Tradelinks Ltd,09 Jan 2014,Stock  Split From Rs.10/- to Rs.2/-,10 Jan 2014,-,-,03 Jan 2014,09 Jan 2014,-
509945,THACKER,Thacker & Company Ltd,10 Jan 2014,Stock  Split From Rs.10/- to Rs.5/-,13 Jan 2014,-,-,07 Jan 2014,09 Jan 2014,-
512379,CRSL,Cressanda Railway Solutions Ltd,13 Jan 2014,Stock  Split From Rs.10/- to Rs.1/-,15 Jan 2014,-,-,08 Jan 2014,14 Jan 2014,-
512191,MISHKAFIN,Mishka Finance and Trading Ltd,16 Jan 2014,Stock  Split From Rs.10/- to Rs.1/-,17 Jan 2014,-,-,09 Jan 2014,16 Jan 2014,-
532899,KSCL,Kaveri Seed Company Ltd,27 Jan 2014,Stock  Split From Rs.10/- to Rs.2/-,28 Jan 2014,-,-,21 Jan 2014,27 Jan 2014,-
503310,SWANENERGY,Swan Energy Ltd,03 Feb 2014,Stock  Split From Rs.2/- to Rs.1/-,04 Feb 2014,-,-,28 Jan 2014,03 Feb 2014,-
508954,FINKURVE,Finkurve Financial Services Ltd,26 Feb 2014,Stock  Split From Rs.10/- to Rs.1/-,28 Feb 2014,-,-,20 Feb 2014,26 Feb 2014,-
532735,RSYSTEMS,R Systems International Ltd,26 Feb 2014,Stock  Split From Rs.10/- to Rs.1/-,28 Feb 2014,-,-,20 Feb 2014,26 Feb 2014,-
505712,HIMTEK,Him Teknoforge Ltd,03 Mar 2014,Stock  Split From Rs.10/- to Rs.2/-,04 Mar 2014,-,-,24 Feb 2014,03 Mar 2014,-
511016,PREMCAP,Premier Capital Services Ltd,19 Mar 2014,Stock  Split From Rs.10/- to Rs.1/-,20 Mar 2014,-,-,12 Mar 2014,19 Mar 2014,-
532826,RAJTV,Raj Television Network Ltd,25 Mar 2014,Stock  Split From Rs.10/- to Rs.5/-,26 Mar 2014,-,-,20 Mar 2014,25 Mar 2014,-
530961,VIKASECO,Vikas EcoTech Ltd,27 Mar 2014,Stock  Split From Rs.10/- to Rs.1/-,30 Mar 2014,-,-,24 Mar 2014,26 Mar 2014,-
532992,CHLLTD,CHL Ltd,03 Apr 2014,Stock  Split From Rs.10/- to Rs.2/-,05 Apr 2014,-,-,27 Mar 2014,03 Apr 2014,-
531909,CROISSANCE,Croissance Ltd,04 Apr 2014,Stock  Split From Rs.10/- to Rs.1/-,07 Apr 2014,-,-,28 Mar 2014,04 Apr 2014,-
511710,CUBIFIN,Cubical Financial Services Ltd,23 Apr 2014,Stock  Split From Rs.10/- to Rs.2/-,25 Apr 2014,-,-,17 Apr 2014,23 Apr 2014,-
526671,MKEL,Matra Kaushal Enterprise Ltd,23 Apr 2014,Stock  Split From Rs.10/- to Rs.1/-,26 Apr 2014,-,-,21 Apr 2014,23 Apr 2014,-
526075,VINRKLB,Rekvina Laboratories Ltd,30 Apr 2014,Stock  Split From Rs.10/- to Rs.5/-,02 May 2014,-,-,23 Apr 2014,30 Apr 2014,-
512417,TRITRADE,Trinity Tradelink Ltd,23 May 2014,Stock  Split From Rs.10/- to Rs.1/-,26 May 2014,-,-,21 May 2014,23 May 2014,-
531737,GREENCREST,Greencrest Financial Services Ltd,05 Jun 2014,Stock  Split From Rs.10/- to Rs.1/-,06 Jun 2014,-,-,30 May 2014,05 Jun 2014,-
506401,DEEPAKNTR,Deepak Nitrite Ltd,20 Jun 2014,Stock  Split From Rs.10/- to Rs.2/-,23 Jun 2014,-,-,16 Jun 2014,20 Jun 2014,-
509945,THACKER,Thacker & Company Ltd,24 Jun 2014,Stock  Split From Rs.5/- to Rs.1/-,25 Jun 2014,-,-,19 Jun 2014,24 Jun 2014,-
531626,OROSMITHS,Orosil Smiths India Ltd,26 Jun 2014,Stock  Split From Rs.10/- to Rs.5/-,28 Jun 2014,-,-,23 Jun 2014,26 Jun 2014,-
506863,SWADEIN,Swadeshi Industries & Leasing Ltd,02 Jul 2014,Stock  Split From Rs.10/- to Rs.1/-,03 Jul 2014,-,-,25 Jun 2014,02 Jul 2014,-
532215,AXISBANK,AXIS Bank Ltd,28 Jul 2014,Stock  Split From Rs.10/- to Rs.2/-,30 Jul 2014,-,-,22 Jul 2014,28 Jul 2014,-
535204,MUKTA,Mukta Agriculture Ltd,14 Aug 2014,Stock  Split From Rs.10/- to Rs.1/-,19 Aug 2014,-,-,11 Aug 2014,18 Aug 2014,-
535205,MYSTICELE,Mystic Electronics Ltd,14 Aug 2014,Stock  Split From Rs.10/- to Rs.1/-,19 Aug 2014,-,-,11 Aug 2014,18 Aug 2014,-
503641,ZODIACVEN,Zodiac Ventures Ltd,21 Aug 2014,Stock  Split From Rs.10/- to Rs.1/-,23 Aug 2014,-,-,14 Aug 2014,21 Aug 2014,-
517354,HAVELLS,Havells India Ltd,26 Aug 2014,Stock  Split From Rs.5/- to Rs.1/-,27 Aug 2014,-,-,20 Aug 2014,26 Aug 2014,-
533169, MANINFRA,Man Infraconstruction Ltd,28 Aug 2014,Stock  Split From Rs.10/- to Rs.2/-,-,02 Sep 2014,05 Sep 2014,25 Aug 2014,01 Sep 2014,-
505502,PSITINFRA,PS IT Infrastructure & Services Ltd,03 Sep 2014,Stock  Split From Rs.10/- to Rs.1/-,04 Sep 2014,-,-,27 Aug 2014,03 Sep 2014,-
532834,CAMLINFINE,Camlin Fine Sciences Ltd,04 Sep 2014,Stock  Split From Rs.2/- to Rs.1/-,05 Sep 2014,-,-,28 Aug 2014,04 Sep 2014,-
532209,J&KBANK,Jammu & Kashmir Bank Ltd,04 Sep 2014,Stock  Split From Rs.10/- to Rs.1/-,05 Sep 2014,-,-,28 Aug 2014,04 Sep 2014,-
506767,ALKYLAMINE,Alkyl Amines Chemicals Ltd,08 Sep 2014,Stock  Split From Rs.10/- to Rs.5/-,09 Sep 2014,-,-,02 Sep 2014,08 Sep 2014,-
531795,ATULAUTO,Atul Auto Ltd,12 Sep 2014,Stock  Split From Rs.10/- to Rs.5/-,15 Sep 2014,-,-,08 Sep 2014,12 Sep 2014,-
524820,PANAMAPET,Panama Petrochem Ltd,19 Sep 2014,Stock  Split From Rs.10/- to Rs.2/-,22 Sep 2014,-,-,15 Sep 2014,19 Sep 2014,-
526947,LAOPALA,La Opala RG Ltd,24 Sep 2014,Stock  Split From Rs.10/- to Rs.2/-,25 Sep 2014,-,-,18 Sep 2014,24 Sep 2014,-
532830,ASTRAL,Astral Ltd,25 Sep 2014,Stock  Split From Rs.2/- to Rs.1/-,26 Sep 2014,-,-,19 Sep 2014,25 Sep 2014,-
505523,MAHACORP,Maharashtra Corporation Ltd,25 Sep 2014,Stock  Split From Rs.10/- to Rs.1/-,-,27 Sep 2014,30 Sep 2014,22 Sep 2014,25 Sep 2014,-
506655,SUDARSCHEM,Sudarshan Chemical Industries Ltd,30 Sep 2014,Stock  Split From Rs.10/- to Rs.2/-,01 Oct 2014,-,-,24 Sep 2014,30 Sep 2014,-
530251,RISAINTL,Risa International Ltd,07 Oct 2014,Stock  Split From Rs.10/- to Rs.2/-,08 Oct 2014,-,-,29 Sep 2014,07 Oct 2014,-
532605,JBMA,JBM Auto Ltd,08 Oct 2014,Stock  Split From Rs.10/- to Rs.5/-,09 Oct 2014,-,-,29 Sep 2014,08 Oct 2014,-
531695,VERONICAPRO,Veronica Production Ltd,08 Oct 2014,Stock  Split From Rs.5/- to Rs.1/-,09 Oct 2014,-,-,29 Sep 2014,08 Oct 2014,-
534060,PMCFIN,PMC Fincorp Ltd,22 Oct 2014,Stock  Split From Rs.5/- to Rs.1/-,27 Oct 2014,-,-,17 Oct 2014,23 Oct 2014,-
533482,KRIDHANINF,Kridhan Infra Ltd,27 Oct 2014,Stock  Split From Rs.10/- to Rs.2/-,28 Oct 2014,-,-,21 Oct 2014,27 Oct 2014,-
535431,GCMSECU,GCM Securities Ltd,28 Oct 2014,Stock  Split From Rs.10/- to Rs.1/-,29 Oct 2014,-,-,20 Oct 2014,28 Oct 2014,-
532776,SHIVAMAUTO,Shivam Autotech Ltd,30 Oct 2014,Stock  Split From Rs.10/- to Rs.2/-,31 Oct 2014,-,-,22 Oct 2014,30 Oct 2014,-
538570,ACHAL,Achal Investments Ltd,12 Nov 2014,Stock  Split From Rs.10/- to Rs.1/-,13 Nov 2014,-,-,05 Nov 2014,12 Nov 2014,-
530557,NCLRESE,NCL Research & Financial Services Ltd,17 Nov 2014,Stock  Split From Rs.10/- to Rs.2/-,18 Nov 2014,-,-,11 Nov 2014,17 Nov 2014,-
531898,SANGUI,Sanguine Media Ltd,20 Nov 2014,Stock  Split From Rs.10/- to Rs.1/-,21 Nov 2014,-,-,14 Nov 2014,20 Nov 2014,-
500112,SBIN,State Bank of India,20 Nov 2014,Stock  Split From Rs.10/- to Rs.1/-,21 Nov 2014,-,-,14 Nov 2014,20 Nov 2014,-
533339,ZENTEC,ZEN Technologies Ltd,21 Nov 2014,Stock  Split From Rs.10/- to Rs.1/-,24 Nov 2014,-,-,17 Nov 2014,21 Nov 2014,-
533298,SURANASOL,Surana Solar Ltd,25 Nov 2014,Stock  Split From Rs.10/- to Rs.5/-,26 Nov 2014,-,-,19 Nov 2014,25 Nov 2014,-
517530,SURANAT&P,Surana Telecom and Power Ltd,25 Nov 2014,Stock  Split From Rs.5/- to Rs.1/-,26 Nov 2014,-,-,19 Nov 2014,25 Nov 2014,-
538433,CCFCL,Classic Global Finance & Capital Ltd,27 Nov 2014,Stock  Split From Rs.10/- to Rs.1/-,28 Nov 2014,-,-,21 Nov 2014,27 Nov 2014,-
517500,ROTO,Roto Pumps Ltd,27 Nov 2014,Stock  Split From Rs.10/- to Rs.2/-,28 Nov 2014,-,-,26 Nov 2014,27 Nov 2014,-
500163,GODFRYPHLP,Godfrey Phillips India Ltd,28 Nov 2014,Stock  Split From Rs.10/- to Rs.2/-,01 Dec 2014,-,-,24 Nov 2014,28 Nov 2014,-
532174,ICICIBANK,ICICI Bank Ltd,04 Dec 2014,Stock  Split From Rs.10/- to Rs.2/-,05 Dec 2014,-,-,28 Nov 2014,04 Dec 2014,-
530007,JKTYRE,JK Tyre & Industries Ltd,18 Dec 2014,Stock  Split From Rs.10/- to Rs.2/-,19 Dec 2014,-,-,12 Dec 2014,18 Dec 2014,-
532461,PNB,Punjab National Bank,18 Dec 2014,Stock  Split From Rs.10/- to Rs.2/-,19 Dec 2014,-,-,12 Dec 2014,18 Dec 2014,-
530703,INFODRIVE,Info-Drive Software Ltd,24 Dec 2014,Stock  Split From Rs.10/- to Rs.1/-,26 Dec 2014,-,-,18 Dec 2014,24 Dec 2014,-
538537,OMANSH,Omansh Enterprises Ltd,24 Dec 2014,Stock  Split From Rs.10/- to Rs.2/-,26 Dec 2014,-,-,18 Dec 2014,24 Dec 2014,-
538520,SBL,Shivamshree Businesses Ltd,24 Dec 2014,Stock  Split From Rs.10/- to Rs.1/-,26 Dec 2014,-,-,19 Dec 2014,24 Dec 2014,-
533162,HATHWAY,Hathway Cable & Datacom Ltd,06 Jan 2015,Stock  Split From Rs.10/- to Rs.2/-,07 Jan 2015,-,-,31 Dec 2014,06 Jan 2015,-
509480,BERGEPAINT,Berger Paints India Ltd,08 Jan 2015,Stock  Split From Rs.2/- to Rs.1/-,09 Jan 2015,-,-,02 Jan 2015,08 Jan 2015,-
534839,EFPL,Eco Friendly Food Processing Park Ltd,08 Jan 2015,Stock  Split From Rs.10/- to Rs.1/-,09 Jan 2015,-,-,02 Jan 2015,08 Jan 2015,-
517447,RSSOFTWARE,R.S. Software (India) Ltd,21 Jan 2015,Stock  Split From Rs.10/- to Rs.5/-,22 Jan 2015,-,-,15 Jan 2015,21 Jan 2015,-
532134,BANKBARODA,Bank of Baroda,22 Jan 2015,Stock  Split From Rs.10/- to Rs.2/-,23 Jan 2015,-,-,16 Jan 2015,22 Jan 2015,-
531768,POLYMED,Poly Medicure Ltd,02 Feb 2015,Stock  Split From Rs.10/- to Rs.5/-,03 Feb 2015,-,-,27 Jan 2015,02 Feb 2015,-
514010,RUDRAECO,Rudra Ecovation Ltd,09 Feb 2015,Stock  Split From Rs.10/- to Rs.1/-,10 Feb 2015,-,-,03 Feb 2015,09 Feb 2015,-
538452,QUASAR,Quasar India Ltd,12 Feb 2015,Stock  Split From Rs.10/- to Rs.1/-,13 Feb 2015,-,-,06 Feb 2015,12 Feb 2015,-
511012,YAMNINV,Yamini Investments Company Ltd,18 Feb 2015,Stock  Split From Rs.10/- to Rs.1/-,20 Feb 2015,-,-,16 Feb 2015,19 Feb 2015,-
535217,HPCBL,HPC Biosciences Ltd,20 Feb 2015,Stock  Split From Rs.10/- to Rs.1/-,23 Feb 2015,-,-,12 Feb 2015,20 Feb 2015,-
504369,GRANDMA,Grandma Trading & Agencies Ltd ,26 Feb 2015,Stock  Split From Rs.10/- to Rs.1/-,27 Feb 2015,-,-,20 Feb 2015,26 Feb 2015,-
506248,AMNPLST,Amines & Plasticizers Ltd,27 Feb 2015,Stock  Split From Rs.10/- to Rs.2/-,02 Mar 2015,-,-,23 Feb 2015,28 Feb 2015,-
524735,HIKAL,Hikal Ltd,27 Feb 2015,Stock  Split From Rs.10/- to Rs.2/-,02 Mar 2015,-,-,23 Feb 2015,28 Feb 2015,-
535142,CNEL,Channel Nine Entertainment Ltd,02 Mar 2015,Stock  Split From Rs.10/- to Rs.1/-,03 Mar 2015,-,-,24 Feb 2015,02 Mar 2015,-
505343,MONOT,Monotype India Ltd ,16 Mar 2015,Stock  Split From Rs.10/- to Rs.1/-,17 Mar 2015,-,-,11 Mar 2015,16 Mar 2015,-
532755,TECHM,Tech Mahindra Ltd,19 Mar 2015,Stock  Split From Rs.10/- to Rs.5/-,20 Mar 2015,-,-,13 Mar 2015,19 Mar 2015,-
532331,AJANTPHARM,Ajanta Pharma Ltd,20 Mar 2015,Stock  Split From Rs.5/- to Rs.2/-,23 Mar 2015,-,-,16 Mar 2015,20 Mar 2015,-
532482,GRANULES,Granules India Ltd,23 Mar 2015,Stock  Split From Rs.10/- to Rs.1/-,24 Mar 2015,-,-,17 Mar 2015,23 Mar 2015,-
538860,PANAFIC,Panafic Industrials Ltd,25 Mar 2015,Stock  Split From Rs.10/- to Rs.1/-,26 Mar 2015,-,-,19 Mar 2015,25 Mar 2015,-
500165,KANSAINER,Kansai Nerolac Paints Ltd,26 Mar 2015,Stock  Split From Rs.10/- to Rs.1/-,27 Mar 2015,-,-,20 Mar 2015,26 Mar 2015,-
532081,KSERASERA,KSS Ltd,30 Mar 2015,Stock  Split From Rs.10/- to Rs.1/-,31 Mar 2015,-,-,24 Mar 2015,27 Mar 2015,-
511187,MILLENNIUM,Millennium Online Solutions ( India ) Ltd,30 Mar 2015,Stock  Split From Rs.10/- to Rs.1/-,31 Mar 2015,-,-,24 Mar 2015,27 Mar 2015,-
523828,MENONBE,Menon Bearings Ltd,09 Apr 2015,Stock  Split From Rs.5/- to Rs.1/-,10 Apr 2015,-,-,31 Mar 2015,09 Apr 2015,-
537069,ARNOLD,Arnold Holdings Ltd,16 Apr 2015,Stock  Split From Rs.10/- to Rs.2/-,17 Apr 2015,-,-,09 Apr 2015,16 Apr 2015,-
513519,PITTIENG,Pitti Engineering Ltd,16 Apr 2015,Stock  Split From Rs.10/- to Rs.5/-,17 Apr 2015,-,-,09 Apr 2015,16 Apr 2015,-
509162,INDAG,Indag Rubber Ltd,23 Apr 2015,Stock  Split From Rs.10/- to Rs.2/-,24 Apr 2015,-,-,17 Apr 2015,23 Apr 2015,-
532966,TITAGARH,Titagarh Rail Systems Ltd,23 Apr 2015,Stock  Split From Rs.10/- to Rs.2/-,24 Apr 2015,-,-,17 Apr 2015,23 Apr 2015,-
531233,RASIELEC,Rasi Electrodes Ltd,11 May 2015,Stock  Split From Rs.10/- to Rs.2/-,12 May 2015,-,-,05 May 2015,11 May 2015,-
539010,SMADL,Shri Mahalaxmi Agricultural Development Ltd,18 May 2015,Stock  Split From Rs.10/- to Rs.5/-,19 May 2015,-,-,12 May 2015,18 May 2015,-
526409,KKALPANAIND,Kkalpana Industries (India) Ltd,21 May 2015,Stock  Split From Rs.10/- to Rs.2/-,22 May 2015,-,-,15 May 2015,21 May 2015,-
504000,ELPROINTL,Elpro International Ltd,04 Jun 2015,Stock  Split From Rs.10/- to Rs.2/-,05 Jun 2015,-,-,29 May 2015,04 Jun 2015,-
502448,ROLLT,Rollatainers Ltd,04 Jun 2015,Stock  Split From Rs.10/- to Rs.2/-,05 Jun 2015,-,-,29 May 2015,04 Jun 2015,-
533333,FCL,Fineotex Chemical Ltd,11 Jun 2015,Stock  Split From Rs.10/- to Rs.2/-,12 Jun 2015,-,-,05 Jun 2015,11 Jun 2015,-
506159,ASISL,Asis Logistics Ltd,12 Jun 2015,Stock  Split From Rs.100/- to Rs.1/-,15 Jun 2015,-,-,08 Jun 2015,12 Jun 2015,-
512131,SIGIND,Signet Industries Ltd,17 Aug 2015,Stock  Split From Rs.10/- to Rs.1/-,19 Aug 2015,-,-,12 Aug 2015,18 Aug 2015,-
509496,ITDCEM,ITD Cementation India Ltd,21 Aug 2015,Stock  Split From Rs.10/- to Rs.1/-,24 Aug 2015,-,-,14 Aug 2015,21 Aug 2015,-
500003,AEGISLOG,Aegis Logistics Ltd,16 Sep 2015,Stock  Split From Rs.10/- to Rs.1/-,18 Sep 2015,-,-,10 Sep 2015,16 Sep 2015,-
526987,URJA,Urja Global Ltd,16 Sep 2015,Stock  Split From Rs.10/- to Rs.1/-,19 Sep 2015,-,-,11 Sep 2015,16 Sep 2015,-
521206,SAMTEX,Samtex Fashions Ltd,22 Sep 2015,Stock  Split From Rs.10/- to Rs.2/-,-,24 Sep 2015,24 Sep 2015,16 Sep 2015,23 Sep 2015,-
531082,ALANKIT,Alankit Ltd,23 Sep 2015,Stock  Split From Rs.10/- to Rs.2/-,24 Sep 2015,-,-,16 Sep 2015,23 Sep 2015,-
538607,TOYAMSL,Toyam Sports Ltd,05 Oct 2015,Stock  Split From Rs.10/- to Rs.1/-,06 Oct 2015,-,-,28 Sep 2015,05 Oct 2015,-
532321,ZYDUSLIFE,Zydus Lifesciences Ltd,06 Oct 2015,Stock  Split From Rs.5/- to Rs.1/-,07 Oct 2015,-,-,29 Sep 2015,06 Oct 2015,-
500043,BATAINDIA,Bata India Ltd,07 Oct 2015,Stock  Split From Rs.10/- to Rs.5/-,08 Oct 2015,-,-,30 Sep 2015,07 Oct 2015,-
590075,LAMBODHARA,Lambodhara Textile Ltd,15 Oct 2015,Stock  Split From Rs.10/- to Rs.5/-,16 Oct 2015,-,-,09 Oct 2015,15 Oct 2015,-
538743,MUDUNURU,Mudunuru Ltd,15 Oct 2015,Stock  Split From Rs.10/- to Rs.2/-,17 Oct 2015,-,-,12 Oct 2015,15 Oct 2015,-
526885,SARLAPOLY,Sarla Performance Fibers Ltd,29 Oct 2015,Stock  Split From Rs.10/- to Rs.1/-,30 Oct 2015,-,-,23 Oct 2015,29 Oct 2015,-
531153,DILIGENT,Diligent Industries Ltd,30 Oct 2015,Stock  Split From Rs.10/- to Rs.5/-,02 Nov 2015,-,-,26 Oct 2015,30 Oct 2015,-
524174,KESARPE,Kesar Petroproducts Ltd,30 Oct 2015,Stock  Split From Rs.10/- to Rs.1/-,02 Nov 2015,-,-,26 Oct 2015,30 Oct 2015,-
531648,MAHAVIRIND,Mahavir Industries Ltd,02 Nov 2015,Stock  Split From Rs.10/- to Rs.5/-,03 Nov 2015,-,-,27 Oct 2015,02 Nov 2015,-
530549,SHILPAMED,Shilpa Medicare Ltd,06 Nov 2015,Stock  Split From Rs.2/- to Rs.1/-,09 Nov 2015,-,-,02 Nov 2015,06 Nov 2015,-
502015,ASIIL,ASI Industries Ltd,26 Nov 2015,Stock  Split From Rs.5/- to Rs.1/-,27 Nov 2015,-,-,19 Nov 2015,26 Nov 2015,-
512573,AVANTIFEED,Avanti Feeds Ltd,26 Nov 2015,Stock  Split From Rs.10/- to Rs.2/-,27 Nov 2015,-,-,19 Nov 2015,26 Nov 2015,-
524816,NATCOPHARM,Natco Pharma Ltd,26 Nov 2015,Stock  Split From Rs.10/- to Rs.2/-,28 Nov 2015,-,-,20 Nov 2015,26 Nov 2015,-
538212,SHARPINV,Sharp Investments Ltd,02 Dec 2015,Stock  Split From Rs.10/- to Rs.1/-,03 Dec 2015,-,-,26 Nov 2015,02 Dec 2015,-
524576,VIVIDIND,Vivid Global Industries Ltd,02 Dec 2015,Stock  Split From Rs.10/- to Rs.5/-,03 Dec 2015,-,-,26 Nov 2015,02 Dec 2015,-
520051,JAMNAAUTO,Jamna Auto Industries Ltd,03 Dec 2015,Stock  Split From Rs.10/- to Rs.5/-,04 Dec 2015,-,-,27 Nov 2015,03 Dec 2015,-
532940,JKIL,J. Kumar Infraprojects Ltd,10 Dec 2015,Stock  Split From Rs.10/- to Rs.5/-,11 Dec 2015,-,-,04 Dec 2015,10 Dec 2015,-
535730,KHOOBSURAT,Khoobsurat Ltd,14 Dec 2015,Stock  Split From Rs.10/- to Rs.1/-,15 Dec 2015,-,-,08 Dec 2015,14 Dec 2015,-
538422,JACKSON,Jackson Investments Ltd,15 Dec 2015,Stock  Split From Rs.10/- to Rs.1/-,16 Dec 2015,-,-,09 Dec 2015,15 Dec 2015,-
505075,SETCO,Setco Automotive Ltd,16 Dec 2015,Stock  Split From Rs.10/- to Rs.2/-,17 Dec 2015,-,-,10 Dec 2015,16 Dec 2015,-
532815,SMSPHARMA,SMS Pharmaceuticals Ltd,17 Dec 2015,Stock  Split From Rs.10/- to Rs.1/-,18 Dec 2015,-,-,11 Dec 2015,17 Dec 2015,-
533329,INDTERRAIN,Indian Terrain Fashions Ltd,21 Dec 2015,Stock  Split From Rs.10/- to Rs.2/-,22 Dec 2015,-,-,15 Dec 2015,21 Dec 2015,-
526622,MFLINDIA,MFL India Ltd,22 Dec 2015,Stock  Split From Rs.10/- to Rs.1/-,24 Dec 2015,-,-,18 Dec 2015,22 Dec 2015,-
530307,CLSEL,Chaman Lal Setia Exports Ltd,28 Dec 2015,Stock  Split From Rs.10/- to Rs.2/-,29 Dec 2015,-,-,18 Dec 2015,28 Dec 2015,-
526797,GREENPLY,Greenply Industries Ltd,06 Jan 2016,Stock  Split From Rs.5/- to Rs.1/-,07 Jan 2016,-,-,31 Dec 2015,06 Jan 2016,-
531723,GATECH,GACM Technologies Ltd,07 Jan 2016,Stock  Split From Rs.10/- to Rs.1/-,09 Jan 2016,-,-,04 Jan 2016,07 Jan 2016,-
526263,MOLDTECH,Mold-Tek Technologies Ltd,17 Feb 2016,Stock  Split From Rs.10/- to Rs.2/-,18 Feb 2016,-,-,11 Feb 2016,16 Feb 2016,-
533080,MOLDTKPAC,Mold-Tek Packaging Ltd,17 Feb 2016,Stock  Split From Rs.10/- to Rs.5/-,18 Feb 2016,-,-,11 Feb 2016,16 Feb 2016,-
539132,WARDWIZFBL,Wardwizard Foods and Beverages Ltd,18 Feb 2016,Stock  Split From Rs.10/- to Rs.1/-,22 Feb 2016,-,-,15 Feb 2016,19 Feb 2016,-
512608,BHANDARI,Bhandari Hosiery Exports Ltd,25 Feb 2016,Stock  Split From Rs.10/- to Rs.1/-,26 Feb 2016,-,-,18 Feb 2016,25 Feb 2016,-
512529,SEQUENT,Sequent Scientific Ltd,25 Feb 2016,Stock  Split From Rs.10/- to Rs.2/-,26 Feb 2016,-,-,18 Feb 2016,25 Feb 2016,-
533239,PRAKASHSTL,Prakash Steelage Ltd,03 Mar 2016,Stock  Split From Rs.10/- to Rs.1/-,04 Mar 2016,-,-,26 Feb 2016,03 Mar 2016,-
539309,RAMASTEEL,Rama Steel Tubes Ltd,14 Mar 2016,Stock  Split From Rs.10/- to Rs.5/-,15 Mar 2016,-,-,08 Mar 2016,14 Mar 2016,-
590005,VEEDOL,Veedol Corporation Ltd,16 Mar 2016,Stock  Split From Rs.10/- to Rs.5/-,17 Mar 2016,-,-,10 Mar 2016,16 Mar 2016,-
523539,PRECWIRE,Precision Wires India Ltd,21 Mar 2016,Stock  Split From Rs.10/- to Rs.5/-,22 Mar 2016,-,-,15 Mar 2016,21 Mar 2016,-
514162,WELSPUNLIV,Welspun Living Ltd,21 Mar 2016,Stock  Split From Rs.10/- to Rs.1/-,22 Mar 2016,-,-,15 Mar 2016,21 Mar 2016,-
513307,SYNTHFO,Synthiko Foils Ltd,22 Mar 2016,Stock  Split From Rs.10/- to Rs.5/-,23 Mar 2016,-,-,18 Mar 2016,22 Mar 2016,-
539607,BLUECLOUDS,Blue Cloud Softech Solutions Ltd,06 Apr 2016,Stock  Split From Rs.10/- to Rs.5/-,09 Apr 2016,-,-,04 Apr 2016,06 Apr 2016,-
532660,VIVIMEDLAB,Vivimed Labs Ltd,06 Apr 2016,Stock  Split From Rs.10/- to Rs.2/-,08 Apr 2016,-,-,31 Mar 2016,06 Apr 2016,-
531161,ABMKNO,ABM Knowledgeware Ltd,07 Apr 2016,Stock  Split From Rs.10/- to Rs.5/-,11 Apr 2016,-,-,04 Apr 2016,08 Apr 2016,-
539196,AEL,Amba Enterprises Ltd,09 May 2016,Stock  Split From Rs.10/- to Rs.5/-,10 May 2016,-,-,03 May 2016,09 May 2016,-
532410,TRANSCOR,Transcorp International Ltd,13 May 2016,Stock  Split From Rs.10/- to Rs.2/-,16 May 2016,-,-,09 May 2016,13 May 2016,-
534309,NBCC,NBCC (India) Ltd,02 Jun 2016,Stock  Split From Rs.10/- to Rs.2/-,03 Jun 2016,-,-,27 May 2016,02 Jun 2016,-
539542,LUXIND,Lux Industries Ltd,06 Jun 2016,Stock  Split From Rs.10/- to Rs.2/-,07 Jun 2016,-,-,31 May 2016,06 Jun 2016,-
532725,SOLARINDS,Solar Industries India Ltd,13 Jul 2016,Stock  Split From Rs.10/- to Rs.2/-,14 Jul 2016,-,-,07 Jul 2016,13 Jul 2016,-
512455,LLOYDSME,Lloyds Metals and Energy Ltd,26 Jul 2016,Stock  Split From Rs.2/- to Rs.1/-,27 Jul 2016,-,-,20 Jul 2016,26 Jul 2016,-
504648,BOMBWIR,Bombay Wire Ropes Ltd,09 Aug 2016,Stock  Split From Rs.10/- to Rs.1/-,10 Aug 2016,-,-,03 Aug 2016,09 Aug 2016,-
539150,PNCINFRA,PNC Infratech Ltd,12 Aug 2016,Stock  Split From Rs.10/- to Rs.2/-,16 Aug 2016,-,-,08 Aug 2016,11 Aug 2016,-
500327,PILITA,Pil Italica Lifestyle Ltd,24 Aug 2016,Stock  Split From Rs.4/- to Rs.1/-,25 Aug 2016,-,-,18 Aug 2016,24 Aug 2016,-
532953,VGUARD,V-Guard Industries Ltd,30 Aug 2016,Stock  Split From Rs.10/- to Rs.1/-,31 Aug 2016,-,-,24 Aug 2016,30 Aug 2016,-
530871,CHEMBOND,Chembond Chemicals Ltd,06 Sep 2016,Stock  Split From Rs.10/- to Rs.5/-,07 Sep 2016,-,-,30 Aug 2016,06 Sep 2016,-
500034,BAJFINANCE,Bajaj Finance Ltd,08 Sep 2016,Stock  Split From Rs.10/- to Rs.2/-,10 Sep 2016,-,-,02 Sep 2016,08 Sep 2016,-
539594,MISHTANN ,Mishtann Foods Ltd,08 Sep 2016,Stock  Split From Rs.10/- to Rs.1/-,09 Sep 2016,-,-,01 Sep 2016,08 Sep 2016,-
500251,TRENT,Trent Ltd,12 Sep 2016,Stock  Split From Rs.10/- to Rs.1/-,14 Sep 2016,-,-,06 Sep 2016,12 Sep 2016,-
532539,UNOMINDA,UNO Minda Ltd,12 Sep 2016,Stock  Split From Rs.10/- to Rs.2/-,14 Sep 2016,-,-,06 Sep 2016,12 Sep 2016,-
502448,ROLLT,Rollatainers Ltd,22 Sep 2016,Stock  Split From Rs.2/- to Rs.1/-,23 Sep 2016,-,-,16 Sep 2016,22 Sep 2016,-
500233,KAJARIACER,Kajaria Ceramics Ltd,04 Oct 2016,Stock  Split From Rs.2/- to Rs.1/-,05 Oct 2016,-,-,28 Sep 2016,04 Oct 2016,-
500300,GRASIM,Grasim Industries Ltd,06 Oct 2016,Stock  Split From Rs.10/- to Rs.2/-,08 Oct 2016,-,-,03 Oct 2016,06 Oct 2016,-
538963,PACT,Pact Industries Ltd,10 Oct 2016,Stock  Split From Rs.10/- to Rs.1/-,13 Oct 2016,-,-,04 Oct 2016,10 Oct 2016,-
512161,SECURKLOUD,Securekloud Technologies Ltd,10 Oct 2016,Stock  Split From Rs.10/- to Rs.5/-,13 Oct 2016,-,-,04 Oct 2016,10 Oct 2016,-
533275,SHAH,Shah Metacorp Ltd,13 Oct 2016,Stock  Split From Rs.10/- to Rs.1/-,14 Oct 2016,-,-,05 Oct 2016,13 Oct 2016,-
539217,SRESTHA,Srestha Finvest Ltd,13 Oct 2016,Stock  Split From Rs.10/- to Rs.2/-,14 Oct 2016,-,-,05 Oct 2016,13 Oct 2016,-
539911,SNIM,Svarnim Trade Udyog Ltd,14 Oct 2016,Stock  Split From Rs.5/- to Rs.1/-,17 Oct 2016,-,-,06 Oct 2016,14 Oct 2016,-
524742,CAPLIPOINT,Caplin Point Laboratories Ltd,19 Oct 2016,Stock  Split From Rs.10/- to Rs.2/-,20 Oct 2016,-,-,13 Oct 2016,19 Oct 2016,-
531727,MENNPIS,Menon Pistons Ltd,20 Oct 2016,Stock  Split From Rs.10/- to Rs.1/-,21 Oct 2016,-,-,14 Oct 2016,20 Oct 2016,-
539410,MUZALI,Muzali Arts Ltd,20 Oct 2016,Stock  Split From Rs.10/- to Rs.1/-,22 Oct 2016,-,-,17 Oct 2016,20 Oct 2016,-
537820,VIJIFIN,Viji Finance Ltd,25 Oct 2016,Stock  Split From Rs.10/- to Rs.1/-,26 Oct 2016,-,-,19 Oct 2016,25 Oct 2016,-
536128,VKJINFRA,VKJ Infradevelopers Ltd,25 Oct 2016,Stock  Split From Rs.10/- to Rs.1/-,26 Oct 2016,-,-,19 Oct 2016,25 Oct 2016,-
530803,BHAGERIA,Bhageria Industries Ltd,26 Oct 2016,Stock  Split From Rs.10/- to Rs.5/-,27 Oct 2016,-,-,20 Oct 2016,26 Oct 2016,-
538180,GOLDLINE,Gold Line International Finvest Ltd,28 Oct 2016,Stock  Split From Rs.10/- to Rs.1/-,01 Nov 2016,-,-,25 Oct 2016,30 Oct 2016,-
512175,VAMA,Vama Industries Ltd,02 Nov 2016,Stock  Split From Rs.10/- to Rs.2/-,03 Nov 2016,-,-,27 Oct 2016,02 Nov 2016,-
531129,INANI,Inani Marbles & Industries Ltd,10 Nov 2016,Stock  Split From Rs.10/- to Rs.2/-,11 Nov 2016,-,-,04 Nov 2016,10 Nov 2016,-
521016,ICIL,Indo Count Industries Ltd,11 Nov 2016,Stock  Split From Rs.10/- to Rs.2/-,15 Nov 2016,-,-,07 Nov 2016,11 Nov 2016,-
590003,KARURVYSYA,Karur Vysya Bank Ltd,17 Nov 2016,Stock  Split From Rs.10/- to Rs.2/-,18 Nov 2016,-,-,10 Nov 2016,17 Nov 2016,-
531595,CGCL,Capri Global Capital Ltd,23 Nov 2016,Stock  Split From Rs.10/- to Rs.2/-,24 Nov 2016,-,-,17 Nov 2016,23 Nov 2016,-
532889,KPRMILL,K.P.R. Mill Limited,29 Nov 2016,Stock  Split From Rs.10/- to Rs.5/-,30 Nov 2016,-,-,23 Nov 2016,29 Nov 2016,-
537800,MANGIND,Mangalam Industrial Finance Ltd,29 Nov 2016,Stock  Split From Rs.10/- to Rs.1/-,30 Nov 2016,-,-,23 Nov 2016,29 Nov 2016,-
532942,KNRCON,KNR Constructions Ltd,13 Dec 2016,Stock  Split From Rs.10/- to Rs.2/-,14 Dec 2016,-,-,06 Dec 2016,13 Dec 2016,-
531082,ALANKIT,Alankit Ltd,15 Dec 2016,Stock  Split From Rs.2/- to Rs.1/-,16 Dec 2016,-,-,08 Dec 2016,15 Dec 2016,-
512463,LLOYDSENT,Lloyds Enterprises Ltd,21 Dec 2016,Stock  Split From Rs.5/- to Rs.1/-,22 Dec 2016,-,-,15 Dec 2016,21 Dec 2016,-
532457,GULPOLY,Gulshan Polyols Ltd,27 Dec 2016,Stock  Split From Rs.5/- to Rs.1/-,28 Dec 2016,-,-,21 Dec 2016,27 Dec 2016,-
500228,JSWSTEEL,JSW Steel Ltd,04 Jan 2017,Stock  Split From Rs.10/- to Rs.1/-,05 Jan 2017,-,-,29 Dec 2016,04 Jan 2017,-
530759,STERTOOLS,Sterling Tools Ltd,09 Jan 2017,Stock  Split From Rs.10/- to Rs.2/-,10 Jan 2017,-,-,03 Jan 2017,09 Jan 2017,-
511736,USHDI,Ushdev International Ltd,30 Jan 2017,Stock  Split From Rs.10/- to Rs.1/-,31 Jan 2017,-,-,23 Jan 2017,30 Jan 2017,-
530201,KALLAM,Kallam Textiles Ltd,02 Feb 2017,Stock  Split From Rs.10/- to Rs.2/-,03 Feb 2017,-,-,27 Jan 2017,02 Feb 2017,-
539788,KDML,Khemani Distributors & Marketing Ltd,02 Feb 2017,Stock  Split From Rs.10/- to Rs.5/-,03 Feb 2017,-,-,27 Jan 2017,02 Feb 2017,-
532783,LTFOODS,LT Foods Ltd,07 Feb 2017,Stock  Split From Rs.10/- to Rs.1/-,08 Feb 2017,-,-,01 Feb 2017,07 Feb 2017,-
532767,GAYAPROJ,Gayatri Projects Ltd,10 Feb 2017,Stock  Split From Rs.10/- to Rs.2/-,13 Feb 2017,-,-,06 Feb 2017,10 Feb 2017,-
532456,COMPINFO,Compuage Infocom Ltd,16 Feb 2017,Stock  Split From Rs.10/- to Rs.2/-,17 Feb 2017,-,-,10 Feb 2017,16 Feb 2017,-
537524,VIAANINDUS,Viaan Industries Ltd,09 Mar 2017,Stock  Split From Rs.10/- to Rs.1/-,10 Mar 2017,-,-,03 Mar 2017,09 Mar 2017,-
500049,BEL,Bharat Electronics Ltd,16 Mar 2017,Stock  Split From Rs.10/- to Rs.1/-,17 Mar 2017,-,-,09 Mar 2017,16 Mar 2017,-
540073,BLS,BLS International Services Ltd,26 Apr 2017,Stock  Split From Rs.10/- to Rs.1/-,27 Apr 2017,-,-,20 Apr 2017,26 Apr 2017,-
540361,DANUBE,Danube Industries Ltd,28 Apr 2017,Stock  Split From Rs.10/- to Rs.1/-,02 May 2017,-,-,24 Apr 2017,28 Apr 2017,-
505850,MANCREDIT,Mangal Credit and Fincorp Ltd,17 May 2017,Stock  Split From Rs.10/- to Rs.1/-,18 May 2017,-,-,11 May 2017,17 May 2017,-
540025,ADVENZYMES,Advanced Enzyme Technologies Ltd,25 May 2017,Stock  Split From Rs.10/- to Rs.2/-,26 May 2017,-,-,19 May 2017,25 May 2017,-
509635,HINDCOMPOS,Hindustan Composites Ltd,25 May 2017,Stock  Split From Rs.10/- to Rs.5/-,26 May 2017,-,-,19 May 2017,25 May 2017,-
532914,ARCOTECH,Arcotech Ltd,22 Jun 2017,Stock  Split From Rs.10/- to Rs.2/-,23 Jun 2017,-,-,16 Jun 2017,22 Jun 2017,-
532504,NAVINFLUOR,Navin Fluorine International Ltd,19 Jul 2017,Stock  Split From Rs.10/- to Rs.2/-,20 Jul 2017,-,-,13 Jul 2017,19 Jul 2017,-
512179,SUNTECK,Sunteck Realty Ltd,25 Jul 2017,Stock  Split From Rs.2/- to Rs.1/-,26 Jul 2017,-,-,19 Jul 2017,25 Jul 2017,-
531556,CORALFINAC,Coral India Finance & Housing Ltd,03 Aug 2017,Stock  Split From Rs.10/- to Rs.2/-,04 Aug 2017,-,-,28 Jul 2017,03 Aug 2017,-
532610,DWARKESH,Dwarikesh Sugar Industries Ltd,10 Aug 2017,Stock  Split From Rs.10/- to Rs.1/-,-,12 Aug 2017,19 Aug 2017,07 Aug 2017,10 Aug 2017,-
531626,OROSMITHS,Orosil Smiths India Ltd,24 Aug 2017,Stock  Split From Rs.5/- to Rs.1/-,28 Aug 2017,-,-,18 Aug 2017,24 Aug 2017,-
539807,INFIBEAM,Infibeam Avenues Ltd,31 Aug 2017,Stock  Split From Rs.10/- to Rs.1/-,01 Sep 2017,-,-,24 Aug 2017,31 Aug 2017,-
502137,DECCANCE,Deccan Cements Ltd,11 Sep 2017,Stock  Split From Rs.10/- to Rs.5/-,12 Sep 2017,-,-,05 Sep 2017,11 Sep 2017,-
502219,BORORENEW,Borosil Renewables Ltd,14 Sep 2017,Stock  Split From Rs.10/- to Rs.1/-,15 Sep 2017,-,-,08 Sep 2017,14 Sep 2017,-
505355,NESCO,NESCO Ltd,15 Sep 2017,Stock  Split From Rs.10/- to Rs.2/-,18 Sep 2017,-,-,11 Sep 2017,15 Sep 2017,-
532648,YESBANK,Yes Bank Ltd,21 Sep 2017,Stock  Split From Rs.10/- to Rs.2/-,22 Sep 2017,-,-,15 Sep 2017,21 Sep 2017,-
523025,SAFARI,Safari Industries India Ltd,22 Sep 2017,Stock  Split From Rs.10/- to Rs.2/-,25 Sep 2017,-,-,18 Sep 2017,22 Sep 2017,-
532782,SUTLEJTEX,Sutlej Textiles and Industries Ltd,26 Sep 2017,Stock  Split From Rs.10/- to Rs.1/-,27 Sep 2017,-,-,20 Sep 2017,26 Sep 2017,-
504000,ELPROINTL,Elpro International Ltd,27 Sep 2017,Stock  Split From Rs.2/- to Rs.1/-,28 Sep 2017,-,-,21 Sep 2017,27 Sep 2017,-
532928,TARIL,Transformers and Rectifiers (India) Ltd,28 Sep 2017,Stock  Split From Rs.10/- to Rs.1/-,30 Sep 2017,-,-,25 Sep 2017,28 Sep 2017,-
520051,JAMNAAUTO,Jamna Auto Industries Ltd,05 Oct 2017,Stock  Split From Rs.5/- to Rs.1/-,06 Oct 2017,-,-,28 Sep 2017,05 Oct 2017,-
519552,HERITGFOOD,Heritage Foods Ltd,10 Oct 2017,Stock  Split From Rs.10/- to Rs.5/-,11 Oct 2017,-,-,04 Oct 2017,10 Oct 2017,-
511196,CANFINHOME,Can Fin Homes Ltd,12 Oct 2017,Stock  Split From Rs.10/- to Rs.2/-,13 Oct 2017,-,-,06 Oct 2017,12 Oct 2017,-
532486,POKARNA,Pokarna Ltd,18 Oct 2017,Stock  Split From Rs.10/- to Rs.2/-,23 Oct 2017,-,-,13 Oct 2017,19 Oct 2017,-
538598,VISHAL,Vishal Fabrics Ltd,24 Oct 2017,Stock  Split From Rs.10/- to Rs.5/-,25 Oct 2017,-,-,16 Oct 2017,24 Oct 2017,-
503811,SIYSIL,Siyaram Silk Mills Ltd,25 Oct 2017,Stock  Split From Rs.10/- to Rs.2/-,26 Oct 2017,-,-,17 Oct 2017,25 Oct 2017,-
505029,ATLASCYCLE,Atlas Cycles (Haryana) Ltd,30 Oct 2017,Stock  Split From Rs.10/- to Rs.5/-,31 Oct 2017,-,-,24 Oct 2017,30 Oct 2017,-
512453,SHRJAGP,Shri Jagdamba Polymers Ltd,01 Nov 2017,Stock  Split From Rs.10/- to Rs.1/-,02 Nov 2017,-,-,26 Oct 2017,01 Nov 2017,-
532514,IGL,Indraprastha Gas Ltd,09 Nov 2017,Stock  Split From Rs.10/- to Rs.2/-,10 Nov 2017,-,-,03 Nov 2017,09 Nov 2017,-
530621,AAIL,Akar Auto Industries Ltd,29 Nov 2017,Stock  Split From Rs.10/- to Rs.5/-,01 Dec 2017,-,-,24 Nov 2017,29 Nov 2017,-
539773,ADVIKCA,Advik Capital Ltd,14 Dec 2017,Stock  Split From Rs.10/- to Rs.1/-,15 Dec 2017,-,-,08 Dec 2017,14 Dec 2017,-
513291,PREMPIPES,Premier Pipes Ltd,22 Dec 2017,Stock  Split From Rs.10/- to Rs.5/-,26 Dec 2017,-,-,18 Dec 2017,22 Dec 2017,-
531543,JINDWORLD,Jindal Worldwide Ltd,26 Dec 2017,Stock  Split From Rs.10/- to Rs.5/-,27 Dec 2017,-,-,19 Dec 2017,26 Dec 2017,-
530883,SUCROSA,Super Crop Safe Ltd,04 Jan 2018,Stock  Split From Rs.10/- to Rs.2/-,05 Jan 2018,-,-,29 Dec 2017,04 Jan 2018,-
505729,SINGER,Singer India Ltd,17 Jan 2018,Stock  Split From Rs.10/- to Rs.2/-,18 Jan 2018,-,-,11 Jan 2018,17 Jan 2018,-
532240,INDNIPPON,India Nippon Electricals Ltd,21 Mar 2018,Stock  Split From Rs.10/- to Rs.5/-,22 Mar 2018,-,-,15 Mar 2018,21 Mar 2018,-
503101,MARATHON,Marathon Nextgen Realty Ltd,05 Apr 2018,Stock  Split From Rs.10/- to Rs.5/-,06 Apr 2018,-,-,28 Mar 2018,05 Apr 2018,-
540696,KCDGROUP,KCD Industries India Ltd,10 Apr 2018,Stock  Split From Rs.10/- to Rs.5/-,11 Apr 2018,-,-,04 Apr 2018,10 Apr 2018,-
590006,AMRUTANJAN,Amrutanjan Health Care Ltd,13 Apr 2018,Stock  Split From Rs.2/- to Rs.1/-,16 Apr 2018,-,-,09 Apr 2018,13 Apr 2018,-
539310,THINKINK,Thinkink Picturez Ltd,17 Apr 2018,Stock  Split From Rs.10/- to Rs.1/-,18 Apr 2018,-,-,11 Apr 2018,17 Apr 2018,-
507552,FOODSIN,Foods & Inns Ltd,19 Apr 2018,Stock  Split From Rs.10/- to Rs.1/-,20 Apr 2018,-,-,13 Apr 2018,19 Apr 2018,-
506590,PCBL,PCBL Chemical Ltd,19 Apr 2018,Stock  Split From Rs.10/- to Rs.2/-,20 Apr 2018,-,-,13 Apr 2018,19 Apr 2018,-
539148,SHIVALIK,Shivalik Rasayan Ltd,19 Apr 2018,Stock  Split From Rs.10/- to Rs.5/-,20 Apr 2018,-,-,13 Apr 2018,19 Apr 2018,-
539620,KEIL,Kanoria Energy & Infrastructure Ltd,20 Apr 2018,Stock  Split From Rs.10/- to Rs.5/-,23 Apr 2018,-,-,16 Apr 2018,20 Apr 2018,-
534309,NBCC,NBCC (India) Ltd,25 Apr 2018,Stock  Split From Rs.2/- to Rs.1/-,26 Apr 2018,-,-,19 Apr 2018,25 Apr 2018,-
506373,CITURGIA,Citurgia Biochemicals Ltd,26 Apr 2018,Stock  Split From Rs.10/- to Rs.2/-,30 Apr 2018,-,-,23 Apr 2018,26 Apr 2018,-
539228,GGPL,Gala Global Products Ltd,10 May 2018,Stock  Split From Rs.10/- to Rs.5/-,12 May 2018,-,-,07 May 2018,10 May 2018,-
502850,ZGAEKWAR,Gaekwar Mills Ltd ,31 May 2018,Stock  Split From Rs.100/- to Rs.10/-,01 Jun 2018,-,-,25 May 2018,31 May 2018,-
532796,LUMAXTECH,Lumax Auto Technologies Ltd,07 Jun 2018,Stock  Split From Rs.10/- to Rs.2/-,08 Jun 2018,-,-,01 Jun 2018,07 Jun 2018,-
537766,BCP,B.C. Power Controls Ltd,14 Jun 2018,Stock  Split From Rs.10/- to Rs.2/-,15 Jun 2018,-,-,08 Jun 2018,14 Jun 2018,-
532432,UNITDSPR,United Spirits Ltd,15 Jun 2018,Stock  Split From Rs.10/- to Rs.2/-,18 Jun 2018,-,-,11 Jun 2018,15 Jun 2018,-
531518,VIKASPROP,Vikas Proppant & Granite Ltd,22 Jun 2018,Stock  Split From Rs.10/- to Rs.1/-,25 Jun 2018,-,-,18 Jun 2018,22 Jun 2018,-
532646,UNIPLY,Uniply Industries Ltd,25 Jun 2018,Stock  Split From Rs.10/- to Rs.2/-,26 Jun 2018,-,-,19 Jun 2018,25 Jun 2018,-
512573,AVANTIFEED,Avanti Feeds Ltd,26 Jun 2018,Stock  Split From Rs.2/- to Rs.1/-,27 Jun 2018,-,-,20 Jun 2018,26 Jun 2018,-
531344,CONCOR,Container Corporation of India Ltd,26 Jun 2018,Stock  Split From Rs.10/- to Rs.5/-,27 Jun 2018,-,-,20 Jun 2018,26 Jun 2018,-
526227,FILATEX,Filatex India Ltd,27 Jun 2018,Stock  Split From Rs.10/- to Rs.2/-,28 Jun 2018,-,-,21 Jun 2018,27 Jun 2018,-
523151,OTCO,OTCO International Ltd,10 Jul 2018,Stock  Split From Rs.10/- to Rs.2/-,11 Jul 2018,-,-,04 Jul 2018,10 Jul 2018,-
506414,FERMENTA,Fermenta Biotech Ltd,08 Aug 2018,Stock  Split From Rs.10/- to Rs.5/-,09 Aug 2018,-,-,02 Aug 2018,08 Aug 2018,-
500412,TIRUMALCHM,Thirumalai Chemicals Ltd,14 Aug 2018,Stock  Split From Rs.10/- to Rs.1/-,17 Aug 2018,-,-,09 Aug 2018,14 Aug 2018,-
504067,ZENSARTECH,Zensar Technologies Ltd,07 Sep 2018,Stock  Split From Rs.10/- to Rs.2/-,10 Sep 2018,-,-,03 Sep 2018,07 Sep 2018,-
539407,GENCON,Generic Engineering Construction and Projects Ltd,17 Sep 2018,Stock  Split From Rs.10/- to Rs.5/-,18 Sep 2018,-,-,10 Sep 2018,17 Sep 2018,-
536974,CPL,Captain Polyplast Ltd,19 Sep 2018,Stock  Split From Rs.10/- to Rs.2/-,21 Sep 2018,-,-,12 Sep 2018,19 Sep 2018,-
505283,KIRLPNU,Kirloskar Pneumatic Company Ltd,26 Sep 2018,Stock  Split From Rs.10/- to Rs.2/-,27 Sep 2018,-,-,19 Sep 2018,26 Sep 2018,-
540750,IEX,Indian Energy Exchange Ltd,19 Oct 2018,Stock  Split From Rs.10/- to Rs.1/-,22 Oct 2018,-,-,12 Oct 2018,19 Oct 2018,-
521220,DAMODARIND,Damodar Industries Ltd,25 Oct 2018,Stock  Split From Rs.10/- to Rs.5/-,26 Oct 2018,-,-,19 Oct 2018,25 Oct 2018,-
531543,JINDWORLD,Jindal Worldwide Ltd,31 Oct 2018,Stock  Split From Rs.5/- to Rs.1/-,01 Nov 2018,-,-,25 Oct 2018,31 Oct 2018,-
539594,MISHTANN ,Mishtann Foods Ltd,01 Nov 2018,Stock  Split From Rs.10/- to Rs.1/-,02 Nov 2018,-,-,26 Oct 2018,01 Nov 2018,-
513693,KAJARIR,KIC Metaliks Ltd,02 Nov 2018,Stock  Split From Rs.10/- to Rs.2/-,05 Nov 2018,-,-,29 Oct 2018,02 Nov 2018,-
532713,SAKUMA,Sakuma Exports Ltd,12 Nov 2018,Stock  Split From Rs.10/- to Rs.1/-,13 Nov 2018,-,-,02 Nov 2018,12 Nov 2018,-
531859,ORIRAIL,Oriental Rail Infrastructure Ltd,14 Nov 2018,Stock  Split From Rs.10/- to Rs.1/-,15 Nov 2018,-,-,06 Nov 2018,14 Nov 2018,-
500825,BRITANNIA,Britannia Industries Ltd,29 Nov 2018,Stock  Split From Rs.2/- to Rs.1/-,30 Nov 2018,-,-,22 Nov 2018,29 Nov 2018,-
500078,OAL,Oriental Aromatics Ltd,13 Dec 2018,Stock  Split From Rs.10/- to Rs.5/-,14 Dec 2018,-,-,07 Dec 2018,13 Dec 2018,-
540728,SAYAJIIND,Sayaji Industries Ltd,27 Dec 2018,Stock  Split From Rs.10/- to Rs.5/-,28 Dec 2018,-,-,20 Dec 2018,27 Dec 2018,-
524091,CARYSIL,Carysil Ltd,10 Jan 2019,Stock  Split From Rs.10/- to Rs.2/-,11 Jan 2019,-,-,04 Jan 2019,10 Jan 2019,-
539336,GUJGASLTD,Gujarat Gas Ltd,15 Jan 2019,Stock  Split From Rs.10/- to Rs.2/-,16 Jan 2019,-,-,09 Jan 2019,15 Jan 2019,-
506642,SADHNANIQ,Sadhana Nitro Chem Ltd,29 Jan 2019,Stock  Split From Rs.10/- to Rs.5/-,30 Jan 2019,-,-,23 Jan 2019,29 Jan 2019,-
540954,IWP,The Indian Wood Products Company Ltd,15 Feb 2019,Stock  Split From Rs.10/- to Rs.2/-,19 Feb 2019,-,-,12 Feb 2019,15 Feb 2019,-
540366,RADIOCITY,Music Broadcast Ltd,20 Feb 2019,Stock  Split From Rs.10/- to Rs.2/-,21 Feb 2019,-,-,13 Feb 2019,20 Feb 2019,-
511609,ISLCONSUL,ISL Consulting Ltd,08 Mar 2019,Stock  Split From Rs.10/- to Rs.5/-,11 Mar 2019,-,-,01 Mar 2019,08 Mar 2019,-
508993,KEDIACN,Kedia Construction Company Ltd ,14 Mar 2019,Stock  Split From Rs.10/- to Rs.5/-,15 Mar 2019,-,-,08 Mar 2019,14 Mar 2019,-
508875,NITINCAST,Nitin Castings Ltd,14 Mar 2019,Stock  Split From Rs.10/- to Rs.5/-,15 Mar 2019,-,-,08 Mar 2019,14 Mar 2019,-
533033,ISGEC,ISGEC Heavy Engineering Ltd,28 Mar 2019,Stock  Split From Rs.10/- to Rs.1/-,29 Mar 2019,-,-,22 Mar 2019,27 Mar 2019,-
526959,WOODSVILA,Woodsvilla Ltd,04 Apr 2019,Stock  Split From Rs.10/- to Rs.5/-,05 Apr 2019,-,-,28 Mar 2019,04 Apr 2019,-
531592,GENPHARMA,Genpharmasec Ltd,11 Apr 2019,Stock  Split From Rs.10/- to Rs.1/-,12 Apr 2019,-,-,05 Apr 2019,11 Apr 2019,-
533602,LESHAIND,Lesha Industries Ltd,11 Apr 2019,Stock  Split From Rs.10/- to Rs.1/-,12 Apr 2019,-,-,05 Apr 2019,11 Apr 2019,-
531512,ORIENTTR,Orient Tradelink Ltd,07 May 2019,Stock  Split From Rs.10/- to Rs.2/-,08 May 2019,-,-,02 May 2019,07 May 2019,-
511243,CHOLAFIN,Cholamandalam Investment and Finance Company Ltd,14 Jun 2019,Stock  Split From Rs.10/- to Rs.2/-,17 Jun 2019,-,-,10 Jun 2019,14 Jun 2019,-
530581,EKAMLEA,Ekam Leasing & Finance Company Ltd,14 Jun 2019,Stock  Split From Rs.10/- to Rs.5/-,17 Jun 2019,-,-,10 Jun 2019,14 Jun 2019,-
523694,APCOTEXIND,Apcotex Industries Ltd,04 Jul 2019,Stock  Split From Rs.5/- to Rs.2/-,05 Jul 2019,-,-,28 Jun 2019,04 Jul 2019,-
509887,SINNAR,Sinnar Bidi Udyog Ltd,30 Jul 2019,Stock  Split From Rs.10/- to Rs.5/-,31 Jul 2019,-,-,24 Jul 2019,30 Jul 2019,-
502450,SESHAPAPER,Seshasayee Paper and Boards Ltd,19 Aug 2019,Stock  Split From Rs.10/- to Rs.2/-,20 Aug 2019,-,-,13 Aug 2019,19 Aug 2019,-
511768,MASTERTR,Master Trust Ltd,26 Aug 2019,Stock  Split From Rs.10/- to Rs.5/-,27 Aug 2019,-,-,20 Aug 2019,26 Aug 2019,-
519299,PRIMIND,Prime Industries Ltd,12 Sep 2019,Stock  Split From Rs.10/- to Rs.5/-,13 Sep 2019,-,-,05 Sep 2019,12 Sep 2019,-
500180,HDFCBANK,HDFC Bank Ltd,19 Sep 2019,Stock  Split From Rs.2/- to Rs.1/-,20 Sep 2019,-,-,13 Sep 2019,19 Sep 2019,-
531281,MARBLE,Marble City India Ltd,14 Oct 2019,Stock  Split From Rs.10/- to Rs.5/-,15 Oct 2019,-,-,07 Oct 2019,14 Oct 2019,-
539201,SATIA,Satia Industries Ltd,15 Oct 2019,Stock  Split From Rs.10/- to Rs.1/-,16 Oct 2019,-,-,09 Oct 2019,15 Oct 2019,-
501622,AMALGAM,Amalgamated Electricity Company Ltd,24 Oct 2019,Stock  Split From Rs.10/- to Rs.5/-,25 Oct 2019,-,-,17 Oct 2019,23 Oct 2019,-
508807,ISTLTD,I S T Ltd,01 Nov 2019,Stock  Split From Rs.10/- to Rs.5/-,04 Nov 2019,-,-,25 Oct 2019,01 Nov 2019,-
514386,GUJCOTEX,Gujarat Cotex Ltd,22 Nov 2019,Stock  Split From Rs.10/- to Rs.5/-,25 Nov 2019,-,-,18 Nov 2019,22 Nov 2019,-
515127,RAMASIGNS,Ramasigns Industries Ltd,28 Nov 2019,Stock  Split From Rs.10/- to Rs.5/-,29 Nov 2019,-,-,22 Nov 2019,28 Nov 2019,-
521064,TRIDENT,Trident Ltd,13 Dec 2019,Stock  Split From Rs.10/- to Rs.1/-,16 Dec 2019,-,-,09 Dec 2019,13 Dec 2019,-
503816,SWADPOL,Swadeshi Polytex Ltd,09 Jan 2020,Stock  Split From Rs.10/- to Rs.1/-,10 Jan 2020,-,-,03 Jan 2020,09 Jan 2020,-
540673,SIS,SIS Ltd,15 Jan 2020,Stock  Split From Rs.10/- to Rs.5/-,16 Jan 2020,-,-,09 Jan 2020,15 Jan 2020,-
524200,VINATIORGA,Vinati Organics Ltd,05 Feb 2020,Stock  Split From Rs.2/- to Rs.1/-,06 Feb 2020,-,-,30 Jan 2020,05 Feb 2020,-
539875,RSDFIN,RSD Finance Ltd,11 Feb 2020,Stock  Split From Rs.10/- to Rs.5/-,12 Feb 2020,-,-,05 Feb 2020,11 Feb 2020,-
539526,SCTL,Suncare Traders Ltd,06 Mar 2020,Stock  Split From Rs.10/- to Rs.2/-,09 Mar 2020,-,-,02 Mar 2020,06 Mar 2020,-
507944,BAJAJST,Bajaj Steel Industries Ltd,24 Mar 2020,Stock  Split From Rs.10/- to Rs.5/-,26 Mar 2020,-,-,19 Mar 2020,25 Mar 2020,-
541956,IRCON,IRCON International Ltd,03 Apr 2020,Stock  Split From Rs.10/- to Rs.2/-,07 Apr 2020,-,-,27 Mar 2020,03 Apr 2020,-
506642,SADHNANIQ,Sadhana Nitro Chem Ltd,03 Apr 2020,Stock  Split From Rs.5/- to Rs.1/-,07 Apr 2020,-,-,31 Mar 2020,03 Apr 2020,-
539894,MADHAVIPL,Madhav Infra Projects Ltd,27 Apr 2020,Stock  Split From Rs.10/- to Rs.1/-,28 Apr 2020,-,-,21 Apr 2020,27 Apr 2020,-
523023,SINCLAIR,Sinclairs Hotels Ltd,17 Jun 2020,Stock  Split From Rs.10/- to Rs.2/-,18 Jun 2020,-,-,11 Jun 2020,17 Jun 2020,-
501343,MOTOGENFIN,Motor & General Finance Ltd,19 Jun 2020,Stock  Split From Rs.10/- to Rs.5/-,22 Jun 2020,-,-,15 Jun 2020,19 Jun 2020,-
541161,KBCGLOBAL,KBC Global Ltd,02 Jul 2020,Stock  Split From Rs.10/- to Rs.2/-,03 Jul 2020,-,-,26 Jun 2020,02 Jul 2020,-
532937,KUANTUM,Kuantum Papers Ltd,14 Jul 2020,Stock  Split From Rs.10/- to Rs.1/-,15 Jul 2020,-,-,08 Jul 2020,14 Jul 2020,-
531065,OSWALOR,Oswal Overseas Ltd,13 Aug 2020,Stock  Split From Rs.10/- to Rs.5/-,14 Aug 2020,-,-,07 Aug 2020,13 Aug 2020,-
505200,EICHERMOT,Eicher Motors Ltd,24 Aug 2020,Stock  Split From Rs.10/- to Rs.1/-,25 Aug 2020,-,-,19 Aug 2020,24 Aug 2020,-
523160,MORGANITE,Morganite Crucible India Ltd,31 Aug 2020,Stock  Split From Rs.10/- to Rs.5/-,01 Sep 2020,-,-,25 Aug 2020,31 Aug 2020,-
539097,URSUGAR,UR Sugar Industries Ltd,03 Sep 2020,Stock  Split From Rs.10/- to Rs.2/-,04 Sep 2020,-,-,28 Aug 2020,03 Sep 2020,-
539354,POLYSPIN,Polyspin Exports Ltd,07 Sep 2020,Stock  Split From Rs.10/- to Rs.5/-,08 Sep 2020,-,-,02 Sep 2020,07 Sep 2020,-
540222,LAURUSLABS,Laurus Labs Ltd,29 Sep 2020,Stock  Split From Rs.10/- to Rs.2/-,30 Sep 2020,-,-,23 Sep 2020,29 Sep 2020,-
524226,GAEL,Gujarat Ambuja Exports Ltd,01 Oct 2020,Stock  Split From Rs.2/- to Rs.1/-,05 Oct 2020,-,-,25 Sep 2020,01 Oct 2020,-
540259,SHANGAR,Shangar Decor Ltd,12 Oct 2020,Stock  Split From Rs.10/- to Rs.5/-,13 Oct 2020,-,-,06 Oct 2020,12 Oct 2020,-
507514,SDBL,Som Distilleries & Breweries Ltd,15 Oct 2020,Stock  Split From Rs.10/- to Rs.5/-,16 Oct 2020,-,-,09 Oct 2020,15 Oct 2020,-
523232,CONTPTR,Continental Petroleums Ltd,05 Nov 2020,Stock  Split From Rs.10/- to Rs.5/-,06 Nov 2020,-,-,29 Oct 2020,05 Nov 2020,-
533758,APLAPOLLO,APL Apollo Tubes Ltd,15 Dec 2020,Stock  Split From Rs.10/- to Rs.2/-,16 Dec 2020,-,-,09 Dec 2020,15 Dec 2020,-
540492,STARLENT,Starlineps Enterprises Ltd,22 Dec 2020,Stock  Split From Rs.10/- to Rs.5/-,23 Dec 2020,-,-,16 Dec 2020,22 Dec 2020,-
505590,SVPGLOB,SVP Global Textiles Ltd,14 Jan 2021,Stock  Split From Rs.10/- to Rs.1/-,15 Jan 2021,-,-,08 Jan 2021,14 Jan 2021,-
532674,BASML,Bannari Amman Spinning Mills Ltd,12 Feb 2021,Stock  Split From Rs.10/- to Rs.5/-,15 Feb 2021,-,-,08 Feb 2021,12 Feb 2021,-
534755,TRIOMERC,Trio Mercantile & Trading Ltd,09 Mar 2021,Stock  Split From Rs.10/- to Rs.2/-,10 Mar 2021,-,-,03 Mar 2021,09 Mar 2021,-
538970,WARDINMOBI,Wardwizard Innovations & Mobility Ltd,17 Mar 2021,Stock  Split From Rs.10/- to Rs.1/-,18 Mar 2021,-,-,10 Mar 2021,17 Mar 2021,-
540699,DIXON,Dixon Technologies (India) Ltd,18 Mar 2021,Stock  Split From Rs.10/- to Rs.2/-,19 Mar 2021,-,-,12 Mar 2021,18 Mar 2021,-
540006,EASTWEST,East West Freight Carriers Ltd,30 Mar 2021,Stock  Split From Rs.10/- to Rs.2/-,31 Mar 2021,-,-,23 Mar 2021,26 Mar 2021,-
539359,PRITIKAUTO,Pritika Auto Industries Ltd,09 Apr 2021,Stock  Split From Rs.10/- to Rs.2/-,13 Apr 2021,-,-,06 Apr 2021,09 Apr 2021,-
526951,STYLAMIND,Stylam Industries Ltd,12 Apr 2021,Stock  Split From Rs.10/- to Rs.5/-,15 Apr 2021,-,-,07 Apr 2021,13 Apr 2021,-
500940,FINPIPE,Finolex Industries Ltd,15 Apr 2021,Stock  Split From Rs.10/- to Rs.2/-,16 Apr 2021,-,-,07 Apr 2021,15 Apr 2021,-
535602,SHARDAMOTR,Sharda Motor Industries Ltd,16 Apr 2021,Stock  Split From Rs.10/- to Rs.2/-,19 Apr 2021,-,-,08 Apr 2021,16 Apr 2021,-
532156,VAIBHAVGBL,Vaibhav Global Ltd,07 May 2021,Stock  Split From Rs.10/- to Rs.2/-,10 May 2021,-,-,03 May 2021,07 May 2021,-
506767,ALKYLAMINE,Alkyl Amines Chemicals Ltd,11 May 2021,Stock  Split From Rs.5/- to Rs.2/-,12 May 2021,-,-,05 May 2021,11 May 2021,-
539519,SATTVASUKU,Sattva Sukun Lifecare Ltd,11 May 2021,Stock  Split From Rs.10/- to Rs.5/-,13 May 2021,-,-,06 May 2021,11 May 2021,-
505750,JOSTS,Josts Engineering Company Ltd,20 May 2021,Stock  Split From Rs.10/- to Rs.5/-,21 May 2021,-,-,14 May 2021,20 May 2021,-
507265,EMERALL,Emerald Leisures Ltd,24 May 2021,Stock  Split From Rs.10/- to Rs.5/-,25 May 2021,-,-,18 May 2021,21 May 2021,-
540614,GGENG,G G Engineering Ltd,21 Jun 2021,Stock  Split From Rs.10/- to Rs.2/-,22 Jun 2021,-,-,15 Jun 2021,21 Jun 2021,-
533506,INVENTURE,Inventure Growth & Securities Ltd,24 Jun 2021,Stock  Split From Rs.10/- to Rs.1/-,25 Jun 2021,-,-,18 Jun 2021,24 Jun 2021,-
524444,EVEXIA,Evexia Lifecare Ltd,26 Jul 2021,Stock  Split From Rs.10/- to Rs.2/-,27 Jul 2021,-,-,19 Jul 2021,26 Jul 2021,-
590005,VEEDOL,Veedol Corporation Ltd,26 Jul 2021,Stock  Split From Rs.5/- to Rs.2/-,27 Jul 2021,-,-,-,26 Jul 2021,-
541161,KBCGLOBAL,KBC Global Ltd,12 Aug 2021,Stock  Split From Rs.2/- to Rs.1/-,13 Aug 2021,-,-,06 Aug 2021,11 Aug 2021,-
542025,SUNRETAIL,Sun Retail Ltd,13 Aug 2021,Stock  Split From Rs.10/- to Rs.1/-,17 Aug 2021,-,-,10 Aug 2021,16 Aug 2021,-
502090,SAGCEM,Sagar Cements Ltd,17 Aug 2021,Stock  Split From Rs.10/- to Rs.2/-,18 Aug 2021,-,-,10 Aug 2021,17 Aug 2021,-
540786,SHARIKA,Sharika Enterprises Ltd,17 Aug 2021,Stock  Split From Rs.10/- to Rs.5/-,18 Aug 2021,-,-,10 Aug 2021,17 Aug 2021,-
539494,SMARTFIN,Smart Finsec Ltd,30 Aug 2021,Stock  Split From Rs.10/- to Rs.1/-,31 Aug 2021,-,-,24 Aug 2021,30 Aug 2021,-
500084,CESC,CESC Ltd,17 Sep 2021,Stock  Split From Rs.10/- to Rs.1/-,20 Sep 2021,-,-,13 Sep 2021,17 Sep 2021,-
542919,ARTEMISMED,Artemis Medicare Services Ltd,23 Sep 2021,Stock  Split From Rs.10/- to Rs.1/-,24 Sep 2021,-,-,17 Sep 2021,23 Sep 2021,-
532889,KPRMILL,K.P.R. Mill Limited,24 Sep 2021,Stock  Split From Rs.5/- to Rs.1/-,27 Sep 2021,-,-,20 Sep 2021,24 Sep 2021,-
524342,INDOBORAX,Indo Borax & Chemicals Ltd,27 Sep 2021,Stock  Split From Rs.10/- to Rs.1/-,28 Sep 2021,-,-,21 Sep 2021,27 Sep 2021,-
539872,BAJAJHCARE,Bajaj Healthcare Ltd,28 Sep 2021,Stock  Split From Rs.10/- to Rs.5/-,29 Sep 2021,-,-,22 Sep 2021,28 Sep 2021,-
540403,CLEDUCATE,CL Educate Ltd,30 Sep 2021,Stock  Split From Rs.10/- to Rs.5/-,01 Oct 2021,-,-,24 Sep 2021,30 Sep 2021,-
542770,ALPHALOGIC,Alphalogic Techsys Ltd,05 Oct 2021,Stock  Split From Rs.10/- to Rs.5/-,06 Oct 2021,-,-,29 Sep 2021,05 Oct 2021,-
530109,ANUPAM,Anupam Finserv Ltd,06 Oct 2021,Stock  Split From Rs.10/- to Rs.1/-,07 Oct 2021,-,-,30 Sep 2021,06 Oct 2021,-
542752,AFFLE,Affle (India) Ltd,07 Oct 2021,Stock  Split From Rs.10/- to Rs.2/-,08 Oct 2021,-,-,01 Oct 2021,07 Oct 2021,-
503639,INDSOYA,Indsoya Ltd,07 Oct 2021,Stock  Split From Rs.10/- to Rs.5/-,08 Oct 2021,-,-,01 Oct 2021,07 Oct 2021,-
523369,DCMSRIND,DCM Shriram Industries Ltd,08 Oct 2021,Stock  Split From Rs.10/- to Rs.2/-,11 Oct 2021,-,-,04 Oct 2021,08 Oct 2021,-
534600,JTLIND,JTL Industries Ltd,13 Oct 2021,Stock  Split From Rs.10/- to Rs.2/-,16 Oct 2021,-,-,08 Oct 2021,13 Oct 2021,-
540268,TRU,TruCap Finance Ltd,13 Oct 2021,Stock  Split From Rs.10/- to Rs.2/-,14 Oct 2021,-,-,07 Oct 2021,13 Oct 2021,-
511760,SEVENHILL,Seven Hill Industries Ltd,14 Oct 2021,Stock  Split From Rs.10/- to Rs.1/-,18 Oct 2021,-,-,08 Oct 2021,13 Oct 2021,-
512359,SWORDEDGE,Sword-Edge Commercials Ltd,14 Oct 2021,Stock  Split From Rs.10/- to Rs.1/-,18 Oct 2021,-,-,08 Oct 2021,13 Oct 2021,-
539963,ZEAL,Zeal Aqua Ltd,14 Oct 2021,Stock  Split From Rs.10/- to Rs.1/-,19 Oct 2021,-,-,11 Oct 2021,14 Oct 2021,-
539177,AIIL,Authum Investment & Infrastructure Ltd,20 Oct 2021,Stock  Split From Rs.10/- to Rs.1/-,21 Oct 2021,-,-,12 Oct 2021,20 Oct 2021,-
542852,VISHWARAJ,Vishwaraj Sugar Industries Ltd,21 Oct 2021,Stock  Split From Rs.10/- to Rs.2/-,22 Oct 2021,-,-,13 Oct 2021,21 Oct 2021,-
501314,PRISMX,Prismx Global Ventures Ltd,22 Oct 2021,Stock  Split From Rs.10/- to Rs.1/-,25 Oct 2021,-,-,14 Oct 2021,22 Oct 2021,-
532734,GPIL,Godawari Power and Ispat Ltd,26 Oct 2021,Stock  Split From Rs.10/- to Rs.5/-,27 Oct 2021,-,-,20 Oct 2021,26 Oct 2021,-
542830,IRCTC,Indian Railway Catering and Tourism Corporation Ltd,28 Oct 2021,Stock  Split From Rs.10/- to Rs.2/-,29 Oct 2021,-,-,22 Oct 2021,28 Oct 2021,-
504058,NIPPOBATRY,Indo National Ltd,28 Oct 2021,Stock  Split From Rs.10/- to Rs.5/-,29 Oct 2021,-,-,22 Oct 2021,28 Oct 2021,-
514316,RAGHUSYN,Raghuvir Synthetics Ltd,28 Oct 2021,Stock  Split From Rs.10/- to Rs.1/-,29 Oct 2021,-,-,22 Oct 2021,28 Oct 2021,-
538119,RNBDENIMS,R&B Denims Ltd,28 Oct 2021,Stock  Split From Rs.10/- to Rs.2/-,29 Oct 2021,-,-,22 Oct 2021,28 Oct 2021,-
531449,GRMOVER,GRM Overseas Ltd,10 Nov 2021,Stock  Split From Rs.10/- to Rs.2/-,11 Nov 2021,-,-,02 Nov 2021,10 Nov 2021,-
542862,SHAHLON,Shahlon Silk Industries Ltd,11 Nov 2021,Stock  Split From Rs.10/- to Rs.2/-,12 Nov 2021,-,-,03 Nov 2021,11 Nov 2021,-
540061,BIGBLOC,Bigbloc Construction Ltd,15 Nov 2021,Stock  Split From Rs.10/- to Rs.2/-,16 Nov 2021,-,-,09 Nov 2021,15 Nov 2021,-
543244,SHINEFASH,Shine Fashions (India) Ltd,15 Nov 2021,Stock  Split From Rs.10/- to Rs.5/-,16 Nov 2021,-,-,09 Nov 2021,15 Nov 2021,-
513262,SSWL,Steel Strips Wheels Ltd,18 Nov 2021,Stock  Split From Rs.10/- to Rs.5/-,22 Nov 2021,-,-,12 Nov 2021,18 Nov 2021,-
530557,NCLRESE,NCL Research & Financial Services Ltd,02 Dec 2021,Stock  Split From Rs.2/- to Rs.1/-,03 Dec 2021,-,-,26 Nov 2021,02 Dec 2021,-
517506,TTKPRESTIG,TTK Prestige Ltd,14 Dec 2021,Stock  Split From Rs.10/- to Rs.1/-,15 Dec 2021,-,-,08 Dec 2021,14 Dec 2021,-
542724,MURAE,Murae Organisor Ltd,16 Dec 2021,Stock  Split From Rs.10/- to Rs.2/-,18 Dec 2021,-,-,13 Dec 2021,16 Dec 2021,-
523539,PRECWIRE,Precision Wires India Ltd,22 Dec 2021,Stock  Split From Rs.5/- to Rs.1/-,23 Dec 2021,-,-,16 Dec 2021,22 Dec 2021,-
505725,AQFINTECH,Algoquant Fintech Ltd,23 Dec 2021,Stock  Split From Rs.10/- to Rs.2/-,24 Dec 2021,-,-,17 Dec 2021,23 Dec 2021,-
542332,HIKLASS,Hi-Klass Trading and Investment Ltd,23 Dec 2021,Stock  Split From Rs.10/- to Rs.5/-,24 Dec 2021,-,-,17 Dec 2021,23 Dec 2021,-
509220,PTL,PTL Enterprises Ltd,23 Dec 2021,Stock  Split From Rs.2/- to Rs.1/-,24 Dec 2021,-,-,20 Dec 2021,23 Dec 2021,-
530525,RRETAIL,Rajnish Retail Ltd,24 Dec 2021,Stock  Split From Rs.10/- to Rs.5/-,27 Dec 2021,-,-,20 Dec 2021,24 Dec 2021,-
590062,ANDHRSUGAR,Andhra Sugars Ltd,30 Dec 2021,Stock  Split From Rs.10/- to Rs.2/-,31 Dec 2021,-,-,24 Dec 2021,30 Dec 2021,-
540717,PQIF,Polo Queen Industrial and Fintech Ltd,30 Dec 2021,Stock  Split From Rs.10/- to Rs.2/-,31 Dec 2021,-,-,24 Dec 2021,30 Dec 2021,-
542753,SEACOAST,Seacoast Shipping Services Ltd,30 Dec 2021,Stock  Split From Rs.10/- to Rs.1/-,31 Dec 2021,-,-,28 Dec 2021,30 Dec 2021,-
532154,JOHNPHARMA,Johnson Pharmacare Ltd,05 Jan 2022,Stock  Split From Rs.10/- to Rs.1/-,06 Jan 2022,-,-,30 Dec 2021,05 Jan 2022,-
524494,IPCALAB,Ipca Laboratories Ltd,10 Jan 2022,Stock  Split From Rs.2/- to Rs.1/-,11 Jan 2022,-,-,04 Jan 2022,10 Jan 2022,-
524648,INDOAMIN,Indo Amines Ltd,13 Jan 2022,Stock  Split From Rs.10/- to Rs.5/-,15 Jan 2022,-,-,10 Jan 2022,13 Jan 2022,-
523329,ELDEHSG,Eldeco Housing & Industries Ltd,17 Jan 2022,Stock  Split From Rs.10/- to Rs.2/-,18 Jan 2022,-,-,11 Jan 2022,17 Jan 2022,-
531025,VISAGAR,Visagar Financial Services Ltd,20 Jan 2022,Stock  Split From Rs.2/- to Rs.1/-,21 Jan 2022,-,-,14 Jan 2022,20 Jan 2022,-
506852,PRIMO,Primo Chemicals Ltd,27 Jan 2022,Stock  Split From Rs.10/- to Rs.2/-,28 Jan 2022,-,-,20 Jan 2022,27 Jan 2022,-
539835,SUPERIOR,Superior Finlease Ltd,27 Jan 2022,Stock  Split From Rs.10/- to Rs.1/-,28 Jan 2022,-,-,20 Jan 2022,27 Jan 2022,-
535958,ESSENTIA,Integra Essentia Ltd,03 Feb 2022,Stock  Split From Rs.3/- to Rs.1/-,04 Feb 2022,-,-,28 Jan 2022,03 Feb 2022,-
532029,SINDHUTRAD,Sindhu Trade Links Ltd,03 Feb 2022,Stock  Split From Rs.10/- to Rs.1/-,04 Feb 2022,-,-,28 Jan 2022,03 Feb 2022,-
505790,SCHAEFFLER,Schaeffler India Ltd,08 Feb 2022,Stock  Split From Rs.10/- to Rs.2/-,09 Feb 2022,-,-,02 Feb 2022,08 Feb 2022,-
538979,GREENLAM,Greenlam Industries Ltd,10 Feb 2022,Stock  Split From Rs.5/- to Rs.1/-,11 Feb 2022,-,-,04 Feb 2022,10 Feb 2022,-
531328,KRETTOSYS,Kretto Syscon Ltd,10 Feb 2022,Stock  Split From Rs.10/- to Rs.1/-,11 Feb 2022,-,-,04 Feb 2022,10 Feb 2022,-
539470,SHREEGANES,Shree Ganesh Biotech (India) Ltd,10 Feb 2022,Stock  Split From Rs.10/- to Rs.1/-,11 Feb 2022,-,-,04 Feb 2022,10 Feb 2022,-
540956,BHATIA,Bhatia Communications & Retail (India) Ltd,15 Feb 2022,Stock  Split From Rs.10/- to Rs.1/-,16 Feb 2022,-,-,09 Feb 2022,15 Feb 2022,-
540361,DANUBE,Danube Industries Ltd,15 Feb 2022,Stock  Split From Rs.10/- to Rs.2/-,16 Feb 2022,-,-,09 Feb 2022,15 Feb 2022,-
532605,JBMA,JBM Auto Ltd,21 Feb 2022,Stock  Split From Rs.5/- to Rs.2/-,22 Feb 2022,-,-,15 Feb 2022,21 Feb 2022,-
542725,SBC,SBC Exports Ltd,22 Feb 2022,Stock  Split From Rs.10/- to Rs.1/-,23 Feb 2022,-,-,16 Feb 2022,22 Feb 2022,-
540597,CONTAINER ,Containerway International Ltd,03 Mar 2022,Stock  Split From Rs.10/- to Rs.5/-,05 Mar 2022,-,-,25 Feb 2022,03 Mar 2022,-
531465,NOUVEAU,Nouveau Global Ventures Ltd,07 Mar 2022,Stock  Split From Rs.10/- to Rs.1/-,08 Mar 2022,-,-,28 Feb 2022,07 Mar 2022,-
539621,BCLENTERPR,BCL Enterprises Ltd,10 Mar 2022,Stock  Split From Rs.10/- to Rs.1/-,11 Mar 2022,-,-,04 Mar 2022,10 Mar 2022,-
539219,MUL,Mauria Udyog Ltd,10 Mar 2022,Stock  Split From Rs.10/- to Rs.1/-,11 Mar 2022,-,-,04 Mar 2022,10 Mar 2022,-
538706,ULTRACAB,Ultracab (India) Ltd,10 Mar 2022,Stock  Split From Rs.10/- to Rs.2/-,12 Mar 2022,-,-,07 Mar 2022,10 Mar 2022,-
532527,RKFORGE,Ramkrishna Forgings Ltd,14 Mar 2022,Stock  Split From Rs.10/- to Rs.2/-,15 Mar 2022,-,-,08 Mar 2022,14 Mar 2022,-
534064,AIML,Alliance Integrated Metaliks Ltd,15 Mar 2022,Stock  Split From Rs.10/- to Rs.1/-,16 Mar 2022,-,-,09 Mar 2022,15 Mar 2022,-
517522,RAJRATAN,Rajratan Global Wire Ltd,15 Mar 2022,Stock  Split From Rs.10/- to Rs.2/-,16 Mar 2022,-,-,09 Mar 2022,15 Mar 2022,-
543268,DRCSYSTEMS,DRC Systems India Ltd,16 Mar 2022,Stock  Split From Rs.10/- to Rs.1/-,17 Mar 2022,-,-,10 Mar 2022,16 Mar 2022,-
502986,VTL,Vardhman Textiles Ltd,24 Mar 2022,Stock  Split From Rs.10/- to Rs.2/-,26 Mar 2022,-,-,21 Mar 2022,24 Mar 2022,-
526729,GOLDIAM,Goldiam International Ltd,28 Mar 2022,Stock  Split From Rs.10/- to Rs.2/-,29 Mar 2022,-,-,22 Mar 2022,28 Mar 2022,-
540135,ARCFIN,ARC Finance Ltd,29 Mar 2022,Stock  Split From Rs.10/- to Rs.1/-,30 Mar 2022,-,-,23 Mar 2022,29 Mar 2022,-
540615,7NR,7NR Retail Ltd,30 Mar 2022,Stock  Split From Rs.10/- to Rs.1/-,31 Mar 2022,-,-,25 Mar 2022,29 Mar 2022,-
538788,GILADAFINS,Gilada Finance & Investments Ltd,30 Mar 2022,Stock  Split From Rs.10/- to Rs.5/-,31 Mar 2022,-,-,24 Mar 2022,29 Mar 2022,-
506590,PCBL,PCBL Chemical Ltd,11 Apr 2022,Stock  Split From Rs.2/- to Rs.1/-,12 Apr 2022,-,-,05 Apr 2022,11 Apr 2022,-
539506,ADCON,Adcon Capital Services Ltd,12 Apr 2022,Stock  Split From Rs.10/- to Rs.1/-,13 Apr 2022,-,-,06 Apr 2022,12 Apr 2022,-
511605,ARIHANTCAP,Arihant Capital Markets Ltd,12 Apr 2022,Stock  Split From Rs.5/- to Rs.1/-,15 Apr 2022,-,-,07 Apr 2022,12 Apr 2022,-
511724,BAIDFIN,Baid Finserv Ltd,12 Apr 2022,Stock  Split From Rs.10/- to Rs.2/-,15 Apr 2022,-,-,07 Apr 2022,12 Apr 2022,-
540252,VSL,Veeram Securities Ltd,18 Apr 2022,Stock  Split From Rs.10/- to Rs.2/-,19 Apr 2022,-,-,08 Apr 2022,18 Apr 2022,-
531153,DILIGENT,Diligent Industries Ltd,19 Apr 2022,Stock  Split From Rs.5/- to Rs.1/-,20 Apr 2022,-,-,11 Apr 2022,19 Apr 2022,-
533155,JUBLFOOD,Jubilant FoodWorks Ltd,19 Apr 2022,Stock  Split From Rs.10/- to Rs.2/-,20 Apr 2022,-,-,11 Apr 2022,19 Apr 2022,-
532163,SAREGAMA,Saregama India Ltd,26 Apr 2022,Stock  Split From Rs.10/- to Rs.1/-,27 Apr 2022,-,-,20 Apr 2022,26 Apr 2022,-
511557,PROFINC,Pro Fin Capital Services Ltd,28 Apr 2022,Stock  Split From Rs.10/- to Rs.1/-,29 Apr 2022,-,-,22 Apr 2022,28 Apr 2022,-
500463,BBOX,Black Box Ltd,13 May 2022,Stock  Split From Rs.10/- to Rs.2/-,17 May 2022,-,-,10 May 2022,16 May 2022,-
539216,GARMNTMNTR,Garment Mantra Lifestyle Ltd,18 May 2022,Stock  Split From Rs.10/- to Rs.1/-,19 May 2022,-,-,11 May 2022,18 May 2022,-
543420,JETFREIGHT,Jet Freight Logistics Ltd,19 May 2022,Stock  Split From Rs.10/- to Rs.5/-,20 May 2022,-,-,12 May 2022,19 May 2022,-
505693,LATIMMETAL,La Tim Metal & Industries Ltd,20 May 2022,Stock  Split From Rs.10/- to Rs.1/-,23 May 2022,-,-,13 May 2022,20 May 2022,-
524444,EVEXIA,Evexia Lifecare Ltd,24 May 2022,Stock  Split From Rs.2/- to Rs.1/-,25 May 2022,-,-,18 May 2022,24 May 2022,-
506640,GUJCMDS,Gujchem Distillers India Ltd,27 May 2022,Stock  Split From Rs.10/- to Rs.1/-,27 May 2022,-,-,23 May 2022,27 May 2022,-
531893,SAWACA,Sawaca Enterprises Ltd,27 May 2022,Stock  Split From Rs.10/- to Rs.1/-,27 May 2022,-,-,23 May 2022,27 May 2022,-
540614,GGENG,G G Engineering Ltd,08 Jun 2022,Stock  Split From Rs.2/- to Rs.1/-,09 Jun 2022,-,-,02 Jun 2022,08 Jun 2022,-
540821,SADHNA,Sadhna Broadcast Ltd,10 Jun 2022,Stock  Split From Rs.10/- to Rs.1/-,13 Jun 2022,-,-,06 Jun 2022,10 Jun 2022,-
539884,DARSHANORNA,Darshan Orna Ltd,13 Jun 2022,Stock  Split From Rs.10/- to Rs.2/-,14 Jun 2022,-,-,07 Jun 2022,13 Jun 2022,-
519216,AJANTSOY,Ajanta Soya Ltd,16 Jun 2022,Stock  Split From Rs.10/- to Rs.2/-,17 Jun 2022,-,-,10 Jun 2022,16 Jun 2022,-
542802,GALACTICO,Galactico Corporate Services Ltd,16 Jun 2022,Stock  Split From Rs.10/- to Rs.1/-,17 Jun 2022,-,-,10 Jun 2022,16 Jun 2022,-
541702,ASHNI,Ashnisha Industries Ltd,23 Jun 2022,Stock  Split From Rs.10/- to Rs.1/-,23 Jun 2022,-,-,17 Jun 2022,23 Jun 2022,-
531494,NAVKARURB,Navkar Urbanstructure Ltd,23 Jun 2022,Stock  Split From Rs.10/- to Rs.2/-,24 Jun 2022,-,-,17 Jun 2022,23 Jun 2022,-
540642,SALASAR,Salasar Techno Engineering Ltd,27 Jun 2022,Stock  Split From Rs.10/- to Rs.1/-,28 Jun 2022,-,-,21 Jun 2022,27 Jun 2022,-
532900,PAISALO,Paisalo Digital Ltd,30 Jun 2022,Stock  Split From Rs.10/- to Rs.1/-,01 Jul 2022,-,-,24 Jun 2022,30 Jun 2022,-
534748,STEELXIND,Steel Exchange India Ltd,12 Jul 2022,Stock  Split From Rs.10/- to Rs.1/-,13 Jul 2022,-,-,06 Jul 2022,12 Jul 2022,-
531273,RADHEDE,Radhe Developers India Ltd,14 Jul 2022,Stock  Split From Rs.10/- to Rs.1/-,15 Jul 2022,-,-,08 Jul 2022,14 Jul 2022,-
532923,RGL,Renaissance Global Ltd,19 Jul 2022,Stock  Split From Rs.10/- to Rs.2/-,20 Jul 2022,-,-,13 Jul 2022,19 Jul 2022,-
519126,HNDFDS,Hindustan Foods Ltd,21 Jul 2022,Stock  Split From Rs.10/- to Rs.2/-,22 Jul 2022,-,-,15 Jul 2022,21 Jul 2022,-
540386,ONTIC,Ontic Finserve Ltd,21 Jul 2022,Stock  Split From Rs.10/- to Rs.1/-,22 Jul 2022,-,-,15 Jul 2022,21 Jul 2022,-
541601,RAJNISH,Rajnish Wellness Ltd,21 Jul 2022,Stock  Split From Rs.10/- to Rs.2/-,22 Jul 2022,-,-,15 Jul 2022,21 Jul 2022,-
539921,SEIL,Shanti Educational Initiatives Ltd,21 Jul 2022,Stock  Split From Rs.10/- to Rs.1/-,22 Jul 2022,-,-,15 Jul 2022,21 Jul 2022,-
500470,TATASTEEL,Tata Steel Ltd,28 Jul 2022,Stock  Split From Rs.10/- to Rs.1/-,29 Jul 2022,-,-,22 Jul 2022,28 Jul 2022,-
504176,HIGHENE,High Energy Batteries India Ltd,08 Aug 2022,Stock  Split From Rs.10/- to Rs.2/-,10 Aug 2022,-,-,02 Aug 2022,08 Aug 2022,-
540570,VARIMAN,Variman Global Enterprises Ltd,11 Aug 2022,Stock  Split From Rs.10/- to Rs.1/-,12 Aug 2022,-,-,04 Aug 2022,10 Aug 2022,-
512097,SAICOM,Saianand Commercial Ltd,17 Aug 2022,Stock  Split From Rs.10/- to Rs.1/-,17 Aug 2022,-,-,10 Aug 2022,17 Aug 2022,-
539309,RAMASTEEL,Rama Steel Tubes Ltd,25 Aug 2022,Stock  Split From Rs.5/- to Rs.1/-,26 Aug 2022,-,-,19 Aug 2022,25 Aug 2022,-
538730,PDSL,PDS Ltd,26 Aug 2022,Stock  Split From Rs.10/- to Rs.2/-,29 Aug 2022,-,-,22 Aug 2022,26 Aug 2022,-
531156,ALFAVIO,Alfavision Overseas India Ltd,29 Aug 2022,Stock  Split From Rs.10/- to Rs.1/-,29 Aug 2022,-,-,23 Aug 2022,29 Aug 2022,-
526407,HAMPTON,Hampton Sky Realty Ltd,01 Sep 2022,Stock  Split From Rs.10/- to Rs.1/-,03 Sep 2022,-,-,26 Aug 2022,01 Sep 2022,-
524667,SOTL,Savita Oil Technologies Ltd,01 Sep 2022,Stock  Split From Rs.10/- to Rs.2/-,02 Sep 2022,-,-,25 Aug 2022,01 Sep 2022,-
503722,BANSWRAS,Banswara Syntex Ltd,08 Sep 2022,Stock  Split From Rs.10/- to Rs.5/-,09 Sep 2022,-,-,05 Sep 2022,08 Sep 2022,-
532978,BAJAJFINSV,Bajaj Finserv Ltd,13 Sep 2022,Stock  Split From Rs.5/- to Rs.1/-,14 Sep 2022,-,-,07 Sep 2022,13 Sep 2022,-
540360,LLFICL,Leading Leasing Finance And Investment Company Ltd,22 Sep 2022,Stock  Split From Rs.10/- to Rs.1/-,22 Sep 2022,-,-,16 Sep 2022,22 Sep 2022,-
590051,SAKSOFT,Saksoft Ltd,23 Sep 2022,Stock  Split From Rs.10/- to Rs.1/-,26 Sep 2022,-,-,22 Sep 2022,23 Sep 2022,-
533090,EXCEL,Excel Realty N Infra Ltd,28 Sep 2022,Stock  Split From Rs.10/- to Rs.1/-,28 Sep 2022,-,-,22 Sep 2022,28 Sep 2022,-
540401,MAXIMUS,Maximus International Ltd,03 Oct 2022,Stock  Split From Rs.10/- to Rs.1/-,03 Oct 2022,-,-,26 Sep 2022,03 Oct 2022,-
540023,COLORCHIPS,Colorchips New Media Ltd,12 Oct 2022,Stock  Split From Rs.10/- to Rs.2/-,12 Oct 2022,-,-,06 Oct 2022,12 Oct 2022,-
531737,GREENCREST,Greencrest Financial Services Ltd,12 Oct 2022,Stock  Split From Rs.10/- to Rs.1/-,12 Oct 2022,-,-,06 Oct 2022,12 Oct 2022,-
526159,NIKHILAD,Nikhil Adhesives Ltd,12 Oct 2022,Stock  Split From Rs.10/- to Rs.1/-,13 Oct 2022,-,-,06 Oct 2022,12 Oct 2022,-
522215,HLEGLAS,HLE Glascoat Ltd,18 Oct 2022,Stock  Split From Rs.10/- to Rs.2/-,19 Oct 2022,-,-,12 Oct 2022,18 Oct 2022,-
526582,TPLPLASTEH,TPL Plastech Ltd,19 Oct 2022,Stock  Split From Rs.10/- to Rs.2/-,20 Oct 2022,-,-,13 Oct 2022,19 Oct 2022,-
511153,ANJANIFOODS,Anjani Foods Ltd,21 Oct 2022,Stock  Split From Rs.10/- to Rs.2/-,21 Oct 2022,-,-,17 Oct 2022,20 Oct 2022,-
542285,AXITA,Axita Cotton Ltd,21 Oct 2022,Stock  Split From Rs.10/- to Rs.1/-,21 Oct 2022,-,-,17 Oct 2022,20 Oct 2022,-
526435,PERFEPA,Perfectpac Ltd,21 Oct 2022,Stock  Split From Rs.10/- to Rs.2/-,21 Oct 2022,-,-,17 Oct 2022,20 Oct 2022,-
532435,SANINFRA,Sanmit Infra Ltd,31 Oct 2022,Stock  Split From Rs.10/- to Rs.1/-,31 Oct 2022,-,-,20 Oct 2022,31 Oct 2022,-
533553,TDPOWERSYS,TD Power Systems Ltd,31 Oct 2022,Stock  Split From Rs.10/- to Rs.2/-,01 Nov 2022,-,-,21 Oct 2022,31 Oct 2022,-
539991,CFEL,Confidence Futuristic Energetech Ltd,03 Nov 2022,Stock  Split From Rs.10/- to Rs.5/-,03 Nov 2022,-,-,28 Oct 2022,03 Nov 2022,-
513262,SSWL,Steel Strips Wheels Ltd,10 Nov 2022,Stock  Split From Rs.5/- to Rs.1/-,11 Nov 2022,-,-,03 Nov 2022,10 Nov 2022,-
539151,ARFIN,Arfin India Ltd,14 Nov 2022,Stock  Split From Rs.10/- to Rs.1/-,14 Nov 2022,-,-,14 Nov 2022,14 Nov 2022,-
526773,PRESSURS,Pressure Sensitive Systems India Ltd,16 Nov 2022,Stock  Split From Rs.10/- to Rs.1/-,16 Nov 2022,-,-,16 Nov 2022,16 Nov 2022,-
543272,EASEMYTRIP,Easy Trip Planners Ltd,21 Nov 2022,Stock  Split From Rs.2/- to Rs.1/-,22 Nov 2022,-,-,15 Nov 2022,21 Nov 2022,-
543462,DEVIT,Dev Information Technology Ltd,25 Nov 2022,Stock  Split From Rs.10/- to Rs.5/-,25 Nov 2022,-,-,21 Nov 2022,25 Nov 2022,-
500264,MAFATIND,Mafatlal Industries Ltd,25 Nov 2022,Stock  Split From Rs.10/- to Rs.2/-,25 Nov 2022,-,-,21 Nov 2022,25 Nov 2022,-
530309,CHANDRAP,Chandra Prabhu International Ltd,30 Nov 2022,Stock  Split From Rs.10/- to Rs.2/-,30 Nov 2022,-,-,24 Nov 2022,30 Nov 2022,-
543240,LIKHITHA,Likhitha Infrastructure Ltd,02 Dec 2022,Stock  Split From Rs.10/- to Rs.5/-,02 Dec 2022,-,-,28 Nov 2022,02 Dec 2022,-
531176,MEFCOMCAP,Mefcom Capital Markets Ltd,02 Dec 2022,Stock  Split From Rs.10/- to Rs.2/-,02 Dec 2022,-,-,28 Nov 2022,02 Dec 2022,-
539277,ALSTONE,Alstone Textiles (India) Ltd,14 Dec 2022,Stock  Split From Rs.10/- to Rs.1/-,14 Dec 2022,-,-,08 Dec 2022,14 Dec 2022,-
539841,LANCER,Lancer Container Lines Ltd,16 Dec 2022,Stock  Split From Rs.10/- to Rs.5/-,16 Dec 2022,-,-,12 Dec 2022,16 Dec 2022,-
539017,STARHFL,Star Housing Finance Ltd,16 Dec 2022,Stock  Split From Rs.10/- to Rs.5/-,16 Dec 2022,-,-,12 Dec 2022,16 Dec 2022,-
514197,STCORP,S & T Corporation Ltd,16 Dec 2022,Stock  Split From Rs.10/- to Rs.2/-,16 Dec 2022,-,-,12 Dec 2022,16 Dec 2022,-
526227,FILATEX,Filatex India Ltd,27 Dec 2022,Stock  Split From Rs.2/- to Rs.1/-,28 Dec 2022,-,-,21 Dec 2022,27 Dec 2022,-
500405,SPLPETRO,Supreme Petrochem Ltd,06 Jan 2023,Stock  Split From Rs.4/- to Rs.2/-,06 Jan 2023,-,-,02 Jan 2023,06 Jan 2023,-
541601,RAJNISH,Rajnish Wellness Ltd,10 Jan 2023,Stock  Split From Rs.2/- to Rs.1/-,10 Jan 2023,-,-,04 Jan 2023,10 Jan 2023,-
516072,VISHNU,Vishnu Chemicals Ltd,13 Jan 2023,Stock  Split From Rs.10/- to Rs.2/-,13 Jan 2023,-,-,09 Jan 2023,13 Jan 2023,-
539559,DDIL,Deep Diamond India Ltd,20 Jan 2023,Stock  Split From Rs.10/- to Rs.1/-,20 Jan 2023,-,-,16 Jan 2023,20 Jan 2023,-
540738,STL,Shreeji Translogistics Ltd,15 Feb 2023,Stock  Split From Rs.10/- to Rs.2/-,15 Feb 2023,-,-,09 Feb 2023,15 Feb 2023,-
540696,KCDGROUP,KCD Industries India Ltd,17 Feb 2023,Stock  Split From Rs.5/- to Rs.1/-,17 Feb 2023,-,-,13 Feb 2023,17 Feb 2023,-
532947,IRB,IRB Infrastructure Developers Ltd,22 Feb 2023,Stock  Split From Rs.10/- to Rs.1/-,22 Feb 2023,-,-,16 Feb 2023,22 Feb 2023,-
538778,KALYANCAP,Kalyan Capitals Ltd,23 Feb 2023,Stock  Split From Rs.10/- to Rs.2/-,23 Feb 2023,-,-,17 Feb 2023,23 Feb 2023,-
538928,KARNAVATI,Karnavati Finance Ltd,24 Feb 2023,Stock  Split From Rs.10/- to Rs.1/-,24 Feb 2023,-,-,20 Feb 2023,24 Feb 2023,-
530357,KBSINDIA,KBS India Ltd,24 Feb 2023,Stock  Split From Rs.10/- to Rs.1/-,24 Feb 2023,-,-,20 Feb 2023,24 Feb 2023,-
543670,VINNY,Vinny Overseas Ltd,24 Feb 2023,Stock  Split From Rs.10/- to Rs.1/-,24 Feb 2023,-,-,20 Feb 2023,24 Feb 2023,-
542772,360ONE,360 ONE WAM LTD,02 Mar 2023,Stock  Split From Rs.2/- to Rs.1/-,02 Mar 2023,-,-,24 Feb 2023,02 Mar 2023,-
538817,CAPPIPES,Captain Pipes Ltd,03 Mar 2023,Stock  Split From Rs.10/- to Rs.1/-,03 Mar 2023,-,-,27 Feb 2023,03 Mar 2023,-
513337,GUJTLRM,Gujarat Toolroom Ltd,06 Mar 2023,Stock  Split From Rs.10/- to Rs.1/-,06 Mar 2023,-,-,28 Feb 2023,06 Mar 2023,-
539686,KPEL,K.P. Energy Ltd,10 Mar 2023,Stock  Split From Rs.10/- to Rs.5/-,10 Mar 2023,-,-,03 Mar 2023,10 Mar 2023,-
543590,RHETAN,Rhetan TMT Ltd,10 Mar 2023,Stock  Split From Rs.10/- to Rs.1/-,10 Mar 2023,-,-,03 Mar 2023,10 Mar 2023,-
540937,MEDICO,Medico Remedies Ltd,16 Mar 2023,Stock  Split From Rs.10/- to Rs.2/-,16 Mar 2023,-,-,10 Mar 2023,16 Mar 2023,-
543411,HITECH,Hi-Tech Pipes Ltd,17 Mar 2023,Stock  Split From Rs.10/- to Rs.1/-,17 Mar 2023,-,-,13 Mar 2023,17 Mar 2023,-
543171,ROJL,RO Jewels Ltd,17 Mar 2023,Stock  Split From Rs.10/- to Rs.2/-,18 Mar 2023,-,-,14 Mar 2023,17 Mar 2023,-
541735,VIVANTA,Vivanta Industries Ltd,17 Mar 2023,Stock  Split From Rs.10/- to Rs.1/-,18 Mar 2023,-,-,14 Mar 2023,17 Mar 2023,-
538868,CSL,Continental Securities Ltd,20 Mar 2023,Stock  Split From Rs.10/- to Rs.2/-,20 Mar 2023,-,-,14 Mar 2023,20 Mar 2023,-
530057,VIVANZA,Vivanza Biosciences Ltd,24 Mar 2023,Stock  Split From Rs.10/- to Rs.1/-,24 Mar 2023,-,-,17 Mar 2023,24 Mar 2023,-
531862,BHARATAGRI,Bharat Agri Fert & Realty Ltd,29 Mar 2023,Stock  Split From Rs.10/- to Rs.1/-,30 Mar 2023,-,-,24 Mar 2023,29 Mar 2023,-
542670,AEPL,Artemis Electricals and Projects Ltd,31 Mar 2023,Stock  Split From Rs.10/- to Rs.1/-,31 Mar 2023,-,-,24 Mar 2023,31 Mar 2023,-
512149,AVANCE,Avance Technologies Ltd,31 Mar 2023,Stock  Split From Rs.10/- to Rs.5/-,31 Mar 2023,-,-,24 Mar 2023,31 Mar 2023,-
538975,SHREESEC,Shree Securities Ltd,06 Apr 2023,Stock  Split From Rs.10/- to Rs.1/-,06 Apr 2023,-,-,29 Mar 2023,06 Apr 2023,-
543288,DEEPINDS,Deep Industries Ltd,10 Apr 2023,Stock  Split From Rs.10/- to Rs.5/-,10 Apr 2023,-,-,31 Mar 2023,10 Apr 2023,-
531216,COMFINTE,Comfort Intech Ltd,13 Apr 2023,Stock  Split From Rs.10/- to Rs.1/-,14 Apr 2023,-,-,10 Apr 2023,13 Apr 2023,-
542774,MUFIN,Mufin Green Finance Ltd,13 Apr 2023,Stock  Split From Rs.2/- to Rs.1/-,15 Apr 2023,-,-,10 Apr 2023,13 Apr 2023,-
530263,GLOBALCA,Global Capital Markets Ltd,20 Apr 2023,Stock  Split From Rs.10/- to Rs.1/-,20 Apr 2023,-,-,13 Apr 2023,20 Apr 2023,-
540377,IFL,IFL Enterprises Ltd,21 Apr 2023,Stock  Split From Rs.10/- to Rs.1/-,21 Apr 2023,-,-,17 Apr 2023,21 Apr 2023,-
532375,TIPSMUSIC,Tips Music Ltd,21 Apr 2023,Stock  Split From Rs.10/- to Rs.1/-,21 Apr 2023,-,-,17 Apr 2023,21 Apr 2023,-
541152,GOYALALUM,Goyal Aluminiums Ltd,25 Apr 2023,Stock  Split From Rs.10/- to Rs.1/-,25 Apr 2023,-,-,19 Apr 2023,25 Apr 2023,-
505750,JOSTS,Josts Engineering Company Ltd,28 Apr 2023,Stock  Split From Rs.5/- to Rs.2/-,28 Apr 2023,-,-,24 Apr 2023,28 Apr 2023,-
512399,SERA,Sera Investments & Finance India Ltd,28 Apr 2023,Stock  Split From Rs.10/- to Rs.2/-,28 Apr 2023,-,-,24 Apr 2023,28 Apr 2023,-
540879,APOLLO,Apollo Micro Systems Ltd,04 May 2023,Stock  Split From Rs.10/- to Rs.1/-,04 May 2023,-,-,27 Apr 2023,03 May 2023,-
535267,COMFINCAP,Comfort Fincap Ltd,04 May 2023,Stock  Split From Rs.10/- to Rs.2/-,05 May 2023,-,-,28 Apr 2023,05 May 2023,-
509055,VISAKAIND,Visaka Industries Ltd,15 May 2023,Stock  Split From Rs.10/- to Rs.2/-,15 May 2023,-,-,09 May 2023,15 May 2023,-
540953,KENVI,Kenvi Jewels Ltd,19 May 2023,Stock  Split From Rs.10/- to Rs.1/-,19 May 2023,-,-,18 May 2023,19 May 2023,-
543545,VEERKRUPA,Veerkrupa Jewellers Ltd,19 May 2023,Stock  Split From Rs.10/- to Rs.1/-,19 May 2023,-,-,15 May 2023,19 May 2023,-
540125,RADHIKAJWE,Radhika Jeweltech Ltd,26 May 2023,Stock  Split From Rs.10/- to Rs.2/-,26 May 2023,-,-,22 May 2023,26 May 2023,-
511447,SYLPH,Sylph Technologies Ltd,02 Jun 2023,Stock  Split From Rs.10/- to Rs.1/-,02 Jun 2023,-,-,29 May 2023,02 Jun 2023,-
541276,HARDWYN,Hardwyn India Ltd,05 Jun 2023,Stock  Split From Rs.10/- to Rs.1/-,05 Jun 2023,-,-,30 May 2023,05 Jun 2023,-
539673,RCL,Radhagobind Commercial Ltd,08 Jun 2023,Stock  Split From Rs.10/- to Rs.1/-,08 Jun 2023,-,-,02 Jun 2023,08 Jun 2023,-
500214,IONEXCHANG,Ion Exchange India Ltd,12 Jun 2023,Stock  Split From Rs.10/- to Rs.1/-,12 Jun 2023,-,-,06 Jun 2023,12 Jun 2023,-
516032,TAHMARENT,Tahmar Enterprises Ltd,15 Jun 2023,Stock  Split From Rs.10/- to Rs.1/-,15 Jun 2023,-,-,13 Jun 2023,15 Jun 2023,-
540180,VBL,Varun Beverages Ltd,15 Jun 2023,Stock  Split From Rs.10/- to Rs.5/-,15 Jun 2023,-,-,09 Jun 2023,15 Jun 2023,-
542020,AKI,AKI India Ltd,22 Jun 2023,Stock  Split From Rs.10/- to Rs.2/-,22 Jun 2023,-,-,16 Jun 2023,22 Jun 2023,-
542579,AGOL,Ashapuri Gold Ornament Ltd,18 Jul 2023,Stock  Split From Rs.10/- to Rs.1/-,18 Jul 2023,-,-,12 Jul 2023,18 Jul 2023,-
539428,TEJNAKSH,Tejnaksh Healthcare Ltd,19 Jul 2023,Stock  Split From Rs.10/- to Rs.5/-,19 Jul 2023,-,-,13 Jul 2023,19 Jul 2023,-
526532,SFPIL,Square Four Projects India Ltd,20 Jul 2023,Stock  Split From Rs.10/- to Rs.5/-,20 Jul 2023,-,-,14 Jul 2023,20 Jul 2023,-
532906,MAANALU,Maan Aluminium Ltd,27 Jul 2023,Stock  Split From Rs.10/- to Rs.5/-,27 Jul 2023,-,-,21 Jul 2023,27 Jul 2023,-
541303,AKSHAR,Akshar Spintex Ltd,31 Jul 2023,Stock  Split From Rs.10/- to Rs.1/-,31 Jul 2023,-,-,25 Jul 2023,31 Jul 2023,-
504614,SARDAEN,Sarda Energy & Minerals Ltd,04 Aug 2023,Stock  Split From Rs.10/- to Rs.1/-,04 Aug 2023,-,-,31 Jul 2023,04 Aug 2023,-
531127,MENAMANI,Mena Mani Industries Ltd,11 Aug 2023,Stock  Split From Rs.10/- to Rs.1/-,11 Aug 2023,-,-,07 Aug 2023,11 Aug 2023,-
532406,AVANTEL,Avantel Ltd,14 Aug 2023,Stock  Split From Rs.10/- to Rs.2/-,16 Aug 2023,-,-,09 Aug 2023,16 Aug 2023,-
512008,EFCIL,EFC (I) Ltd,18 Aug 2023,Stock  Split From Rs.10/- to Rs.2/-,18 Aug 2023,-,-,10 Aug 2023,18 Aug 2023,-
539561,REMLIFE,Remedium Lifecare Ltd,01 Sep 2023,Stock  Split From Rs.10/- to Rs.5/-,01 Sep 2023,-,-,28 Aug 2023,01 Sep 2023,-
519183,ADFFOODS,Adf Foods Ltd,11 Sep 2023,Stock  Split From Rs.10/- to Rs.2/-,11 Sep 2023,-,-,05 Sep 2023,11 Sep 2023,-
543688,SARVESHWAR,Sarveshwar Foods Ltd,15 Sep 2023,Stock  Split From Rs.10/- to Rs.1/-,15 Sep 2023,-,-,11 Sep 2023,15 Sep 2023,-
506943,JBCHEPHARM,JB Chemicals & Pharmaceuticals Ltd,18 Sep 2023,Stock  Split From Rs.2/- to Rs.1/-,18 Sep 2023,-,-,12 Sep 2023,18 Sep 2023,-
524614,INDXTRA,IEL Ltd,25 Sep 2023,Stock  Split From Rs.10/- to Rs.1/-,25 Sep 2023,-,-,18 Sep 2023,25 Sep 2023,-
543976,SHRAAITECH,Shradha AI Technologies Ltd,26 Sep 2023,Stock  Split From Rs.10/- to Rs.5/-,26 Sep 2023,-,-,20 Sep 2023,26 Sep 2023,-
541154,HAL,Hindustan Aeronautics Ltd,28 Sep 2023,Stock  Split From Rs.10/- to Rs.5/-,29 Sep 2023,-,-,-,29 Sep 2023,-
500336,SURYAROSNI,Surya Roshni Ltd,06 Oct 2023,Stock  Split From Rs.10/- to Rs.5/-,06 Oct 2023,-,-,28 Sep 2023,06 Oct 2023,-
543389,SIGACHI,Sigachi Industries Ltd,09 Oct 2023,Stock  Split From Rs.10/- to Rs.1/-,09 Oct 2023,-,-,03 Oct 2023,09 Oct 2023,-
506879,GUJTHEM,Gujarat Themis Biosyn Ltd,10 Oct 2023,Stock  Split From Rs.5/- to Rs.1/-,10 Oct 2023,-,-,04 Oct 2023,10 Oct 2023,-
530199,THEMISMED,Themis Medicare Ltd,10 Oct 2023,Stock  Split From Rs.10/- to Rs.1/-,10 Oct 2023,-,-,04 Oct 2023,10 Oct 2023,-
539226,RUDRA,Rudra Global Infra Products Ltd,18 Oct 2023,Stock  Split From Rs.10/- to Rs.5/-,18 Oct 2023,-,-,12 Oct 2023,18 Oct 2023,-
520066,JAYBARMARU,Jay Bharat Maruti Ltd,26 Oct 2023,Stock  Split From Rs.5/- to Rs.2/-,26 Oct 2023,-,-,19 Oct 2023,26 Oct 2023,-
524332,BCLIND,BCL Industries Ltd,27 Oct 2023,Stock  Split From Rs.10/- to Rs.1/-,27 Oct 2023,-,-,20 Oct 2023,27 Oct 2023,-
540147,SHASHIJIT,Shashijit Infraprojects Ltd,27 Oct 2023,Stock  Split From Rs.10/- to Rs.2/-,27 Oct 2023,-,-,20 Oct 2023,27 Oct 2023,-
505160,TALBROAUTO,Talbros Automotive Components Ltd,27 Oct 2023,Stock  Split From Rs.10/- to Rs.2/-,27 Oct 2023,-,-,20 Oct 2023,27 Oct 2023,-
533267,CANTABIL,Cantabil Retail India Ltd,02 Nov 2023,Stock  Split From Rs.10/- to Rs.2/-,02 Nov 2023,-,-,27 Oct 2023,02 Nov 2023,-
543433,HPAL,HP Adhesives Ltd,09 Nov 2023,Stock  Split From Rs.10/- to Rs.2/-,09 Nov 2023,-,-,03 Nov 2023,09 Nov 2023,-
512149,AVANCE,Avance Technologies Ltd,10 Nov 2023,Stock  Split From Rs.5/- to Rs.1/-,10 Nov 2023,-,-,06 Nov 2023,09 Nov 2023,-
543919,MKPL,M. K. Proteins Ltd,10 Nov 2023,Stock  Split From Rs.10/- to Rs.1/-,10 Nov 2023,-,-,06 Nov 2023,09 Nov 2023,-
543911,ATALREAL,Atal Realtech Ltd,16 Nov 2023,Stock  Split From Rs.10/- to Rs.2/-,16 Nov 2023,-,-,10 Nov 2023,16 Nov 2023,-
501423,SHAILY,Shaily Engineering Plastics Ltd,23 Nov 2023,Stock  Split From Rs.10/- to Rs.2/-,23 Nov 2023,-,-,20 Nov 2023,23 Nov 2023,-
507300,RAVALSUGAR,The Ravalgaon Sugar Farm Ltd,24 Nov 2023,Stock  Split From Rs.50/- to Rs.10/-,24 Nov 2023,-,-,20 Nov 2023,24 Nov 2023,-
526530,IIRM,IIRM Holdings India Ltd,11 Dec 2023,Stock  Split From Rs.10/- to Rs.5/-,11 Dec 2023,-,-,05 Dec 2023,11 Dec 2023,-
533048,TPHQ,Teamo Productions HQ Ltd,14 Dec 2023,Stock  Split From Rs.10/- to Rs.1/-,14 Dec 2023,-,-,08 Dec 2023,14 Dec 2023,-
543929,HMAAGRO,HMA Agro Industries Ltd,29 Dec 2023,Stock  Split From Rs.10/- to Rs.1/-,29 Dec 2023,-,-,-,29 Dec 2023,-
511700,STANCAP,Standard Capital Markets Ltd,29 Dec 2023,Stock  Split From Rs.10/- to Rs.1/-,29 Dec 2023,-,-,-,29 Dec 2023,-
504746,INLCM,Indian Link Chain Manufacturers Ltd,03 Jan 2024,Stock  Split From Rs.100/- to Rs.10/-,03 Jan 2024,-,-,28 Dec 2023,03 Jan 2024,-
500790,NESTLEIND,Nestle India Ltd,05 Jan 2024,Stock  Split From Rs.10/- to Rs.1/-,05 Jan 2024,-,-,01 Jan 2024,05 Jan 2024,-
532808,PGIL,Pearl Global Industries Ltd,05 Jan 2024,Stock  Split From Rs.10/- to Rs.5/-,05 Jan 2024,-,-,01 Jan 2024,05 Jan 2024,-
540678,COCHINSHIP,Cochin Shipyard Ltd,10 Jan 2024,Stock  Split From Rs.10/- to Rs.5/-,10 Jan 2024,-,-,04 Jan 2024,10 Jan 2024,-
540190,FRANKLININD,Franklin Industries Ltd,11 Jan 2024,Stock  Split From Rs.10/- to Rs.1/-,11 Jan 2024,-,-,05 Jan 2024,11 Jan 2024,-
531279,TRISHAKT,Trishakti Industries Ltd,16 Jan 2024,Stock  Split From Rs.10/- to Rs.2/-,16 Jan 2024,-,-,10 Jan 2024,16 Jan 2024,-
522261,DOLPHIN,Dolphin Offshore Enterprises (India) Ltd,25 Jan 2024,Stock  Split From Rs.10/- to Rs.1/-,25 Jan 2024,-,-,19 Jan 2024,25 Jan 2024,-
539222,GROWINGTON,Growington Ventures India Ltd,31 Jan 2024,Stock  Split From Rs.10/- to Rs.1/-,31 Jan 2024,-,-,24 Jan 2024,31 Jan 2024,-
543624,MAAGHADV,Maagh Advertising and Marketing Services Ltd,05 Feb 2024,Stock  Split From Rs.10/- to Rs.1/-,05 Feb 2024,-,-,30 Jan 2024,05 Feb 2024,-
512329,SGMART,SG Mart Ltd,22 Feb 2024,Stock  Split From Rs.10/- to Rs.1/-,22 Feb 2024,-,-,15 Feb 2024,22 Feb 2024,-
539561,REMLIFE,Remedium Lifecare Ltd,23 Feb 2024,Stock  Split From Rs.5/- to Rs.1/-,23 Feb 2024,-,-,16 Feb 2024,23 Feb 2024,-
536264,TIGERLOGS,Tiger Logistics (India) Ltd,04 Mar 2024,Stock  Split From Rs.10/- to Rs.1/-,04 Mar 2024,-,-,27 Feb 2024,04 Mar 2024,-
531595,CGCL,Capri Global Capital Ltd,05 Mar 2024,Stock  Split From Rs.2/- to Rs.1/-,05 Mar 2024,-,-,28 Feb 2024,05 Mar 2024,-
541974,MANORAMA,Manorama Industries Ltd,07 Mar 2024,Stock  Split From Rs.10/- to Rs.2/-,08 Mar 2024,-,-,04 Mar 2024,07 Mar 2024,-
539574,SCL,Sunshine Capital Ltd,07 Mar 2024,Stock  Split From Rs.10/- to Rs.1/-,08 Mar 2024,-,-,05 Mar 2024,07 Mar 2024,-
526415,OKPLA,OK Play India Ltd,11 Mar 2024,Stock  Split From Rs.10/- to Rs.1/-,11 Mar 2024,-,-,04 Mar 2024,11 Mar 2024,-
534618,WAAREERTL,Waaree Renewable Technologies Ltd,15 Mar 2024,Stock  Split From Rs.10/- to Rs.2/-,16 Mar 2024,-,-,12 Mar 2024,15 Mar 2024,-
531205,SPRIGHT,Spright Agro Ltd,18 Mar 2024,Stock  Split From Rs.10/- to Rs.1/-,18 Mar 2024,-,-,12 Mar 2024,18 Mar 2024,-
542866,COLAB,Colab Platforms Ltd,19 Mar 2024,Stock  Split From Rs.10/- to Rs.2/-,19 Mar 2024,-,-,13 Mar 2024,19 Mar 2024,-
532884,REFEX,Refex Industries Ltd,22 Mar 2024,Stock  Split From Rs.10/- to Rs.2/-,22 Mar 2024,-,-,18 Mar 2024,22 Mar 2024,-
522091,UVDRHOR,United Van Der Horst Ltd,26 Mar 2024,Stock  Split From Rs.10/- to Rs.5/-,26 Mar 2024,-,-,19 Mar 2024,26 Mar 2024,-
540080,DHATRE,Dhatre Udyog Ltd,28 Mar 2024,Stock  Split From Rs.10/- to Rs.1/-,29 Mar 2024,-,-,27 Mar 2024,27 Mar 2024,-
540952,LAL,Lorenzini Apparels Ltd,28 Mar 2024,Stock  Split From Rs.10/- to Rs.1/-,28 Mar 2024,-,-,27 Mar 2024,27 Mar 2024,-
533179,PERSISTENT,Persistent Systems Ltd,28 Mar 2024,Stock  Split From Rs.10/- to Rs.5/-,01 Apr 2024,-,-,01 Apr 2024,01 Apr 2024,-
530843,CUPID,Cupid Ltd,04 Apr 2024,Stock  Split From Rs.10/- to Rs.1/-,04 Apr 2024,-,-,04 Apr 2024,04 Apr 2024,-
543767,BTML,Bodhi Tree Multimedia Ltd,05 Apr 2024,Stock  Split From Rs.10/- to Rs.1/-,05 Apr 2024,-,-,05 Apr 2024,05 Apr 2024,-
540079,SPRAYKING,Sprayking Ltd,12 Apr 2024,Stock  Split From Rs.10/- to Rs.2/-,12 Apr 2024,-,-,12 Apr 2024,12 Apr 2024,-
543218,SBGLP,Suratwwala Business Group Ltd,18 Apr 2024,Stock  Split From Rs.10/- to Rs.1/-,18 Apr 2024,-,-,18 Apr 2024,18 Apr 2024,-
512591,PULSRIN,Pulsar International Ltd,19 Apr 2024,Stock  Split From Rs.10/- to Rs.1/-,19 Apr 2024,-,-,19 Apr 2024,19 Apr 2024,-
503960,BBL,Bharat Bijlee Ltd,24 Apr 2024,Stock  Split From Rs.10/- to Rs.5/-,24 Apr 2024,-,-,24 Apr 2024,24 Apr 2024,-
531719,BHAGCHEM,Bhagiradha Chemicals & Industries Ltd,02 May 2024,Stock  Split From Rs.10/- to Rs.1/-,02 May 2024,-,-,02 May 2024,02 May 2024,-
532483,CANBK,Canara Bank,15 May 2024,Stock  Split From Rs.10/- to Rs.2/-,15 May 2024,-,-,15 May 2024,15 May 2024,-
514175,VARDMNPOLY,Vardhman Polytex Ltd,17 May 2024,Stock  Split From Rs.10/- to Rs.1/-,18 May 2024,-,-,18 May 2024,18 May 2024,-
541143,BDL,Bharat Dynamics Ltd,24 May 2024,Stock  Split From Rs.10/- to Rs.5/-,24 May 2024,-,-,24 May 2024,24 May 2024,-
507514,SDBL,Som Distilleries & Breweries Ltd,24 May 2024,Stock  Split From Rs.5/- to Rs.2/-,24 May 2024,-,-,24 May 2024,24 May 2024,-
543267,DAVANGERE,Davangere Sugar Company Ltd,31 May 2024,Stock  Split From Rs.10/- to Rs.1/-,31 May 2024,-,-,31 May 2024,31 May 2024,-
540097,GAMCO,Gamco Ltd,14 Jun 2024,Stock  Split From Rs.10/- to Rs.2/-,14 Jun 2024,-,-,14 Jun 2024,14 Jun 2024,-
543747,KAMOPAINTS,Kamdhenu Ventures Ltd,14 Jun 2024,Stock  Split From Rs.5/- to Rs.1/-,14 Jun 2024,-,-,14 Jun 2024,14 Jun 2024,-
526247,PREMEXPLN,Premier Explosives Ltd,21 Jun 2024,Stock  Split From Rs.10/- to Rs.2/-,21 Jun 2024,-,-,21 Jun 2024,21 Jun 2024,-
540725,SHAREINDIA,Share India Securities Ltd,27 Jun 2024,Stock  Split From Rs.10/- to Rs.2/-,27 Jun 2024,-,-,27 Jun 2024,27 Jun 2024,-
511589,AVONMORE,Avonmore Capital & Management Services Ltd,28 Jun 2024,Stock  Split From Rs.10/- to Rs.1/-,28 Jun 2024,-,-,28 Jun 2024,28 Jun 2024,-
538451,WORTH,Worth Investment & Trading Co Ltd,03 Jul 2024,Stock  Split From Rs.10/- to Rs.1/-,03 Jul 2024,-,-,03 Jul 2024,03 Jul 2024,-
504084,KAYCEEI,Kaycee Industries Ltd,05 Jul 2024,Stock  Split From Rs.100/- to Rs.10/-,06 Jul 2024,-,-,05 Jul 2024,05 Jul 2024,-
530919,REMSONSIND,Remsons Industries Ltd,05 Jul 2024,Stock  Split From Rs.10/- to Rs.2/-,05 Jul 2024,-,-,05 Jul 2024,05 Jul 2024,-
530249,BRIDGESE,Bridge Securities Ltd,10 Jul 2024,Stock  Split From Rs.10/- to Rs.1/-,10 Jul 2024,-,-,10 Jul 2024,10 Jul 2024,-
533581,PGEL,PG Electroplast Ltd,10 Jul 2024,Stock  Split From Rs.10/- to Rs.1/-,10 Jul 2024,-,-,10 Jul 2024,10 Jul 2024,-
539761,VKAL,Vantage Knowledge Academy Ltd,12 Jul 2024,Stock  Split From Rs.10/- to Rs.1/-,12 Jul 2024,-,-,12 Jul 2024,12 Jul 2024,-
505872,WPIL,WPIL Ltd,12 Jul 2024,Stock  Split From Rs.10/- to Rs.1/-,12 Jul 2024,-,-,12 Jul 2024,12 Jul 2024,-
542323,KPIGREEN,KPI Green Energy Ltd,18 Jul 2024,Stock  Split From Rs.10/- to Rs.5/-,18 Jul 2024,-,-,18 Jul 2024,18 Jul 2024,-
505700,ELECON,Elecon Engineering Company Ltd,19 Jul 2024,Stock  Split From Rs.2/- to Rs.1/-,19 Jul 2024,-,-,19 Jul 2024,19 Jul 2024,-
517554,NHCFOODS,NHC Foods Ltd,22 Jul 2024,Stock  Split From Rs.10/- to Rs.1/-,22 Jul 2024,-,-,22 Jul 2024,22 Jul 2024,-
531400,ALMONDZ,Almondz Global Securities Ltd,23 Jul 2024,Stock  Split From Rs.6/- to Rs.1/-,23 Jul 2024,-,-,23 Jul 2024,23 Jul 2024,-
500249,KSB,KSB Ltd,25 Jul 2024,Stock  Split From Rs.10/- to Rs.2/-,25 Jul 2024,-,-,25 Jul 2024,25 Jul 2024,-
538891,MCLOUD,Magellanic Cloud Ltd,26 Jul 2024,Stock  Split From Rs.10/- to Rs.2/-,27 Jul 2024,-,-,26 Jul 2024,26 Jul 2024,-
539469,PANORAMA,Panorama Studios International Ltd,31 Jul 2024,Stock  Split From Rs.10/- to Rs.2/-,31 Jul 2024,-,-,31 Jul 2024,31 Jul 2024,-
539528,AAYUSH,Aayush Wellness Ltd,05 Aug 2024,Stock  Split From Rs.10/- to Rs.1/-,05 Aug 2024,-,-,05 Aug 2024,05 Aug 2024,-
542580,AARTECH,Aartech Solonics Ltd,09 Aug 2024,Stock  Split From Rs.10/- to Rs.5/-,09 Aug 2024,-,-,09 Aug 2024,09 Aug 2024,-
532485,BLIL,Balmer Lawrie Investments Ltd,09 Aug 2024,Stock  Split From Rs.10/- to Rs.1/-,09 Aug 2024,-,-,09 Aug 2024,09 Aug 2024,-
532022,FILATFASH,Filatex Fashions Ltd,09 Aug 2024,Stock  Split From Rs.5/- to Rs.1/-,09 Aug 2024,-,-,09 Aug 2024,09 Aug 2024,-
531540,MAINFRA,Maruti Infrastructure Ltd,09 Aug 2024,Stock  Split From Rs.10/- to Rs.2/-,09 Aug 2024,-,-,09 Aug 2024,09 Aug 2024,-
533470,RUSHIL,Rushil Decor Ltd,09 Aug 2024,Stock  Split From Rs.10/- to Rs.1/-,09 Aug 2024,-,-,09 Aug 2024,09 Aug 2024,-
539310,THINKINK,Thinkink Picturez Ltd,09 Aug 2024,Stock  Split From Rs.5/- to Rs.1/-,09 Aug 2024,-,-,09 Aug 2024,09 Aug 2024,-
507621,MLKFOOD,Milkfood Ltd,13 Aug 2024,Stock  Split From Rs.10/- to Rs.5/-,13 Aug 2024,-,-,13 Aug 2024,13 Aug 2024,-
502901,JAMSHRI,Jamshri Realty Ltd,16 Aug 2024,Stock  Split From Rs.1000/- to Rs.10/-,16 Aug 2024,-,-,16 Aug 2024,16 Aug 2024,-
535910,MMLF,Money Masters Leasing & Finance Ltd,22 Aug 2024,Stock  Split From Rs.10/- to Rs.1/-,22 Aug 2024,-,-,22 Aug 2024,22 Aug 2024,-
540205,AVL,Aditya Vision Ltd,27 Aug 2024,Stock  Split From Rs.10/- to Rs.1/-,27 Aug 2024,-,-,27 Aug 2024,27 Aug 2024,-
543971,BONDADA,Bondada Engineering Ltd,02 Sep 2024,Stock  Split From Rs.10/- to Rs.2/-,02 Sep 2024,-,-,02 Sep 2024,02 Sep 2024,-
543397,SAPPHIRE,Sapphire Foods India Ltd,05 Sep 2024,Stock  Split From Rs.10/- to Rs.2/-,05 Sep 2024,-,-,05 Sep 2024,05 Sep 2024,-
502330,ANDHRAPAP,Andhra Paper Ltd,11 Sep 2024,Stock  Split From Rs.10/- to Rs.2/-,11 Sep 2024,-,-,11 Sep 2024,11 Sep 2024,-
540180,VBL,Varun Beverages Ltd,12 Sep 2024,Stock  Split From Rs.5/- to Rs.2/-,12 Sep 2024,-,-,12 Sep 2024,12 Sep 2024,-
543308,KIMS,Krishna Institute of Medical Sciences Ltd,13 Sep 2024,Stock  Split From Rs.10/- to Rs.2/-,13 Sep 2024,-,-,12 Sep 2024,12 Sep 2024,-
530805,OIVL,Onesource Industries And Ventures Ltd,13 Sep 2024,Stock  Split From Rs.10/- to Rs.1/-,13 Sep 2024,-,-,12 Sep 2024,12 Sep 2024,-
539221,SPORTKING,Sportking India Ltd,13 Sep 2024,Stock  Split From Rs.10/- to Rs.1/-,13 Sep 2024,-,-,12 Sep 2024,12 Sep 2024,-
532641,NDL,Nandan Denim Ltd,19 Sep 2024,Stock  Split From Rs.10/- to Rs.1/-,19 Sep 2024,-,-,19 Sep 2024,19 Sep 2024,-
511628,FEDDERSHOL,Fedders Holding Ltd,20 Sep 2024,Stock  Split From Rs.10/- to Rs.1/-,20 Sep 2024,-,-,16 Sep 2024,20 Sep 2024,-
539217,SRESTHA,Srestha Finvest Ltd,23 Sep 2024,Stock  Split From Rs.2/- to Rs.1/-,23 Sep 2024,-,-,17 Sep 2024,23 Sep 2024,-
540492,STARLENT,Starlineps Enterprises Ltd,25 Sep 2024,Stock  Split From Rs.5/- to Rs.1/-,25 Sep 2024,-,-,25 Sep 2024,25 Sep 2024,-
530585,SWASTIKA,Swastika Investsmart Ltd,25 Sep 2024,Stock  Split From Rs.10/- to Rs.2/-,25 Sep 2024,-,-,25 Sep 2024,25 Sep 2024,-
530073,SANGHVIMOV,Sanghvi Movers Ltd,27 Sep 2024,Stock  Split From Rs.2/- to Rs.1/-,27 Sep 2024,-,-,27 Sep 2024,27 Sep 2024,-
531889,IIL,Integrated Industries Ltd,01 Oct 2024,Stock  Split From Rs.10/- to Rs.1/-,01 Oct 2024,-,-,01 Oct 2024,01 Oct 2024,-
532734,GPIL,Godawari Power and Ispat Ltd,04 Oct 2024,Stock  Split From Rs.5/- to Rs.1/-,04 Oct 2024,-,-,04 Oct 2024,04 Oct 2024,-
530053,REALECO,Real Eco-Energy Ltd,04 Oct 2024,Stock  Split From Rs.10/- to Rs.2/-,04 Oct 2024,-,-,04 Oct 2024,04 Oct 2024,-
500378,JINDALSAW,Jindal Saw Ltd,09 Oct 2024,Stock  Split From Rs.2/- to Rs.1/-,09 Oct 2024,-,-,09 Oct 2024,09 Oct 2024,-
540243,NEWLIGHT,New Light Apparels Ltd,10 Oct 2024,Stock  Split From Rs.10/- to Rs.1/-,10 Oct 2024,-,-,10 Oct 2024,10 Oct 2024,-
530525,RRETAIL,Rajnish Retail Ltd,11 Oct 2024,Stock  Split From Rs.5/- to Rs.1/-,11 Oct 2024,-,-,11 Oct 2024,11 Oct 2024,-
512165,ABANSENT,Abans Enterprises Ltd,15 Oct 2024,Stock  Split From Rs.10/- to Rs.2/-,15 Oct 2024,-,-,15 Oct 2024,15 Oct 2024,-
539598,CGFL,Credent Global Finance Ltd,15 Oct 2024,Stock  Split From Rs.10/- to Rs.2/-,15 Oct 2024,-,-,15 Oct 2024,15 Oct 2024,-
532626,POCL,Pondy Oxides & Chemicals Ltd,16 Oct 2024,Stock  Split From Rs.10/- to Rs.5/-,16 Oct 2024,-,-,16 Oct 2024,16 Oct 2024,-
505336,HARSHILAGR,Harshil Agrotech Ltd,17 Oct 2024,Stock  Split From Rs.10/- to Rs.1/-,17 Oct 2024,-,-,17 Oct 2024,17 Oct 2024,-
542592,HBEL,Humming Bird Education Ltd,18 Oct 2024,Stock  Split From Rs.10/- to Rs.1/-,18 Oct 2024,-,-,18 Oct 2024,18 Oct 2024,-
509631,HEG,HEG Ltd,18 Oct 2024,Stock  Split From Rs.10/- to Rs.2/-,18 Oct 2024,-,-,18 Oct 2024,18 Oct 2024,-
531869,SACHEMT,Sacheta Metals Ltd,18 Oct 2024,Stock  Split From Rs.10/- to Rs.2/-,19 Oct 2024,-,-,18 Oct 2024,18 Oct 2024,-
539195,POEL,POCL Enterprises Ltd,25 Oct 2024,Stock  Split From Rs.10/- to Rs.2/-,25 Oct 2024,-,-,25 Oct 2024,25 Oct 2024,-
539519,SATTVASUKU,Sattva Sukun Lifecare Ltd,25 Oct 2024,Stock  Split From Rs.5/- to Rs.1/-,25 Oct 2024,-,-,25 Oct 2024,25 Oct 2024,-
524542,SUKHJITS,Sukhjit Starch & Chemicals Ltd,25 Oct 2024,Stock  Split From Rs.10/- to Rs.5/-,25 Oct 2024,-,-,25 Oct 2024,25 Oct 2024,-
500124,DRREDDY,Dr Reddys Laboratories Ltd,28 Oct 2024,Stock  Split From Rs.5/- to Rs.1/-,28 Oct 2024,-,-,28 Oct 2024,28 Oct 2024,-
538452,QUASAR,Quasar India Ltd,29 Oct 2024,Stock  Split From Rs.10/- to Rs.1/-,29 Oct 2024,-,-,29 Oct 2024,29 Oct 2024,-
511768,MASTERTR,Master Trust Ltd,30 Oct 2024,Stock  Split From Rs.5/- to Rs.1/-,30 Oct 2024,-,-,30 Oct 2024,30 Oct 2024,-
538875,SELLWIN,Sellwin Traders Ltd,31 Oct 2024,Stock  Split From Rs.10/- to Rs.2/-,01 Nov 2024,-,-,01 Nov 2024,01 Nov 2024,-
514354,PREMIERPOL,Premier Polyfilm Ltd,05 Nov 2024,Stock  Split From Rs.5/- to Rs.1/-,05 Nov 2024,-,-,05 Nov 2024,05 Nov 2024,-
526506,SYSTMTXC,Systematix Corporate Services Ltd,05 Nov 2024,Stock  Split From Rs.10/- to Rs.1/-,05 Nov 2024,-,-,05 Nov 2024,05 Nov 2024,-
532467,HAZOOR,Hazoor Multi Projects Ltd,07 Nov 2024,Stock  Split From Rs.10/- to Rs.1/-,07 Nov 2024,-,-,07 Nov 2024,07 Nov 2024,-
523105,CROPSTER,Cropster Agro Ltd,08 Nov 2024,Stock  Split From Rs.10/- to Rs.1/-,08 Nov 2024,-,-,08 Nov 2024,08 Nov 2024,-
544053,MOTISONS,Motisons Jewellers Ltd,08 Nov 2024,Stock  Split From Rs.10/- to Rs.1/-,09 Nov 2024,-,-,08 Nov 2024,08 Nov 2024,-
517500,ROTO,Roto Pumps Ltd,08 Nov 2024,Stock  Split From Rs.2/- to Rs.1/-,08 Nov 2024,-,-,08 Nov 2024,08 Nov 2024,-
543449,WEL,Wonder Electricals Ltd,12 Nov 2024,Stock  Split From Rs.10/- to Rs.1/-,12 Nov 2024,-,-,12 Nov 2024,12 Nov 2024,-
531067,CONTILI,Contil India Ltd,14 Nov 2024,Stock  Split From Rs.10/- to Rs.2/-,15 Nov 2024,-,-,14 Nov 2024,14 Nov 2024,-
505750,JOSTS,Josts Engineering Company Ltd,14 Nov 2024,Stock  Split From Rs.2/- to Rs.1/-,15 Nov 2024,-,-,14 Nov 2024,14 Nov 2024,-
534600,JTLIND,JTL Industries Ltd,14 Nov 2024,Stock  Split From Rs.2/- to Rs.1/-,15 Nov 2024,-,-,14 Nov 2024,14 Nov 2024,-
543828,SUDARSHAN,Sudarshan Pharma Industries Ltd,22 Nov 2024,Stock  Split From Rs.10/- to Rs.1/-,23 Nov 2024,-,-,22 Nov 2024,22 Nov 2024,-
542046,VIVIDM,Vivid Mercantile Ltd,29 Nov 2024,Stock  Split From Rs.10/- to Rs.1/-,29 Nov 2024,-,-,29 Nov 2024,29 Nov 2024,-
522163,DIACABS,Diamond Power Infrastructure Ltd,03 Dec 2024,Stock  Split From Rs.10/- to Rs.1/-,03 Dec 2024,-,-,03 Dec 2024,03 Dec 2024,-
539091,CITL,Consecutive Investment & Trading Company Ltd,06 Dec 2024,Stock  Split From Rs.10/- to Rs.1/-,06 Dec 2024,-,-,06 Dec 2024,06 Dec 2024,-
531035,ERAAYA,Eraaya Lifespaces Ltd,06 Dec 2024,Stock  Split From Rs.10/- to Rs.1/-,06 Dec 2024,-,-,06 Dec 2024,06 Dec 2024,-
543499,ACHYUT,Achyut Healthcare Ltd,10 Dec 2024,Stock  Split From Rs.10/- to Rs.1/-,10 Dec 2024,-,-,10 Dec 2024,10 Dec 2024,-
543976,SHRAAITECH,Shradha AI Technologies Ltd,10 Dec 2024,Stock  Split From Rs.5/- to Rs.2/-,10 Dec 2024,-,-,10 Dec 2024,10 Dec 2024,-
543327,EXXARO,Exxaro Tiles Ltd,13 Dec 2024,Stock  Split From Rs.10/- to Rs.1/-,13 Dec 2024,-,-,13 Dec 2024,13 Dec 2024,-
534809,PCJEWELLER,PC Jeweller Ltd,16 Dec 2024,Stock  Split From Rs.10/- to Rs.1/-,16 Dec 2024,-,-,16 Dec 2024,16 Dec 2024,-
540693,SHISHIND,Shish Industries Ltd,17 Dec 2024,Stock  Split From Rs.10/- to Rs.1/-,17 Dec 2024,-,-,17 Dec 2024,17 Dec 2024,-
531241,LINC,Linc Ltd,20 Dec 2024,Stock  Split From Rs.10/- to Rs.5/-,20 Dec 2024,-,-,20 Dec 2024,20 Dec 2024,-
543237,MAZDOCK,Mazagon Dock Shipbuilders Ltd,27 Dec 2024,Stock  Split From Rs.10/- to Rs.5/-,27 Dec 2024,-,-,27 Dec 2024,27 Dec 2024,-
543372,GETALONG,Getalong Enterprise Ltd,02 Jan 2025,Stock  Split From Rs.10/- to Rs.1/-,02 Jan 2025,-,-,02 Jan 2025,02 Jan 2025,-
512025,BANGANGA,Banganga Paper Industries Ltd,03 Jan 2025,Stock  Split From Rs.10/- to Rs.1/-,03 Jan 2025,-,-,03 Jan 2025,03 Jan 2025,-
543319,AAPLUSTRAD,AA Plus Tradelink Ltd,08 Jan 2025,Stock  Split From Rs.10/- to Rs.1/-,08 Jan 2025,-,-,08 Jan 2025,08 Jan 2025,-
507789,JAGSNPHARM,Jagsonpal Pharmaceuticals Ltd,08 Jan 2025,Stock  Split From Rs.5/- to Rs.2/-,08 Jan 2025,-,-,08 Jan 2025,08 Jan 2025,-
536073,JULIEN,Julien Agro Infratech Ltd,08 Jan 2025,Stock  Split From Rs.10/- to Rs.5/-,08 Jan 2025,-,-,08 Jan 2025,08 Jan 2025,-
532741,KAMDHENU,Kamdhenu Ltd,08 Jan 2025,Stock  Split From Rs.10/- to Rs.1/-,08 Jan 2025,-,-,08 Jan 2025,08 Jan 2025,-
511218,SHRIRAMFIN,Shriram Finance Ltd,10 Jan 2025,Stock  Split From Rs.10/- to Rs.2/-,10 Jan 2025,-,-,10 Jan 2025,10 Jan 2025,-
512393,SHARDUL,Shardul Securities Ltd,13 Jan 2025,Stock  Split From Rs.10/- to Rs.2/-,13 Jan 2025,-,-,13 Jan 2025,13 Jan 2025,-
543208,REGIS,Regis Industries Ltd,16 Jan 2025,Stock  Split From Rs.10/- to Rs.1/-,16 Jan 2025,-,-,16 Jan 2025,16 Jan 2025,-
530881,ABVL,Arunjyoti Bio Ventures Ltd,17 Jan 2025,Stock  Split From Rs.10/- to Rs.1/-,17 Jan 2025,-,-,17 Jan 2025,17 Jan 2025,-
532976,JAIBALAJI,Jai Balaji Industries Ltd,17 Jan 2025,Stock  Split From Rs.10/- to Rs.2/-,17 Jan 2025,-,-,17 Jan 2025,17 Jan 2025,-
539607,BLUECLOUDS,Blue Cloud Softech Solutions Ltd,20 Jan 2025,Stock  Split From Rs.2/- to Rs.1/-,20 Jan 2025,-,-,20 Jan 2025,20 Jan 2025,-
513023,NAVA,Nava Ltd,20 Jan 2025,Stock  Split From Rs.2/- to Rs.1/-,20 Jan 2025,-,-,20 Jan 2025,20 Jan 2025,-
523019,BNRSEC,BN Rathi Securities Ltd,24 Jan 2025,Stock  Split From Rs.10/- to Rs.5/-,24 Jan 2025,-,-,24 Jan 2025,24 Jan 2025,-
543620,INA,Insolation Energy Ltd,24 Jan 2025,Stock  Split From Rs.10/- to Rs.1/-,24 Jan 2025,-,-,24 Jan 2025,24 Jan 2025,-
523792,MAZDA,Mazda Ltd,28 Jan 2025,Stock  Split From Rs.10/- to Rs.2/-,28 Jan 2025,-,-,28 Jan 2025,28 Jan 2025,-
532605,JBMA,JBM Auto Ltd,31 Jan 2025,Stock  Split From Rs.2/- to Rs.1/-,31 Jan 2025,-,-,31 Jan 2025,31 Jan 2025,-
507946,KIDUJA,Kiduja India Ltd,31 Jan 2025,Stock  Split From Rs.10/- to Rs.1/-,31 Jan 2025,-,-,31 Jan 2025,31 Jan 2025,-
532140,MOHITE,Mohite Industries Ltd,31 Jan 2025,Stock  Split From Rs.10/- to Rs.1/-,31 Jan 2025,-,-,31 Jan 2025,31 Jan 2025,-
543936,SENCO,Senco Gold Ltd,31 Jan 2025,Stock  Split From Rs.10/- to Rs.5/-,31 Jan 2025,-,-,31 Jan 2025,31 Jan 2025,-
543599,KSOLVES,Ksolves India Ltd,06 Feb 2025,Stock  Split From Rs.10/- to Rs.5/-,06 Feb 2025,-,-,06 Feb 2025,06 Feb 2025,-
532164,MINOLTAF,Minolta Finance Ltd,06 Feb 2025,Stock  Split From Rs.10/- to Rs.1/-,06 Feb 2025,-,-,06 Feb 2025,06 Feb 2025,-
539042,AGIIL,AGI Infra Ltd,07 Feb 2025,Stock  Split From Rs.10/- to Rs.5/-,07 Feb 2025,-,-,07 Feb 2025,07 Feb 2025,-
524037,RAMAPHO,Rama Phosphates Ltd,07 Feb 2025,Stock  Split From Rs.10/- to Rs.5/-,07 Feb 2025,-,-,07 Feb 2025,07 Feb 2025,-
514142,TTL,T T Ltd,12 Feb 2025,Stock  Split From Rs.10/- to Rs.1/-,12 Feb 2025,-,-,12 Feb 2025,12 Feb 2025,-
543443,ASCENSIVE,Ascensive Educare Ltd,14 Feb 2025,Stock  Split From Rs.10/- to Rs.1/-,14 Feb 2025,-,-,14 Feb 2025,14 Feb 2025,-
530879,CIFL,Capital India Finance Ltd,17 Feb 2025,Stock  Split From Rs.10/- to Rs.2/-,17 Feb 2025,-,-,17 Feb 2025,17 Feb 2025,-
522231,CONART,Conart Engineers Ltd,18 Feb 2025,Stock  Split From Rs.10/- to Rs.5/-,19 Feb 2025,-,-,19 Feb 2025,19 Feb 2025,-
512489,OASISEC,Oasis Securities Ltd,28 Feb 2025,Stock  Split From Rs.10/- to Rs.1/-,28 Feb 2025,-,-,28 Feb 2025,28 Feb 2025,-
533285,RDBRIL,RDB Realty & Infrastructure Ltd,28 Feb 2025,Stock  Split From Rs.10/- to Rs.1/-,28 Feb 2025,-,-,28 Feb 2025,28 Feb 2025,-
501831,COASTCORP,Coastal Corporation Ltd,04 Mar 2025,Stock  Split From Rs.10/- to Rs.2/-,04 Mar 2025,-,-,04 Mar 2025,04 Mar 2025,-
544273,MGEL,Mangalam Global Enterprise Ltd,04 Mar 2025,Stock  Split From Rs.2/- to Rs.1/-,04 Mar 2025,-,-,04 Mar 2025,04 Mar 2025,-
530095,PRADHIN,Pradhin Ltd,07 Mar 2025,Stock  Split From Rs.10/- to Rs.1/-,07 Mar 2025,-,-,07 Mar 2025,07 Mar 2025,-
524164,IOLCP,IOL Chemicals & Pharmaceuticals Ltd,11 Mar 2025,Stock  Split From Rs.10/- to Rs.2/-,11 Mar 2025,-,-,11 Mar 2025,11 Mar 2025,-
540730,MEHAI,Mehai Technology Ltd,13 Mar 2025,Stock  Split From Rs.10/- to Rs.1/-,14 Mar 2025,-,-,13 Mar 2025,13 Mar 2025,-
539895,SAGL,Shalimar Agencies Ltd,13 Mar 2025,Stock  Split From Rs.10/- to Rs.1/-,14 Mar 2025,-,-,13 Mar 2025,13 Mar 2025,-
540259,SHANGAR,Shangar Decor Ltd,13 Mar 2025,Stock  Split From Rs.5/- to Rs.1/-,14 Mar 2025,-,-,13 Mar 2025,13 Mar 2025,-
523606,SIKA,Sika Interplant Systems Ltd,17 Mar 2025,Stock  Split From Rs.10/- to Rs.2/-,17 Mar 2025,-,-,17 Mar 2025,17 Mar 2025,-
