Plus91_id,Trading Symbol,Security_id,Exchange,Segment,Exchange Token
46ec6d970d90f3d835781c9dc53449c2dc216f13be844bbef9bfa60796db449e,OMAXAUTO,NSE_EQ:10922,NSE,EQ,10922
68b265878c455777a7b72e200023ba1ae40e8f4711980301c24894dc57397fe5,ADSL,NSE_EQ:14813,NSE,EQ,14813
6c9c49a30a05d2fc903900925d93e0ff71b30f5a1dc5c92371d897cc5643613e,HONDAPOWER,NSE_EQ:3138,NSE,EQ,3138
c6e139b5ce29ea141480674b774fdf4a5ae6fc762fd93ac76589b329d69e3101,SEPC,NSE_EQ:15308,NSE,EQ,15308
a6f50f80741a448c5ad3150ed67a076b0b8e478d18ccd26b8569fe5b91d4470e,WELINV,NSE_EQ:19800,NSE,EQ,19800
6e3d7d75a3bca70ad1e8044b990f6b85a49b869b6264d2ba7c56ba58bd47d408,SURYODAY,NSE_EQ:2970,NSE,EQ,2970
8dca683658084f6da9d044bd26e3fe0bb0379164c7a58fb259a2af97006a981d,BFINVEST,NSE_EQ:21113,NSE,EQ,21113
a17588dab8d858eea5a334a79be36a6e7557ccb68e711a60cff3cea701542683,HINDCON,NSE_EQ:4924,NSE,EQ,4924
f9c173cb15c85e10fa583b40a9e2760908ac7d75ef17355e6df7abd8711f47fb,GMMPFAUDLR,NSE_EQ:1570,NSE,EQ,1570
d77d151ccb5c7f6de241df5772269ab494d98b164cf2ed2c60e353dc359aa383,GUJAPOLLO,NSE_EQ:14677,NSE,EQ,14677
9d9f67c0a3513135bc85ed8c5fca83719c3b57063081b7adc6c5fccb272ff201,FSL,NSE_EQ:14304,NSE,EQ,14304
ea878ddd7a3e30f9f8328aeb68ce5e559f2d4e115124abb79b63c037d1836cb5,POWERINDIA,NSE_EQ:18457,NSE,EQ,18457
c966699a4676915a97115e78c40d2d3778bbf2e3e3b11c4252a217d03d9d29df,SBILIFE,NSE_EQ:21808,NSE,EQ,21808
220bce25c455c0ae4dc19697c81d4e85ca9bb27dd762766c8cc60e49a09a839f,SUNDARAM,NSE_EQ:18931,NSE,EQ,18931
0ec8fad471323348dccc7708f9c2275615dd22d2f70ec50dc0544cbe76e69a72,UNIVPHOTO,NSE_EQ:17661,NSE,EQ,17661
4ceaea687f4f41094e92c6230a3da4b1dc29081419e6daafcf239111757d64cc,KANORICHEM,NSE_EQ:1835,NSE,EQ,1835
d95e16ed5587dfa3ef7316f6b60e31082e42c2d9f185b7e629a22ea4aecfc83a,SMSLIFE,NSE_EQ:21555,NSE,EQ,21555
c6c16faac29108c7f67f5dc8608ac6537c5fd4398125a636160532cc1aaa69de,TATACOMM,NSE_EQ:3721,NSE,EQ,3721
5f8e8b6c703186a197fa147243a086358a988be9668c11202ee2b6e8c202afb1,MAANALU,NSE_EQ:15018,NSE,EQ,15018
b0d7ca948d82449d280a3e14f8ae7a62662d1ccebe408aaeb383d8bab54e8115,BYKE,NSE_EQ:7930,NSE,EQ,7930
f4a32aae11e66c37cb71177cd191ffa2df3d3696b7ebf262866303be9bf382ee,TCI,NSE_EQ:10580,NSE,EQ,10580
6a84b7734775a0926cee400208e77dde4f0669204334504429d80145b0240687,3PLAND,NSE_EQ:9048,NSE,EQ,9048
35c0063acf36666dbf3cce0320a02a964b866c90c297076dede09be403886553,SITINET,NSE_EQ:29210,NSE,EQ,29210
0293ce259561f605447de57453fb5070812bbcaf9a841996689ba42947a17c80,TPLPLASTEH,NSE_EQ:9219,NSE,EQ,9219
d8143e476475318216e619fa3c777cd0ff4c1aec7c1ba8e62c3523dc752de18b,ASHIMASYN,NSE_EQ:206,NSE,EQ,206
b3272d3675e8e92f1248ddb5d9de6d789857c4038973a5456001b0e689a96ea6,AGARIND,NSE_EQ:3389,NSE,EQ,3389
410a4a907140b121dbef42e26640cb5faf6755797a245b1714b624ea58fdf98e,ESG,NSE_EQ:1200,NSE,EQ,1200
21a69f637a67de96d8d187991e6349646b859aef7962b05fb033b7bbc3f9f450,TOKYOPLAST,NSE_EQ:3837,NSE,EQ,3837
9e66fe5074a99617e0f6aa7d612ebb783965125c7cd8c730a3f5fc7bee5552fa,ALKALI,NSE_EQ:16959,NSE,EQ,16959
985f4ba43ae5609a4d9f80e18f2e882a675b42f6347e60f00fda40abaddce804,SUPRIYA,NSE_EQ:7390,NSE,EQ,7390
617f846125aae7f343fb34140f2738b5ff50cd75ba4a61949c48f376dd4ecf3d,GODREJAGRO,NSE_EQ:144,NSE,EQ,144
adb180d4d575152ce61024da858f1cef8d00efaf226e2b12a9d2bead4b754872,MAZDA,NSE_EQ:18870,NSE,EQ,18870
d4f906c94b85fa968184ead28ab7e0c9b20689b266af45696fb4428396801054,GENCON,NSE_EQ:2188,NSE,EQ,2188
cb08e6bb348d547a2ae3d15862a08182396c1ade5c91f5230c8d3537488a8683,WENDT,NSE_EQ:4235,NSE,EQ,4235
b395511ad6175b532f9beb4d0b97c1e9da260b953e9e73b799f28ea2635763e9,DCAL,NSE_EQ:21704,NSE,EQ,21704
91bd9f63ef20aa7a3a24c960180111b9544089225e83ee55a6cccfcdee6edef3,ESTER,NSE_EQ:24265,NSE,EQ,24265
c00a30cc96ef801029a574b700a1a3f9b7d3ea85212d89461f7e757085360252,SAIL,NSE_EQ:2963,NSE,EQ,2963
573705e5c57586935cf7bc6d12420600ada3a242b89c330dc1f150857de10e02,JAGSNPHARM,NSE_EQ:4410,NSE,EQ,4410
9037cfbba5a5ebb9e829b5021ddef3d3fdd7471ec010a6eae00d23493ffafd66,AISL,NSE_EQ:482,NSE,EQ,482
ec57b1e04900bece80f13c01a35085a29126cd858895920d83c3b272ed5afb40,HCL-INSYS,NSE_EQ:1327,NSE,EQ,1327
e0a047dc51f6739cd6b7796bfcaacfcb71fe25e8897654cb48c1b06c3e711030,KREBSBIO,NSE_EQ:7885,NSE,EQ,7885
6f26691c727b80ceae4be76ffa46349b8752c8fdc4eb9162f64368ef882b28b9,PNBGILTS,NSE_EQ:8736,NSE,EQ,8736
46f666041e2557697041f40f686c31114ae06cc8fca87b3345ba084556393907,RPPINFRA,NSE_EQ:20764,NSE,EQ,20764
de35b4dee7673dcbe746b198581da8b5a8005cd7205b1912ffd7fc64c4cbf131,INDIAGLYCO,NSE_EQ:1521,NSE,EQ,1521
6961d175c4835a2dbf8bfff474043d530125db711b416df76664da87a68542a2,ANANDRATHI,NSE_EQ:7145,NSE,EQ,7145
ce347fdc236d5491336b037616955c97b138e5391e076e3cb6fb067fbb8f5fc1,POONAWALLA,NSE_EQ:11403,NSE,EQ,11403
626275c71a37e93be9535cc6599f6831dfecb25f88aae9b1cbc5ce212945eab0,AEGISLOG,NSE_EQ:40,NSE,EQ,40
5b9989cf1d7d0ef08c647cf8bf1172b577b5454a45ab5b8bebbc18aaf946c10b,MIDCAPETF,NSE_EQ:8413,NSE,EQ,8413
4b131dcbbab3246f079fccb878fca9584611a4aff6b974148590992662176430,LIQUIDIETF,NSE_EQ:4838,NSE,EQ,4838
cc2df4aa0011a3805264dda66a0eebfe085c84f7d0e5c228214d55bbef0cf2ed,CONCOR,NSE_EQ:4749,NSE,EQ,4749
1af332a13872014a402778b658f75bdc88612179e23ce59cf0a8ca2f1029ff84,APOLLOTYRE,NSE_EQ:163,NSE,EQ,163
32f6e996f503c5646c0da2bcb7728d1db78085e46cbcd9075d502e9efae9960c,TECH,NSE_EQ:6462,NSE,EQ,6462
c44a089f1b936c8965a2840f294e05096f94133b5542c968bf38ed54507dee2d,HEALTHIETF,NSE_EQ:3626,NSE,EQ,3626
8f00e2243c40a36e2046693b427823d187b7c69f3a0f5fd92744b255dd00415c,RAJRATAN,NSE_EQ:18962,NSE,EQ,18962
7702c75617c67b0eccf7d7e779ad1bad60cf4bfd1f70d6810a1f67c0950aa27f,HPL,NSE_EQ:18679,NSE,EQ,18679
e8b3e92f95bc21d1d4a265e4811309f5dda85a86dfec30669b0f5ec0e78e72a8,SHIVALIK,NSE_EQ:7016,NSE,EQ,7016
6a6a2c83ddf81579f239a02b5a11da508940f492284b72b01caa345bb0df7c2c,ANDHRSUGAR,NSE_EQ:136,NSE,EQ,136
a11f3fe0893d5d7b23fe223c3b4c2af76c9db064a32d7d7389560287b2814dd9,RAJTV,NSE_EQ:14407,NSE,EQ,14407
0aa53b8e964f5b1bf4ee28d3281e19262dec58fe582bc949474eae2ad6ccfd0e,SILGO,NSE_EQ:2492,NSE,EQ,2492
963cf4e96ac0b2e8449d21c1b6d4e04f4e1c361b4c58aa336090c3e47700d167,SHREEPUSHK,NSE_EQ:10588,NSE,EQ,10588
921dc4dfd16bf7fcdbe013c5b12b906787497630fb7f8d697ec148761f99a5f1,SKFINDIA,NSE_EQ:3186,NSE,EQ,3186
8c28559a38d4df21792021795b07682b936283bb34f879875d2074e7a91f60cc,NHPC,NSE_EQ:17400,NSE,EQ,17400
ed7daccc251d3ce6c0ea0e480b6af961f44021b200b909b1243afe0387c009af,AJMERA,NSE_EQ:17307,NSE,EQ,17307
46eaf2160d093f7ccd89d358db5d7c9c5c7a6fa665e2bebdb6e23fca55f0e343,VRLLOG,NSE_EQ:8696,NSE,EQ,8696
59510a4c53dd0cb343145b0cfef366520f5ff0feb1853c05652d4c7f0e4cb474,PAR,NSE_EQ:5637,NSE,EQ,5637
f77246ee33b33bd818941a9f89fca9e9b70b1fc9a548c2f8dcc7a8760894ef55,VASCONEQ,NSE_EQ:18110,NSE,EQ,18110
5de22beff6ff5cd050457efa150be5b2d63054825e127041fcf30018af81257b,MALUPAPER,NSE_EQ:13352,NSE,EQ,13352
fb0a2a09e18d06847465c75ea06dcf78d4b7437d6a0adb85bf0782d50cb5944a,JAICORPLTD,NSE_EQ:5143,NSE,EQ,5143
3287fef2e78e14ed67665d467786dfc797ef13cca8ac903002d993a2e9ccd577,SHALPAINTS,NSE_EQ:15342,NSE,EQ,15342
f9158817391c24674112c40fd786515caa7087bd1a0e69980b7be91a91f972c7,MHRIL,NSE_EQ:17333,NSE,EQ,17333
9438bcdbef21cdcecb7cffa6d6de4b995602dcdf68ec0bbb3284bef57bbd7488,SHK,NSE_EQ:11212,NSE,EQ,11212
e56a43574a97e8dd3472afe258ebc69b3e44713f1fa6ed407cb73a770cd245ae,DBSTOCKBRO,NSE_EQ:31107,NSE,EQ,31107
6786b2e1aa2f89b81b914a17072b58e8f4e4c4fcaa8dca49cb73ecc7b04b7b62,SETFGOLD,NSE_EQ:17272,NSE,EQ,17272
8decc9ce4effd0f39bc079b48dee026c46ad414ea89811396ed4b12e708ccc6e,GLOBE,NSE_EQ:393,NSE,EQ,393
da56a2d8766c869df7f7a712adc73dc109e6eee54d35079c58c1dca950c97cb9,BECTORFOOD,NSE_EQ:1628,NSE,EQ,1628
5227325145a6ca9bf7ae71b70d7fa8c36dcb1b7d4d51b08cb1d9b608c0551283,PANACEABIO,NSE_EQ:4055,NSE,EQ,4055
65dcc72b25246dde410a43cdd8bf652b69594087fa40eaa1e1fdf43d5ce0b66e,RVHL,NSE_EQ:1572,NSE,EQ,1572
12a50132199f57d727c36b6147bb24a8e9e36fd00cfbafc51deef6f7b82d853e,ASAHIINDIA,NSE_EQ:5378,NSE,EQ,5378
f5e53b86b2de9839c6e002f54eab9ec8d6824957a6abfd39bdbb38ca84fd8de7,VINYLINDIA,NSE_EQ:16821,NSE,EQ,16821
982b8101ae202ecbb9b002a6743e0fc1b003fd0b436931507e38dac088c3d737,RITES,NSE_EQ:3761,NSE,EQ,3761
991f268c9e381ec2d7da86b31fa14101f61e3a5712b95bb9ede92eb8506f24fd,LAMBODHARA,NSE_EQ:6412,NSE,EQ,6412
2b66f08b15bcfc7c9eb8736a550bb667156e69e10d835b6e67ff5adcf1e75648,MACPOWER,NSE_EQ:22349,NSE,EQ,22349
0630ebfe671b8208b2dc56ca90c62464252c4ac5e3f30ff3fc2c6db4495f49cc,DCW,NSE_EQ:817,NSE,EQ,817
ba22f1f5f6342550e9eb9ba17ebf4c492c4820def32953a8afbd55d6b1173ec8,ABSLNN50ET,NSE_EQ:7339,NSE,EQ,7339
daacef86b533e90c04b713ba672e01684cdc56159a735fda6b1da3e28eb83073,AIAENG,NSE_EQ:13086,NSE,EQ,13086
1cdeff1d5061d49dcd12a372c015016f265e483ed44f8e0fb0fbd984e9c54f60,VARDMNPOLY,NSE_EQ:6893,NSE,EQ,6893
b26dd8be6a67e5297f6b8e83bed78d45919efc58ea4c7dcf21f908e4374b280b,TEMBO,NSE_EQ:3280,NSE,EQ,3280
d9d43a17630289918d6b56616fa862c89c3212e4599ffe59248184ac2da26a2a,PRSMJOHNSN,NSE_EQ:2739,NSE,EQ,2739
f7ac75e170dd1de8e294a84cd7767529d0d9823a5de50240fde8449ed3cd2428,PSUBANK,NSE_EQ:15061,NSE,EQ,15061
cfcf2a86db5d49394ba4372a7f2bc75b5c6875bbe6d5aeec68c67d1974626f78,SOFTTECH,NSE_EQ:8268,NSE,EQ,8268
cd06be7aa8e730090756cee08033df2c2b7200dfee02855a42f053594fd5c873,GODREJIND,NSE_EQ:10925,NSE,EQ,10925
f68c0d2d8c200661a274e0341ffafb268976c7e33bf154993cbe9888d20832af,CEREBRAINT,NSE_EQ:29016,NSE,EQ,29016
7fd38c340f4708200a64cf099cf70456c6e7e0b71baacf64dd8068c96fe2834c,WSTCSTPAPR,NSE_EQ:3799,NSE,EQ,3799
06f8bd85d9e8c1bf38be5a37c47015ae3ab2474e41c345f283a58f98e39f5f7b,MEGASOFT,NSE_EQ:14797,NSE,EQ,14797
94feee18be22d5f1f0608209938ab580b82d98d38a8e6fd61d4f11c2412db593,CLSEL,NSE_EQ:3482,NSE,EQ,3482
13acb338f666c85ff74f7e3e729e241497cadfe8331f13b61cbb9781338012e0,ARVINDFASN,NSE_EQ:9111,NSE,EQ,9111
6f49320133b6bb911bfbd878f28461521af9e9bed9a2ba6157287b2a57b7d9e3,BHARATGEAR,NSE_EQ:426,NSE,EQ,426
b369902608e3ac45b717e89078ba243526bf28cba0de45595afb65ed0516f83d,GRPLTD,NSE_EQ:6543,NSE,EQ,6543
65b6a81ddaa087c5e982d285b867099d99b11c1b6f99446dec8c533ee742f3d3,SWELECTES,NSE_EQ:11909,NSE,EQ,11909
7883bb873643ddbfba4cdecbc7732732eaed72020ad01bf4e5d78690139ebcf3,RADIOCITY,NSE_EQ:19877,NSE,EQ,19877
6c24e096b46f70f313b22a96d3ac669adb7c25dc3a9c0c4863e8709fd125467c,NDLVENTURE,NSE_EQ:14547,NSE,EQ,14547
349882f1ded84f30474a713d91a458602593d155af538c59cb096dc7c01a9820,JKCEMENT,NSE_EQ:13270,NSE,EQ,13270
08a53aa764ae7cad2f1e9e3107fe37506e75cb12e9c1560af4388de83e78a344,GILLANDERS,NSE_EQ:17843,NSE,EQ,17843
66494c1b4f751592a3afee42f8c5edf7eac5800df5710861b1039657467594c8,NIACL,NSE_EQ:399,NSE,EQ,399
6d5dd1c5aba3418d269b6ea323c3a13d5aa9dcb37a831a0799b411b2af80e035,LYPSAGEMS,NSE_EQ:31468,NSE,EQ,31468
6a2b0174f8cffc3e98de9ae02add956e2e463484a5b30a19476cc484c65327c7,FEDERALBNK,NSE_EQ:1023,NSE,EQ,1023
c9cfb0929515a718bc40afbea026b2de30ef6e8a74d382a3b5ec2fb3041e307c,KHFM,NSE_EQ:9570,NSE,EQ,9570
2fe1e9735c90760d470980069bf19be3c253f0b1c3bb892183d29b1ae7ad76eb,COALINDIA,NSE_EQ:20374,NSE,EQ,20374
68af04bebb8ca499615f4db571833a9e48467cbbc13619c9712ca195d44f400a,DGCONTENT,NSE_EQ:10358,NSE,EQ,10358
468c33c6f1229514c955aaa46e55843fdd51cdf1cf39ec9f9b4f90899c8be2c9,ADROITINFO,NSE_EQ:4953,NSE,EQ,4953
be6c1969de670ae3319f1ad79ed5bfa7c4ad6417fd11e5921acf9df3a1f36b8c,PNC,NSE_EQ:9346,NSE,EQ,9346
62f495579989a3f79360631344654cf1eb76dd0fa54fbaac84f43365b494a8d2,PIIND,NSE_EQ:24184,NSE,EQ,24184
b26036fa997265056d59cdeb60e291421a916d114ebdec7ef1d6a8d65f003620,ECLERX,NSE_EQ:15179,NSE,EQ,15179
6a30e7eeaa8557e8761864c913a0c1f6e41a2d6387d11dbd1fbd27a02d0916c0,CINEVISTA,NSE_EQ:8024,NSE,EQ,8024
923632e4ce2e7726e7bec21078dadb147f6d86b6fecf685a6434e15b9eed99bc,NIDAN,NSE_EQ:6592,NSE,EQ,6592
59da09cac97bf1aa6cbf3d017b0beaa054c85c9f5b9e4a418aa695fe0c783183,QGOLDHALF,NSE_EQ:15330,NSE,EQ,15330
f91ada468204097e16a4b8625cfa1d8896eb3392576501fc14761530c667bd05,REMSONSIND,NSE_EQ:3965,NSE,EQ,3965
67404aad7c6a6e0a65be244dde8c46aa935cd5a3a7e64427449adcf40b62cf8b,MASKINVEST,NSE_EQ:18731,NSE,EQ,18731
5ab0d570ed88dc3b13d2ae5ce5a31ca9cf020a670e9f4280de9c152ab0c1db0c,MPSLTD,NSE_EQ:10578,NSE,EQ,10578
3f6e2ef10f71a283c04eb7df1145dad0a58516e76d5ab5453b6ff5b602d9897f,UNITEDPOLY,NSE_EQ:7560,NSE,EQ,7560
8dd0b7f5c083b006d6eea63b66b5cc9ef842c3dbc4426ad5de1a88007b2869a0,PVRINOX,NSE_EQ:13147,NSE,EQ,13147
58db207c2376887894430e9d11d35cc8afad0ed273fc4745745201a5260ae9a7,GICRE,NSE_EQ:277,NSE,EQ,277
d3545077aa7a1528cd0a2c1a20456e458099795cd7c8dea0344f4f7b3e207373,NIF100BEES,NSE_EQ:29577,NSE,EQ,29577
7f4be533ebd124416d5079a31a5bef289e78c9b3e931f2cbf8618114eb256d89,MASFIN,NSE_EQ:199,NSE,EQ,199
37c1fa434595121519585cbfa09cd7be0eda2ea8764b96bcddfa05cad6c8d1b9,WHEELS,NSE_EQ:3766,NSE,EQ,3766
404a373d6ab12edcab5ad0f13c4afebab21447c5240c5c74e03a5dcec7001253,CHOLAHLDNG,NSE_EQ:21740,NSE,EQ,21740
e698427dbc3ed0d471706cf2b1a1e72b6a87bff9713a36a383e41b8b14468eb6,RPOWER,NSE_EQ:15259,NSE,EQ,15259
02a586eaedb6b6af5488e1f5b6cb41c6ea2acd7026f52c6f6b872a2043521f2e,MOL,NSE_EQ:5394,NSE,EQ,5394
72891f06b3dda2aa7521c2fc7787fd51b52db69573d117309cfca5415c0c5faa,BAJAJHCARE,NSE_EQ:6863,NSE,EQ,6863
4556a63457b48bda1509d8c9ca0451e80f6a2c9d089dc81b9414cc06a5acedaa,AARTIIND,NSE_EQ:7,NSE,EQ,7
01d20b335ebe7c6868bf6628860bb465908f65ddccedcd39ee71e9092a4a2887,GICHSGFIN,NSE_EQ:1139,NSE,EQ,1139
b009d64b47f6f3404bc9bb69c36658d877b4e4330edabc0f54b5daa4275c17a5,INFRABEES,NSE_EQ:20072,NSE,EQ,20072
bc66fb135493bb4e8571ac474101ae9a06ca62ba3d3e62ab49656f9cc95e4d2c,ABFRL,NSE_EQ:30108,NSE,EQ,30108
648ada3bbf1e6ae24c740f123baf8e6e4c621c1450af58422502ca376a033baf,UNOMINDA,NSE_EQ:14154,NSE,EQ,14154
469dafcb889f1fc2ea066d2f7dda8b0facbdb991e99cfd6e8d417312e061a0a5,DCMNVL,NSE_EQ:11039,NSE,EQ,11039
446d6ba0e11633cebe364a9919678546937f420b73a3ea195ac448871bb2d14a,MMP,NSE_EQ:16395,NSE,EQ,16395
5bb902d1715f7e8be8bc1cf162a6688352ce54c8559461c33de06911bad745e3,DEEPINDS,NSE_EQ:3292,NSE,EQ,3292
08d2926d70fd42b467c42855df3bdf095fdbe44125e07168525faf2c8a9363d6,TRENT,NSE_EQ:1964,NSE,EQ,1964
8732d69a145d604c413840ff93c15d99d7d3021817973d593742f7e467b0251d,ITBEES,NSE_EQ:19084,NSE,EQ,19084
d24ceacaf127661928abbb5863bc877bf102b4ab303100895447f4cf3d6eaa05,BAJAJELEC,NSE_EQ:15034,NSE,EQ,15034
c94b09415ca13205971c231b4a014ea949a224afe30dae5322c8d2a2cd40d8b2,KIRIINDUS,NSE_EQ:16639,NSE,EQ,16639
4ea8b43f9bbc4563f679c09d5aaeff0cacb3319cc7abc27aa2ecb49b8b0ad10d,PRINCEPIPE,NSE_EQ:16045,NSE,EQ,16045
a92e964efdc3e8dd8f43ba20e47b8970d67baf332aca246e7b6f3713960570a3,RBLBANK,NSE_EQ:18391,NSE,EQ,18391
a30ae9d20f056c54c4899e663c8289962e760b4e4aecbf1e34316f3060e1d9f2,HAVELLS,NSE_EQ:9819,NSE,EQ,9819
bf138bc63b39fbc1a94c0f676edbf036e727478496d94448e4237b77b0a961c7,SHRIRAMPPS,NSE_EQ:7200,NSE,EQ,7200
d31b146a0b017bb67339c246b24fbdd80b89c892dfd1a5ea8cf11b34b151b9c0,GOCOLORS,NSE_EQ:6964,NSE,EQ,6964
e5dc74966fc7ae6f97209d6089752045c1c4392bf9e8eb6f12cd318342e76911,BOSCHLTD,NSE_EQ:2181,NSE,EQ,2181
fce348a2eabacff98d0f6576269475d3eaba7d7bc88cab3c895ac0355356990b,DALBHARAT,NSE_EQ:8075,NSE,EQ,8075
5573c80603ab319cad369aed37b1caa4c3e0a78f0beea6455747892223cd9f25,BIRLACORPN,NSE_EQ:480,NSE,EQ,480
ab7acc9fbb92651e24977033831afa6c81f3315ab3dd8ef38ccc71ef24e42bc6,CENTEXT,NSE_EQ:11511,NSE,EQ,11511
02f965e34720f8084c4ef191f19f07d46d0398dbfecdd285d5e26694c052166d,STERTOOLS,NSE_EQ:4299,NSE,EQ,4299
b29b45831d892fe85c40dc25a63d57adab99e7bf511dc8235e3ed3e1a1f54ba3,ZFCVINDIA,NSE_EQ:16915,NSE,EQ,16915
260709159b25c40f042d68275ef69046552e240a10b716f38385386f6f577718,VESUVIUS,NSE_EQ:3676,NSE,EQ,3676
4dd677ddb389918257bac2bd447d30acbaf79bf4a8a9bf0217b0266f55dbd569,LEMONTREE,NSE_EQ:2606,NSE,EQ,2606
0633cdc255aa58ad20a29be05711b1681bdc1729b101141e97aa3bd9fa04f953,STEL,NSE_EQ:21484,NSE,EQ,21484
97aba13cdbaff3cdbdc51d65db51b42f49f59a5bb8255c8fd276773448a81924,RUSHIL,NSE_EQ:24595,NSE,EQ,24595
6032a113a2ce8829bd69941099861891c5126f4ff7addb14d3ce2f63db987357,SIRCA,NSE_EQ:11050,NSE,EQ,11050
9735b602e90090dc6b95e71e4792719ea77ea061b2ed0a18d4d84c2c34821fb2,HITECHGEAR,NSE_EQ:8568,NSE,EQ,8568
5a01d541af0c079769cd02c43743100d4feb60354cf94f50e74f33344e40ce8b,ALEMBICLTD,NSE_EQ:79,NSE,EQ,79
b728d83d834c0ba94dab83cfe4a11e1143d5eb6b4ba0181134106d110d5446f1,SFL,NSE_EQ:19184,NSE,EQ,19184
937785dd2c6a4281447fb44c3c1e71e4c1e758081759521002e1b7696aa488ec,BAFNAPH,NSE_EQ:17735,NSE,EQ,17735
fb02bdbdbe7c070a30f9938889b97e1aeb9bfd31963a016dc45e8896be774061,ISEC,NSE_EQ:2489,NSE,EQ,2489
a94ecffa210c3a6f2c25c0b0a763fe353d0caa11adf87c821adaed2b3f5445c2,HINDCOPPER,NSE_EQ:17939,NSE,EQ,17939
c99056ca05640d16aa6a10492f5f39f14404b0ec915f2d1273d07ab8427a94b8,GENUSPOWER,NSE_EQ:11905,NSE,EQ,11905
57d50532c3f031ef9545ba776df0b1203420b3da8a24863c47816e3d9997d42b,METROPOLIS,NSE_EQ:9581,NSE,EQ,9581
f13a4dfabde5de349b2faa374fa5d33588a760d1639de8afd4975621867694ef,LIKHITHA,NSE_EQ:578,NSE,EQ,578
def2b119c597fdb48980e70641976ed46787839e9b1f88a1e2abe191d7b3aab2,SBIN,NSE_EQ:3045,NSE,EQ,3045
3c9e045603651f8df68897e69fb6d6bf5431302ef11def8ebb0924aba1151b8f,LEXUS,NSE_EQ:14459,NSE,EQ,14459
25310dd56d00d807965d2756a48e919e22aaa788ef25d5537278491ae4bd040f,BHARATRAS,NSE_EQ:3834,NSE,EQ,3834
e7440dd384f12056f4865f279e2c40932ae3c7aceca1a798a0145ebd499b9072,GLOBAL,NSE_EQ:1415,NSE,EQ,1415
5a35ae56125b029b2a2eaab9df0d07de0df189b57a0d7022c596218473e0d338,UNIINFO,NSE_EQ:7791,NSE,EQ,7791
5aaa2599472c5c5d13391e7b312e17e5874ef353ce913e13680704db6380c670,HECPROJECT,NSE_EQ:7425,NSE,EQ,7425
32261296df8441a0bede1a8d456913e472a0b55a51321d3dcf3757318467914e,PTL,NSE_EQ:14101,NSE,EQ,14101
ed8076ccd1f6b3df534ec1e94279f04659c28277b4f718fb0ee24cc827b4d7dc,VIVIDHA,NSE_EQ:29877,NSE,EQ,29877
6c838452895502dd5d7bae489b57bbc3522eda4dd7292e7cf6b3c677de855110,ORTINGLOBE,NSE_EQ:2979,NSE,EQ,2979
d0f86d63a8ba36cc48bac4a298d108169dda6779767e70a65a855adbf6e603c8,KIRLOSENG,NSE_EQ:20936,NSE,EQ,20936
d43a34b5f99e1e16b8f4001337e8126f330908cede8220504900f35969da2a6d,LMW,NSE_EQ:1979,NSE,EQ,1979
7cc8ad34d4fc69911a05580c68016543cabf967a70ca5d04b7aa6e8fb04280e9,ROUTE,NSE_EQ:128,NSE,EQ,128
9abb7c5acf03828dcc592a432c35f898fcc90be5b8824ffb4058ce13b120b42f,HGINFRA,NSE_EQ:1672,NSE,EQ,1672
515fef6bc2a7bccfe4031af33058a888da2dcca96c9854595889083026867735,GOLDTECH,NSE_EQ:9874,NSE,EQ,9874
671c8d69c262b16bc85e23e6419d962643aa5d4e0abdd5790e6d0c4dcaecd703,ALPHAGEO,NSE_EQ:14601,NSE,EQ,14601
dc9d99b759a04361c8baa6eb1e9bf95cba567f5d314e5d0a6cc10132523c5a80,TCIEXP,NSE_EQ:19223,NSE,EQ,19223
2364c069833a73e19e4629c4caf14d9ae368f5f3e4328d23b6f8a0a6ba1b5c03,ENERGYDEV,NSE_EQ:15053,NSE,EQ,15053
995a857161f860bb930b3f8ec1022cd98181dcb6d37f96ce21825de50b69d6f5,INTELLECT,NSE_EQ:5926,NSE,EQ,5926
840bcdbbb1b046862d797b1202564d4fd9e45fa568ae8781221f6ebd5dbcd70e,ADFFOODS,NSE_EQ:19761,NSE,EQ,19761
90b602c6001a428f800ef15818c22f4e200875eb38e0203377f6e5d31ad0fb90,WEALTH,NSE_EQ:1933,NSE,EQ,1933
24acdd78e122217c266a1775ec5f83e16dd4d74504e3aa1456532fd0e80d0b50,SANDHAR,NSE_EQ:2397,NSE,EQ,2397
18e3cdf47a5e8a8410e3764f8345248b302f13c1cc4cd59f7d5bc99252f23049,KBCGLOBAL,NSE_EQ:2360,NSE,EQ,2360
027d3ed07faa1243d69ad48f07c0872f92b26ae02c1c3c3307e80b77fa9df88c,INFY,NSE_EQ:1594,NSE,EQ,1594
dd34d07c90df5c3a175e0887a339be76e8589eaa47ed592742d7f9235b9b19f9,KOTHARIPET,NSE_EQ:4594,NSE,EQ,4594
2934209183f0198f3595342b25b62f2554ad65b0475fe2acd2e42585091d3c48,LFIC,NSE_EQ:7902,NSE,EQ,7902
19136e573d8f3d9812de6a6f1086b5090ab1ded277ed62e9ec3e0e992e0ad156,MANGCHEFER,NSE_EQ:15007,NSE,EQ,15007
89a4eab9d5098a245309a3540557949ddbfda48de8a759b59b3af9f47a12bdf4,WEIZMANIND,NSE_EQ:3748,NSE,EQ,3748
3f6782e9166a12d7966dbffbad50d524160679a3dbadab0c141ebc78162af305,HATSUN,NSE_EQ:3892,NSE,EQ,3892
02429f29e688f35a5a978d1c06746a87f1c7a10e9a41444c8203f5bc1fbd3b0c,PRITIKAUTO,NSE_EQ:5292,NSE,EQ,5292
114d13f5db4045d7ce3013376d498c1f4b7dddc01da6372ed578dba2f73dec49,DSSL,NSE_EQ:25690,NSE,EQ,25690
b86f7f4626822030edafe5eaed645b8e6b16e6d7d86de11062efa6987ccbc65f,KPITTECH,NSE_EQ:9683,NSE,EQ,9683
c3fe7e4329dd4421213b6d65dce5e2239df8f28b7e26bd5c88c99c4a31292a2f,IOLCP,NSE_EQ:20413,NSE,EQ,20413
fa2d804f9dd358506212225744907a101bd4e43c8b62d1172b01a7e4a79694c0,NAVINFLUOR,NSE_EQ:14672,NSE,EQ,14672
cfbdf1e5c01f569cd58272d6eca575fcdce7cd36bb2bcb6b50a19b219598158b,IRCTC,NSE_EQ:13611,NSE,EQ,13611
a7fdf83e055bef340532aa5e1be59dcfc2504a58e90516ffcb80c9720849e908,RAJMET,NSE_EQ:2168,NSE,EQ,2168
0923d70ab6d754548ddbdd7087a206512d34a00c4e2e3948d48e6971f4e4ead0,DTIL,NSE_EQ:6227,NSE,EQ,6227
635de2a6fa6bb409b8cb2b73bdc89d6a37d950276fce868ab85156ab18a4fadf,SINTERCOM,NSE_EQ:381,NSE,EQ,381
32eb27dcf332d2926bcc78337341769b8a3d2863dc1f8c961c51d35dd9789aa9,SUBEXLTD,NSE_EQ:967,NSE,EQ,967
d493724da4d638e49451b129d5e5a0ca051ff1bcc84eea842177d43489ff465b,CHEMPLASTS,NSE_EQ:5449,NSE,EQ,5449
508df7dafb385c5de2dd3700208b180db7af80150a79df12b712453e9e438661,GSPL,NSE_EQ:13197,NSE,EQ,13197
e891e4b5c0474c39e6ebbc7fbdf9238ee2cdfbf100c99351504dfa2c19e544c1,CARTRADE,NSE_EQ:5407,NSE,EQ,5407
4fdd999887c9835fab74f8cd7a364e50d7495b9a287cde4660b89763e244f54f,LUXIND,NSE_EQ:11301,NSE,EQ,11301
1cdcb92792e05eef2c208688a0e1b2a3291fbf15788be1105b8019508dcac441,POWERMECH,NSE_EQ:10473,NSE,EQ,10473
551701978accc0113b17fa357339d73e12d14dfe769b53478afbac29a1c2a269,LICHSGFIN,NSE_EQ:1997,NSE,EQ,1997
abb1c72df06d94182b17b76e195342f70f8b64af26f199ff76152cc7d7bf61fc,DHANBANK,NSE_EQ:11360,NSE,EQ,11360
ade4992e1ae723835e89fa95bd293adb1f7aa581d9c47dfca51e0f47644221fd,SMLT,NSE_EQ:6843,NSE,EQ,6843
3895607f2a3ff44bb9d6cf5cbfef65c4b56537d8acf598e1ad1cc15353d8121d,ASIANENE,NSE_EQ:7030,NSE,EQ,7030
9bacbd9e95977d696682a303b78d3e272d0f13e56130c915065b0083ad3b45e5,VIKASECO,NSE_EQ:25756,NSE,EQ,25756
55e99e2081c230cf4e8fc6c177f17eba4ae7432127f9e8a46d7690cb7832bb02,TEXINFRA,NSE_EQ:11549,NSE,EQ,11549
85d4840ef3f119dba24c6549fd7369cd99a20cb81766c4cc6e51667ac62a9b87,SBIETFIT,NSE_EQ:740,NSE,EQ,740
5a99d86b63f0b10b62bb2c0c5befd1d5ab4d870cdddd26125407e75349cc8b75,SGIL,NSE_EQ:5116,NSE,EQ,5116
67d8058a1ac54e28856dcc1ef53086e44b0effd3d8a571877913f6db21846c92,AVTNPL,NSE_EQ:14008,NSE,EQ,14008
c41e0c3bcbf82aa7f97a0a8c17b298ebb8deac6db723690155923208567521da,BAJAJHLDNG,NSE_EQ:305,NSE,EQ,305
21712f9a2cb819f9c53f5ae8b1e371e16c85f1355921f219833b0adea4c7ffed,ICICIBANK,NSE_EQ:4963,NSE,EQ,4963
88e6a4a89eead6064b5078701bb80ded5e5c2d3e08125b7529a36804a77ff7ec,VGUARD,NSE_EQ:15362,NSE,EQ,15362
5b09c0b9ab2481e49ab430f29416a310d16e032f69e86057a1ba44a920418f44,DEEPAKNTR,NSE_EQ:19943,NSE,EQ,19943
81710c4d3b721e2cd18b48ea7dbd356bf4ce95d7758f1810b8591060e9986208,HONAUT,NSE_EQ:3417,NSE,EQ,3417
094e0017b523186a1979c8cfa8f1b7950f6ec0281a82f7295e8a39f491c7352e,WIPRO,NSE_EQ:3787,NSE,EQ,3787
a28d7c1c194411480c3a9fba410228236a4256db69260eddc631329da81eed6e,IEX,NSE_EQ:220,NSE,EQ,220
e30333559c0679c79f333354d3f9492fbe1de13d1b7eb901f7b6c4d383186ab6,ASHAPURMIN,NSE_EQ:203,NSE,EQ,203
3395ea601cc1f61d706b71c92440e12b53a49a079919303efef69faa9252f12a,SUNDARMFIN,NSE_EQ:3339,NSE,EQ,3339
95a7b0f2e2a33c3130ca50dfc8e8f5ab0125d98d74b1a856bb2dffaa5a6fe01a,IVZINGOLD,NSE_EQ:18292,NSE,EQ,18292
460f315f7b5ee50c1997f464fad2bf426b5762ebbe4a5d4d9c813adb25c7a141,ACCORD,NSE_EQ:21217,NSE,EQ,21217
9819258384e023f12209b7517bec7bea7aa19b3e5137da1b3914f43bdd92ae15,INDIGOPNTS,NSE_EQ:2048,NSE,EQ,2048
3b3ba518409f028f153386441db85097d8910dbd59e51ac7db1826d880724d35,OLECTRA,NSE_EQ:10637,NSE,EQ,10637
ee4f9206ad209bee6b7b9cf6fc7e8a0a57a53bbb7656b18e937ea0ccaae33537,THOMASCOOK,NSE_EQ:3481,NSE,EQ,3481
35bf8e637382df61074e053b8c4421ce17ff4a27ca3f7ccb2a54db14acd12c00,SADBHIN,NSE_EQ:10618,NSE,EQ,10618
3e49dd16f3893026764455ec2610d4cabf5fb0e47c506543598c10a94bbca204,CLEAN,NSE_EQ:5049,NSE,EQ,5049
b088a1e3fa5bdb74ca0cc5ea39143b69d67554f017fdc508898a7702162dd21b,ASTRON,NSE_EQ:874,NSE,EQ,874
b5312f61c3e8241e9604420dfd69c8be0ca0db371483d8d98398b1974b9a6389,ROLLT,NSE_EQ:19108,NSE,EQ,19108
521cb0c6098ccecabf46f4413416e1ec71c247edd36df3a07736464a0e07c7e0,DCM,NSE_EQ:805,NSE,EQ,805
cc0eedf585c29b137b73a3c47e524f115749883a0d0883f7689da050cabe7999,JTLIND,NSE_EQ:7287,NSE,EQ,7287
fd0e57350188b96af05a28ee4971432f82d5066e40885a82022344ee93687913,SHILPAMED,NSE_EQ:17752,NSE,EQ,17752
5a8475c171821abff4d291180307c27f710f3a4dd3438f6b1bd0738ba90fdbb6,NITINSPIN,NSE_EQ:13175,NSE,EQ,13175
8072e4aa86d4ae2cb506f320b548f5319234eef597f02b3debfa5c1a0dea4404,KESORAMIND,NSE_EQ:1859,NSE,EQ,1859
273fdfa74633ec381c74fed5199d57e970198204487534a86bd5f92560c550f0,SILINV,NSE_EQ:4105,NSE,EQ,4105
937e659680cf2617cf77592683d23f28fee26e7255969c326933ff596f42d28c,INDIANHUME,NSE_EQ:1530,NSE,EQ,1530
5d9a4beca72748a2851f0393692a599dd80e821a8ae77f5eba7d6581e3a028b5,GPIL,NSE_EQ:13409,NSE,EQ,13409
7f32c6bbc7e1b0b4d38005e1a543a768503f06376431b9be4f520605dd87c8e7,VINEETLAB,NSE_EQ:3807,NSE,EQ,3807
68b19a90677fd0b654f1558d70e3353729c4760879cb6f16b34e5b7ef382b9fd,BEPL,NSE_EQ:419,NSE,EQ,419
3a89569026c13270373b36e33e881ff9790aea33f60ce6703ae688acfbce8694,CAPLIPOINT,NSE_EQ:3906,NSE,EQ,3906
cf3050b91e1b035ea6374832c76a6f86c2a31dbdb825831cf8329e43c6b61494,YAARI,NSE_EQ:25003,NSE,EQ,25003
ca85424faf058168bc5f59bd6b2d3705ad16e7ef72a8df7ecc9845f35a12bddc,BHARATFORG,NSE_EQ:422,NSE,EQ,422
f824dae0970ae412e0082f9f63774992271c9e891c59dcf7b22a076f201cfbfe,SHARIABEES,NSE_EQ:17044,NSE,EQ,17044
270a32a14b475a090c7c72caacee9d2a68e4047ab2dbe365e48bb951c4eff62b,IVZINNIFTY,NSE_EQ:24217,NSE,EQ,24217
e7a6c60fc576c3b3e4df231c49993df89dd43baa617053caf9ffcc8ebaef69d3,SMLISUZU,NSE_EQ:3387,NSE,EQ,3387
878750bf7626683ba64dc30397e6b644e145a592d345140cae284f2ef1ab1ff9,PRECAM,NSE_EQ:12603,NSE,EQ,12603
e6dea55744925dd89361c19e92533a589bb4a0d63c29fa7cab76ecd50106052e,KOHINOOR,NSE_EQ:3009,NSE,EQ,3009
2dfa4c3866cf178e6cf69e7d9fcf6b0f8b417b0d861c9ea343d01f85d68a94e1,HAL,NSE_EQ:2303,NSE,EQ,2303
f5a20e28eb1f8fc361e1a73057bf97b05b0cea39459385b0f64a1c055b4fe852,SMARTLINK,NSE_EQ:9889,NSE,EQ,9889
87b40e6626523010f6aef3ded146756a05c337db1d66530d196e88d5dc70882a,AXISHCETF,NSE_EQ:3608,NSE,EQ,3608
d3836b783a530cc0294ccdea64536b6c6af8355f5a246c6239ae394093d220dc,SHIGAN,NSE_EQ:8394,NSE,EQ,8394
71ea2b986ffce0b4f70470c0d64b70475e4b618a77e0fac28210c9eb77845057,JISLDVREQS,NSE_EQ:25684,NSE,EQ,25684
7690bdad2d77135031c0a55f1909e96df88987ac7e78b9072b1b268dc6cb6a5d,GEEKAYWIRE,NSE_EQ:17922,NSE,EQ,17922
bba1b13c182f3e506265f687fecd6a3ac7e3ba434d5426885d93aeeba6f21587,PDMJEPAPER,NSE_EQ:15377,NSE,EQ,15377
69caeb6936bc057aab92e78917cdb7a572d017258e6352b4dfecf52b07bf7dd8,IRISDOREME,NSE_EQ:2275,NSE,EQ,2275
cf3f934d2cf5c405b7b9c710e39c9ac4a8293a54ef47d745303ba90d35922885,ADANIGREEN,NSE_EQ:3563,NSE,EQ,3563
2473ca2656773bf82c4e345de9f37a4c5ff89861539fab6d2c92d6b04976797e,EXPLEOSOL,NSE_EQ:17486,NSE,EQ,17486
726959c15f263907ee110f2d3965654c8c662b978158b74c1f9c59a2a6555a1e,GTLINFRA,NSE_EQ:13745,NSE,EQ,13745
487e1dcbfccd06ffa7c476e89d08b2565936793038128d5bc96e480295510694,NOCIL,NSE_EQ:2442,NSE,EQ,2442
05a86074e8ed69093e9f7bf1c54a6ec8660e64287bfccd3f9a7af209a86f0277,VAIBHAVGBL,NSE_EQ:11364,NSE,EQ,11364
435a1c3da25c8da2dd8db4ae637775b92bdd7aca793e7728125dfd19ebf192c7,ASHOKLEY,NSE_EQ:212,NSE,EQ,212
fdcfa809a2816a88ae86d9f49707fb9023ae0eb51f62c662f5a91da445482fa3,FEL,NSE_EQ:13812,NSE,EQ,13812
d628d9926390ba4143dde64808572881bf989ff6fc82cf2cdad71c760f43fec1,TCS,NSE_EQ:11536,NSE,EQ,11536
4fa3fc4beee776c46cb6f3ee1bb9b6ea8e0968e5581845814e9a50cdc2d2515d,VETO,NSE_EQ:8652,NSE,EQ,8652
a0ecd55de25271c3048b003acd3bcbc02b7fbeb66c7e4bd12d2b74c50db43e26,KRISHNADEF,NSE_EQ:8782,NSE,EQ,8782
6967aa5fbc1041f2b43e59fc598775175b1f5dcde629c6538b083dc4397d61ef,SKMEGGPROD,NSE_EQ:4732,NSE,EQ,4732
68f98cd0d893c39f0c91c809db748080def0ba633e9b4baf4744d03dc517e37b,UTIAMC,NSE_EQ:527,NSE,EQ,527
f34b7affcc57cbade1c7f7374855a3544799ff62726805269d9bb1ab1d71dd32,EVEREADY,NSE_EQ:11782,NSE,EQ,11782
a0a1faae393ac173153f84750ea4e9d68e5a64122a8080df27fcbd4e84486625,ITDCEM,NSE_EQ:5622,NSE,EQ,5622
1cf576c58e83b932c3610049deef2c9889f109cdf18fe31eab9dacca8aaf9afe,SOLEX,NSE_EQ:1234,NSE,EQ,1234
65694836f4e036f7b800263236f3a193df84da864c6e0e875311c6f2b2c8d90e,BODALCHEM,NSE_EQ:25017,NSE,EQ,25017
828fa325e74b162c54f4a9393d4c0ece177a3478e5693660d88d205f1afed699,LINCOLN,NSE_EQ:11596,NSE,EQ,11596
eaa1c8bd28390ba2152d79ed08c66ac121532c8d5d7c56ad1037f752682c2ce9,GAYAPROJ,NSE_EQ:19675,NSE,EQ,19675
a2768468f8972fe6dbe80d1304cec0df9743c8de7a7f61d1f0afdf082265cd8d,XELPMOC,NSE_EQ:8477,NSE,EQ,8477
cd23052ed4265b148e1d8c14f842d150d348fcd3a52ee838872651cc8ad8520c,PPL,NSE_EQ:10297,NSE,EQ,10297
db0b712712e3db39da1e62c3979894d5d142aa02070fe6a2155a0fe4c76478f4,SUVEN,NSE_EQ:11233,NSE,EQ,11233
1072f03e012e332e0394e4c00279b0ec120baa488ac7443dde5c63241484814b,SEAMECLTD,NSE_EQ:2616,NSE,EQ,2616
ccedce5ccb39d27fdbf938b47c3d8a3c15f4fe62013e8ace708ed83845cda007,ORIENTELEC,NSE_EQ:2972,NSE,EQ,2972
0cebde136905bb64158904e6521ed821a3a8064c4a2f4970b7b9a6d77d3d3e34,DAMODARIND,NSE_EQ:17541,NSE,EQ,17541
11bed67c1a00766833a45452f01b3da9d8de44dde5b5d609ddbfbdbe5e656e3d,GULFPETRO,NSE_EQ:11581,NSE,EQ,11581
b28127d693070097858259159b98f377362b094842c1548b7af65424be5d32bb,MAXHEALTH,NSE_EQ:22377,NSE,EQ,22377
a95eb8898070699e338bf22d5b7cfa3ac9d2eb1f128be11a4187a5cf9d1f732c,GMDCLTD,NSE_EQ:5204,NSE,EQ,5204
24a83a53f6a77cdfc3730f35dd9fab05893bc5c2e5cf8a688d802c5687c67d50,GODREJCP,NSE_EQ:10099,NSE,EQ,10099
9b0994625cc22a02589b67a9de0a0915e699b211b7bd667dca9de07c9a9fd552,ULTRACEMCO,NSE_EQ:11532,NSE,EQ,11532
24674aeee73a6797035ff3c38224737e6287b74977cbf3abda8c4cab9c15134b,CREATIVE,NSE_EQ:11155,NSE,EQ,11155
905aff97d326f333b775760a02805a1f0796afb17e337a44c98f0d5d40b0388a,COASTCORP,NSE_EQ:6006,NSE,EQ,6006
b35e31ddb5ae54a7d682fe7bd6523ffe2b18b758f31ff8acbcebcc2be5d0bb62,MANYAVAR,NSE_EQ:8167,NSE,EQ,8167
f87b6f814bd9dce7e306d0e7ac573adbf6599626d24d6eca0095456f4f49d7e0,SELMC,NSE_EQ:6262,NSE,EQ,6262
3d97cde8da8265a6f176e9fe3f0cc563d4ffa1307ce1e7b129ceb64be09c05d4,ASTERDM,NSE_EQ:1508,NSE,EQ,1508
6a6ccf3c4f3a8f50fc9a1ce495b14f9e0ef034a97daa88e9a5d8a81d5a0e5e3b,ONGC,NSE_EQ:2475,NSE,EQ,2475
2c18f9d728038bfa86dad26a325a7afcfee2d96c14a38404cb89c2cc2a431013,UCAL,NSE_EQ:7739,NSE,EQ,7739
4d65a078d4687ce9967888ceb67409d67774723e6147371dd1cff599c9910c8d,TORNTPOWER,NSE_EQ:13786,NSE,EQ,13786
0f684c8b277753f08acc99606161402470d02fe11c107769ea65e5432f4797de,MANAKALUCO,NSE_EQ:7420,NSE,EQ,7420
96579aea80bc2b2a6711162a04e0a9d1167b478d60339f0fa353cb97105a854f,PFIZER,NSE_EQ:2643,NSE,EQ,2643
61d4b6d28822a7d7eba9b5fc78ccdfdf86b1fb7d7bc4153f741c667b9497e4c5,PSUBNKBEES,NSE_EQ:15032,NSE,EQ,15032
64c00ca35a2414c761bc362c8938f933cc876cc7f198a5985d510e71aaa8e422,AXISTECETF,NSE_EQ:3010,NSE,EQ,3010
c789cf3f237e954c255f96736167221a79bddbc0ed24456a5a72a8db8a1ca900,AJANTPHARM,NSE_EQ:8124,NSE,EQ,8124
ef9d947afda70dc1dab4e23333d46a97b370810ab1b8fae9131c146c13c797be,SSWL,NSE_EQ:11829,NSE,EQ,11829
bc422e54bc704a7bf28adda97e41052b0102be262a33559df2ac7c14b0a43436,DICIND,NSE_EQ:703,NSE,EQ,703
91c507ef34cefcf728b6ba72aee3a1ccd2e7387c7400f8b37f65d578d24d19af,GARFIBRES,NSE_EQ:1100,NSE,EQ,1100
d0212136bd2a5a3cf68c8266119c4c57c81594f10bd9ab5b36bc405643191204,BERGEPAINT,NSE_EQ:404,NSE,EQ,404
a3a6af287c5241617f017aa567e389c35eb09509a33851c4737975e75d3f2dfd,NEXT50,NSE_EQ:17181,NSE,EQ,17181
85975be3164b4dad15f85995ab15353a1bff1c905078b4c2a5a070b3621e0571,TIINDIA,NSE_EQ:312,NSE,EQ,312
dd6afb6711f71e467f865b2315c445855d8a1d4eccd90ffb60709b03e36475cc,HCC,NSE_EQ:1375,NSE,EQ,1375
c4cb1e84812004f5b6dbb31c579662c23d82f924bea5eda6bb7c7113b17377f1,GATEWAY,NSE_EQ:8510,NSE,EQ,8510
a4a59844422c6932986c7494ede7cb0b149824bf15eb4d1e152f2c66667f6ead,POLYMED,NSE_EQ:25718,NSE,EQ,25718
fd26323f1e3df7ceee9ef54c1cf28f7c136eefb5e88a7b678dc192b418581909,CMSINFO,NSE_EQ:7603,NSE,EQ,7603
81dbefc9de35f7abd51a4a17710547ae391b1d6b31b8bfc3afa814d82d9c05e8,LIQUIDETF,NSE_EQ:1927,NSE,EQ,1927
307ffdd543ae41bea4902e15800b7afb98fce7b1f84b6fe575623f8b6fea6d01,INSECTICID,NSE_EQ:14657,NSE,EQ,14657
9487530b62ae6aa8ccf225263e0cec4878bb983f1f02625a556b84876b40eead,HINDWAREAP,NSE_EQ:15883,NSE,EQ,15883
78994a510bb48394635a05e00b7a58130ed64f85ad77436a76caa158a4a7df73,TTKHLTCARE,NSE_EQ:11369,NSE,EQ,11369
e7fa1961e813d6edec996d181f2fa221b865dadc6d241311c26aeb0d77495a6c,ASTRAL,NSE_EQ:14418,NSE,EQ,14418
3fe625bc751a3a424b878a64dd7695615e08b7ee60f2010242ee4ffadcb83f2d,ARVSMART,NSE_EQ:10457,NSE,EQ,10457
efb6c95a15615c57962c50396f12902b46efc4dbb768fc81e9fa594efee5e61a,SALONA,NSE_EQ:17351,NSE,EQ,17351
7dc79f8a6c7f593ea4998560363b1242ffcda31d96acf1b5007a31399eaaa760,INDTERRAIN,NSE_EQ:21957,NSE,EQ,21957
07d5cccbdd5d0a1e9a752840a31b58fb4a3a37f8765a0a3ff532bae95104952c,AMIORG,NSE_EQ:5578,NSE,EQ,5578
9d0384a325a84cc1a86da51a21df21c47b0d8d22bf91b2a1bb305d5bfd08ede1,SASTASUNDR,NSE_EQ:20063,NSE,EQ,20063
82fb9f47b59789b533c1856402ccbfaeb279f8a90b45fd6e6076082ff31ac062,ABAN,NSE_EQ:7759,NSE,EQ,7759
79b150c796cc3a75035902f3cad3669937ed7ce3969a15682f4724d39589fd34,ESABINDIA,NSE_EQ:955,NSE,EQ,955
319e439942ee36a19826fb5e69b85f45f5ad15929a3d41dd4069c5fc9e00bf75,RANASUG,NSE_EQ:2837,NSE,EQ,2837
ba870cb10b5d8b73dc97c7c8b0620b4089d980638457e5a4ba2821009d50cabe,J&KBANK,NSE_EQ:5633,NSE,EQ,5633
afe8bfb9d5da2f6b3f6cd6ddd353749bad930c71cd5fe8438b6c5689cc77652f,SNOWMAN,NSE_EQ:4843,NSE,EQ,4843
1f274b00953b34f7fdbc02346373f79e3130fba8b4e457fbf19629ce95adb7b9,TRIVENI,NSE_EQ:13081,NSE,EQ,13081
e177846433fa73b6913e946c5333560e39d1a183631b611a7085b202c574e9a8,MITCON,NSE_EQ:8469,NSE,EQ,8469
550b38b331d3b9e00347d8fd8ff9f9b45e542e1a26c26113d7fff71aa0d6959e,NILKAMAL,NSE_EQ:2421,NSE,EQ,2421
bc7e594f7eb0f21d0db564af2cebc045e40ae26b05469f1cd6104777987f7867,PILANIINVS,NSE_EQ:11445,NSE,EQ,11445
7e6cf09f3a712f98c33328547b69bf6a77c3814908f8418e47097f812eec8cd4,PCJEWELLER,NSE_EQ:29124,NSE,EQ,29124
5671549a11250f666ce44bf2775c0ca6974d16587db76380be14a35fa95edbd0,REPCOHOME,NSE_EQ:29598,NSE,EQ,29598
1b0e794dabd0f02abaee731b2f134faa01c11bb87e41708a2d3c3caf44d29e55,JAIPURKURT,NSE_EQ:5516,NSE,EQ,5516
32eed51b2e3b735e984293732fc355fbaccf7fa20da0a65bcaf20cd8bcbce4a7,DYNPRO,NSE_EQ:21314,NSE,EQ,21314
d61c5a3682ace2737da51308e639d13490e8b38fdc6e53ee671e25e73794e6ea,ORISSAMINE,NSE_EQ:19931,NSE,EQ,19931
b91ee2affb026214f93b26bab723d44d07bf77be8f32687781151ce4dab10adc,SVPGLOB,NSE_EQ:5023,NSE,EQ,5023
207d29dd800b31ce45cfe746eca176efd227cdd2e07b691e174e973c062f3681,FINCABLES,NSE_EQ:1038,NSE,EQ,1038
40d19329369d64da0580cd850a75a4859086b05800cbbde9eebc36cbd2e5ddef,MAHASTEEL,NSE_EQ:17531,NSE,EQ,17531
c708fef1b981aadf2a1ab36e2cf2c748c7239058648738d31b4dcbe1bb041d98,SUVENPHAR,NSE_EQ:17945,NSE,EQ,17945
a9f9ebcb5acd8524fc5207e59360723169285f5659a48ff8e6f99c1a85f626fb,SHANTI,NSE_EQ:5650,NSE,EQ,5650
7c22324a1244f56ac3f23c8abd089a40626204e466bd77193d57d11d3446aabf,MANINDS,NSE_EQ:11884,NSE,EQ,11884
f069574aaaab1f6a6456b8b807636a6f2f1392b72dac1f553da5392755c8607c,CYBERMEDIA,NSE_EQ:11842,NSE,EQ,11842
563e8e6d86a72cb1c0b0d57037f4fff64bed96bb58fe735daeb995fcd3d3ef85,NAVKARCORP,NSE_EQ:10557,NSE,EQ,10557
6f9c539bb6a01bd8b94a94e3845b15cf169c3c549e1659530322ada49d106f86,EPIGRAL,NSE_EQ:5382,NSE,EQ,5382
e35380c346b68e15db6999388163811e3fe5535b52bb0b7f4ee6ef9cfaeb404a,PSB,NSE_EQ:21001,NSE,EQ,21001
a5f48e332601ec4405cb6348631ce218ff59fad276b5c777b1a1ded4f75890dc,AARTIDRUGS,NSE_EQ:4481,NSE,EQ,4481
639181fd63cbad6e274ecd205b79f5c3e7c11971cac617ee8bddcac6e79b20e7,BETA,NSE_EQ:81,NSE,EQ,81
bb0c6b8e2cba4854219e11c8a7d5e9a4aceda46c89c8f757bde5e0259bd9ff45,MAHAPEXLTD,NSE_EQ:5239,NSE,EQ,5239
a7378343da33edd2ee7adf1ea4b9ef30bd0c979e59b04940387724b1c76f917a,ROSSELLIND,NSE_EQ:28917,NSE,EQ,28917
e1d0780b22bff0c875855f7a8028d05d53128582ba6a0e0bc8565780ad209ce6,GAEL,NSE_EQ:8828,NSE,EQ,8828
94d6c9ce9f15df4ca478598b3c3d14b421e4f7b901bbec5f0f322ed165c2686a,PAISALO,NSE_EQ:25468,NSE,EQ,25468
76e3d53f0b6e888c5daca72f362f77bdb8806cd9307f3b0aa7dda2bd5449cb39,TNTELE,NSE_EQ:9884,NSE,EQ,9884
1c3f9d7c7f8b5a5bf64fc9ce652fb17cc305e2241e6acfdcdb92c7f94c594b13,EXCELINDUS,NSE_EQ:11471,NSE,EQ,11471
f2a3e4bcb9603b5f1e0a87348b3b0a8186070f436f54a2e7242071e7924f55e8,PFS,NSE_EQ:22602,NSE,EQ,22602
38cb794f9eb0b06d3007e084c8214dc3dc979a87854a877d69dec945b97603c4,PODDARMENT,NSE_EQ:19036,NSE,EQ,19036
35cd443249a4762cf13d6e4e317df221b30e8e27b160a96c2e38333db5a9111d,BIGBLOC,NSE_EQ:18431,NSE,EQ,18431
b7b7a2cc4cb2a2c07d4aa0e6f345a445adf2a5c0c545a875f6cf4d32a2f602f2,PIDILITIND,NSE_EQ:2664,NSE,EQ,2664
4276b00c9601b29b28ecb970b6eb9612d1c8b69da7e17d097dc3d08013ab5c96,LTTS,NSE_EQ:18564,NSE,EQ,18564
684b8658281894889ced198f13953572417ba1b2de71db92fd53467e9de4bd26,HFCL,NSE_EQ:21951,NSE,EQ,21951
458388bf8a48c7955b833320ffdde7886f19e02d3e7cd1e79d19703c98c84e74,SENSEXIETF,NSE_EQ:4378,NSE,EQ,4378
3c3d8255fdfe5d4a3f02d885e294efb01c82a8a3531f0060e45530edca254dc2,ORIENTBELL,NSE_EQ:14278,NSE,EQ,14278
e602712c8510d6a929a75a71fb21faebe656aef0cd590bbccc32abfeddcf7ccc,INDIACEM,NSE_EQ:1515,NSE,EQ,1515
7821005cfeef8bf4d33d0fe0620918f214e566cadc80c7743230b9e3e211d7dd,LOVABLE,NSE_EQ:22415,NSE,EQ,22415
8f73de46b47b7a82e0eda7e0290daf65eb0dfee25136dba0de7ebe7c09ac829a,GUJALKALI,NSE_EQ:1267,NSE,EQ,1267
84f1cca0b5b41e65c29fd1bbf85fae9088f12c5d7520ff1b68dcdc60222ed856,HBSL,NSE_EQ:4116,NSE,EQ,4116
39995f316467eca9c0c28d0f305ab94775f9a5a07424b24f55820a0fdf73bd3e,EMKAY,NSE_EQ:13424,NSE,EQ,13424
2a30f9c2164ffb8ddb522004e30fa3cbd7d9abe3bb51685c33dc66da8383cd0d,MPHASIS,NSE_EQ:4503,NSE,EQ,4503
d28ad94a43e7bfd0ba5914befea8fd0b98bd7010218d8b7d0c410ed26255f08c,SBC,NSE_EQ:6792,NSE,EQ,6792
a3f8f28affd252476d24ce8ccfad9aacdb2576b0f6dffc33c06472eb24ec7bba,OSWALGREEN,NSE_EQ:471,NSE,EQ,471
2f0593534ddbaedaab13409c65dbdffb559271dd47c5155b3c0641de9332d404,MMTC,NSE_EQ:17957,NSE,EQ,17957
3527acc459f989aade32b5cdf9801b0dbfae77fbe672626413910eb3d99da38e,LOTUSEYE,NSE_EQ:16807,NSE,EQ,16807
fc41a99e6f67437f192db85a44adb477c6552007d0d07e2709114b5cc0c005b9,KARMAENG,NSE_EQ:24385,NSE,EQ,24385
a1208542e5bc4e3ce1b878fae3f5d5c9bc1a8aeef20bf7447e89752c237e8484,VISHWARAJ,NSE_EQ:13702,NSE,EQ,13702
1bec279418f341367738ff46665841a50a567bc784a3bfd8d3d4b93f070502f1,BHAGCHEM,NSE_EQ:6164,NSE,EQ,6164
e6f20924d56ed032b9016fdcf702f8a02f112c86ff9b94f64610edec657d383b,HAVISHA,NSE_EQ:7457,NSE,EQ,7457
def8226aaa51c95aa768f5ab40c8c3baed705fc7b5719a0461648cf91f2833f8,SOLARINDS,NSE_EQ:13332,NSE,EQ,13332
f8a80fb929cff1c0ecdda65d7b7c3ff827b088b7fa8a2e1c247d9bffa6085d4d,GOKULAGRO,NSE_EQ:14480,NSE,EQ,14480
1b85ba57ee21e127f702aebc030e73a3ff3716751d027fe6da3cd3ae980d6769,MDL,NSE_EQ:2132,NSE,EQ,2132
959a3064fd8da6b82dc5e27b6cdd9897bec86f3d0d94643f43f1ba71ba4612dc,RAIN,NSE_EQ:15337,NSE,EQ,15337
1a7458f1ceb0ba95171541bc5380b592577e4247b37adf98610053f6e9ef9c11,MAHABANK,NSE_EQ:11377,NSE,EQ,11377
0a34748d366f6ce9ac5275d23c8c232fc25ae2a7823339477c8314ea2b74198b,BANKBARODA,NSE_EQ:4668,NSE,EQ,4668
72610d63001703f8a6e6597064b38d85fa9796c2afa929d47322d67c80006e91,RAJSREESUG,NSE_EQ:2809,NSE,EQ,2809
62728f05a4f8ae3fe1965c250cc422c0037c4448f588aaf92fb209f0405d0e10,BLUEDART,NSE_EQ:495,NSE,EQ,495
378c3a6bd4b197db110132587920ef393bcbded929f862b25b568cf124fcbd6e,WESTLIFE,NSE_EQ:11580,NSE,EQ,11580
a57d0d218ceab1b65e4d22cf6b806866db211c44b0d37632e4e382a299dbba16,BPCL,NSE_EQ:526,NSE,EQ,526
1514cc8c0d47e2775b5ac400e4d93823711df74d0624733a3a1fe2ef9f126d97,IFCI,NSE_EQ:1491,NSE,EQ,1491
6c92a48c185247de06e323343197d8cf15b3d4a941a0febb767b4323655117b9,KIRLOSBROS,NSE_EQ:18581,NSE,EQ,18581
1b8955cf48d912938cb9c85e0659a889ef0bf23453dde7f17f10c52a8e2fc718,SGL,NSE_EQ:13367,NSE,EQ,13367
188fc58e91d8ad1e120fdbe6f892b968f4d22a830525c80dcd062812a0670dc4,SIEMENS,NSE_EQ:3150,NSE,EQ,3150
4cf2d4110876f2daf98f016c5993752ddf1088aad895478cf5f35de23376b52d,RECLTD,NSE_EQ:15355,NSE,EQ,15355
c8bc149cf80f30774ed828cc5bda9269947bf45be1b16f917e8d50d6cda3a80a,MONTECARLO,NSE_EQ:5938,NSE,EQ,5938
7fe111564d768a84ef9f7ba0a650db19056b539c49bf15fdb44cac529a328398,NAGREEKEXP,NSE_EQ:14702,NSE,EQ,14702
771d096edd624a1d6843f79044c6519b1249fc5390663236c9baecbddfcb04c0,CARYSIL,NSE_EQ:1879,NSE,EQ,1879
c44fa58febd8fcd95998bae89afec3c96464189650a1c6013ddb0f053eed6d9e,SHIVATEX,NSE_EQ:804,NSE,EQ,804
c4ddde6d464e6713eef546e4ff07589573a75c6655931710e30b12e4cfe7b4fd,AARON,NSE_EQ:1030,NSE,EQ,1030
e10a67f375da506c76b8c0d5cc000745869223a4c4d43962e7ed550cc0ff299e,KERNEX,NSE_EQ:13125,NSE,EQ,13125
7a4616b1f222e9680474384115db12f9c0f9eff6a2200ae1eeb72f212149c08e,ARTNIRMAN,NSE_EQ:6159,NSE,EQ,6159
66db9a09b75bcdb21ffb3e9f81913479b4f1e173e436d3f410c839e57ef69028,BHANDARI,NSE_EQ:19556,NSE,EQ,19556
39eb4b9423a908e20b33ddb877a2996b951ad4efd5686d88a5e48f4417fcf396,IPCALAB,NSE_EQ:1633,NSE,EQ,1633
bed6b78b4fde3d42f9c269f720512c31d5fc39b1af844755f932c2bfddbded41,HEALTHY,NSE_EQ:6297,NSE,EQ,6297
8c18081941c67eb9adf27582c736637e024237b5fe1ddfe06640f8ea5903336f,SUPERHOUSE,NSE_EQ:20616,NSE,EQ,20616
b84bdc4406553ccc435ffa0e290497bd355f8413dbd6a50fbdd44f77ffe2699c,HARRMALAYA,NSE_EQ:1313,NSE,EQ,1313
2b40b879461b5a09840f7337749351b10f6457b04c0c1f106256a8d2aa1cf96b,WIPL,NSE_EQ:20491,NSE,EQ,20491
3528112342baa23d6c149009421e2eac5e208a70753b4d55038aac0f8f463d93,ANANTRAJ,NSE_EQ:13620,NSE,EQ,13620
cd62c185de49a90279be3275b981227d086b13e4646d95162e5191026eee1d66,HARIOMPIPE,NSE_EQ:8968,NSE,EQ,8968
9665cceec593197141bf7824ec019aef83d41b2b8988bf271829d1a987953391,VENUSREM,NSE_EQ:13859,NSE,EQ,13859
7009a0fa782e0d5df3fed3ab83c16b9164eb044ba7983ebdadb08e1a1185426e,ALLDIGI,NSE_EQ:11798,NSE,EQ,11798
7d7814cb3cc1b81dd58fb5828b57ae447a079e6af75dd89a400d0d3446ab08b5,INDSWFTLAB,NSE_EQ:4870,NSE,EQ,4870
5fef2d3313dfee4cfaf1a74fb3d26c4ad6659f973b6d2fc975f13f4f10df1064,EQUAL50ADD,NSE_EQ:6606,NSE,EQ,6606
510d3aaae325aae11554c3276fdd2f9338b8faf65e6427903c6ad713c5528e03,HINDCOMPOS,NSE_EQ:1372,NSE,EQ,1372
2a3646e6793dde30f32b9429896d3ff85e8fe4bea893b3a6510dc8a038713a84,E2E,NSE_EQ:8937,NSE,EQ,8937
09da947f0f3f7c8c173c4e3901c24fed58ae29a7bd5a006e10c58ffa22ac9df9,HEMIPROP,NSE_EQ:701,NSE,EQ,701
346bb69cfe1665c3ffa29ad9d89eab4f962738d349ce65cf20994a77e68e0807,IIFL,NSE_EQ:11809,NSE,EQ,11809
bfc214e48e216efcce00b27d336b8dbd2492263a77ff11d9a8efbcb4cf0bec4f,APARINDS,NSE_EQ:11491,NSE,EQ,11491
722a0d60f371a9b4e49f784ac038b9cd1f9344bf8f89d2000f2bb858af56bada,PANAMAPET,NSE_EQ:25392,NSE,EQ,25392
0c622dc57dd7702282f69ca8f46f5d3aa7b8adb1b3447a3e41335ee14caf19bf,BSLSENETFG,NSE_EQ:5957,NSE,EQ,5957
d8c362804ba28ff11bba1687eeffe52f277e95261adc25c4640665eea4f8114a,NAGAFERT,NSE_EQ:17295,NSE,EQ,17295
cee7b14026bab7223a4b204928e376d41a6cdde317f592d857edadbab23ceed8,BANDHANBNK,NSE_EQ:2263,NSE,EQ,2263
88f91e79c3d4b866e472441969b91d5fe42fc45f532aac4241d20a0034d8f939,APOLSINHOT,NSE_EQ:6302,NSE,EQ,6302
390a3f774d22d4dcb702c0692776dbb3109e42f591e51ce46c7f5bb55c593bc3,SAMBHAAV,NSE_EQ:9829,NSE,EQ,9829
71639aa3e8dbd5b20df55519137a2a72db3a6cb7fe62653bef9ba025d5618ebf,PRECWIRE,NSE_EQ:2717,NSE,EQ,2717
018a55ca8d539eb7119d3139a5f6439e5f8d328250e92c2de7562591fcc4ff27,GLAXO,NSE_EQ:1153,NSE,EQ,1153
e03861f69410b1e674af71c4a97778d1b1ff77e7e66505ab71b76b5af402678d,SASKEN,NSE_EQ:11983,NSE,EQ,11983
4f4e87d59a99bae290648086768db4c9c7b08d3a0a854f0877d329492580ef9f,TECHM,NSE_EQ:13538,NSE,EQ,13538
7b65663ff02ad95a9d1a1ca87e66ff51e4f3a9652b622492ac6f253c35301411,VMART,NSE_EQ:29284,NSE,EQ,29284
3182b1771a9af9f504c4886ed3cb908e9167e40ec8fbc8d67e0336a69bfeb953,KNRCON,NSE_EQ:15283,NSE,EQ,15283
b1b7633df74f2e4b94b6a763649f8cdc2b5852801c8e23bbb2d47ece59fc66d8,VAISHALI,NSE_EQ:16589,NSE,EQ,16589
4eb6dd1db1ae491420b63db3e96999a50db33c587835c7f4cfcab381b6ccdaf3,ANMOL,NSE_EQ:3727,NSE,EQ,3727
68cfa9167505700bda74f1569a30120d2b8fd9808daaef595e50d8ba8b85e221,MAXIND,NSE_EQ:22428,NSE,EQ,22428
835852cfc385a4349a206750671b9f1dc35897500b2db21d1406492bf0422d96,ARCHIES,NSE_EQ:5688,NSE,EQ,5688
bee2da9f803c1934cfa8a8c6f37e64e28eba39ed0ec2b317723afe85038c74e1,JBCHEPHARM,NSE_EQ:1726,NSE,EQ,1726
21f605809df50c49b58cc46427f7df828be228f30ab3fa9e70393eab102746ea,AURUM,NSE_EQ:10310,NSE,EQ,10310
cac338054fa817e7aec87637edd9ac08274e0c80fb9dc8ec442e3b8fbaa42a6d,MSUMI,NSE_EQ:8596,NSE,EQ,8596
284eed8a128bd453417797f225986aaf609b4074a36be0c0c5851af0a07da732,AIROLAM,NSE_EQ:6068,NSE,EQ,6068
01b8a15578114f6f844053fb4d47766fd9fbe7c3e62e76517c70ddae648b4631,PRICOLLTD,NSE_EQ:19631,NSE,EQ,19631
11d93e4bfb1e47ff70e6e43296b49229199bff84236ab3c9d32664c3e8912818,CINELINE,NSE_EQ:27164,NSE,EQ,27164
538963294c1e7802ec8ee733bf21fda0f537d73ad5c004984e722ddac1f6d4c1,KOTYARK,NSE_EQ:6444,NSE,EQ,6444
46e4b56e931347d28fb6c44dbf7c811607e4a53798f347308318bbf27d1aa16f,AHLUCONT,NSE_EQ:17833,NSE,EQ,17833
332837a8d1906208af34717725dc7dce013ae0660426f05e3b31d934ee0855e6,GANESHBE,NSE_EQ:5614,NSE,EQ,5614
f096ed65f0dd7e699996cce1c8085c39d12dfa8240499aaee9ca65a9033667b4,UTTAMSUGAR,NSE_EQ:13376,NSE,EQ,13376
fc6d9c6c167655319b8e43e9a4bf61cdb536e89a71b64b9e9465d3be0d3804ed,AUTOBEES,NSE_EQ:7880,NSE,EQ,7880
5fc8b9c81870e258afde94ad6d1327473e4bd6e9629aff90fb2a38c98bdc5d55,DIXON,NSE_EQ:21690,NSE,EQ,21690
1161b54df27b853e5aab36d21b133863f6e34ffcb5c192fc63fb45b0e0442011,IMPAL,NSE_EQ:12009,NSE,EQ,12009
74d74f28ff6de259762d24740532ee074067c0e4b41c503b4e57a19f8e60472e,ACCELYA,NSE_EQ:7053,NSE,EQ,7053
3dad923bb014b8a77d7eb6df11e09a2e7a9835737f4a57e484df60a74e4d9d6b,LIBAS,NSE_EQ:11082,NSE,EQ,11082
5a0dd4b4a750591293f6eab0c5d10d8349d707cded8cbbad329b6148b99c7dd6,KHAICHEM,NSE_EQ:896,NSE,EQ,896
1298e58d964eb095e59fe86977c72b10bcdad0ad87a3a8a0ca25d8696f7dc9f0,SATIA,NSE_EQ:11045,NSE,EQ,11045
cf6cac651619d7493fbc0fbdb3ad09385d0a5b5e0478bdd92d56d180ecf0e023,SPENCERS,NSE_EQ:8163,NSE,EQ,8163
9f8c7b26cde59ca3dacc74ec7afda737ac1d15aa5239206416f79019dbd7ec37,IDEA,NSE_EQ:14366,NSE,EQ,14366
db38c4e4e9307ac506fcfc3fbe75f1b00ad53606adda6889e722f8dd953c447f,COCHINSHIP,NSE_EQ:21508,NSE,EQ,21508
16cf6715167ee8d128af12c3177096645c91faf1470c42cecca347f9a0469307,SAFARI,NSE_EQ:13035,NSE,EQ,13035
47ac5974d5127545233012744f797812711772292f1a30335309950de84cdfa2,GOACARBON,NSE_EQ:14687,NSE,EQ,14687
7258c1a9b2de1c6f6889aae7c2e64e6cdbcab82eb084493301e99404ca31ec09,IDFCFIRSTB,NSE_EQ:11184,NSE,EQ,11184
c2e45f22960f2d4b0c691e236e3cfd30dfcf77678045657eafd31d5ac2ea5d97,BANKNIFTY1,NSE_EQ:5851,NSE,EQ,5851
2d4b7aeb577b24798d25fa33262ad8a36f909e853fea2961a37c62ea68cbdbdd,GEOJITFSL,NSE_EQ:11896,NSE,EQ,11896
61dabbf9257dbac010779e0dd1513e0fe8624dba92f7ad8abaaac50b68f8b068,DPSCLTD,NSE_EQ:15419,NSE,EQ,15419
3680cd048f94e052386bc7659900b6ee13eec324154fb4b59bf08a27f6788e26,MADHUCON,NSE_EQ:13671,NSE,EQ,13671
76fdaf195c368f19f73a0f9d35bdc1f273df80574111a37a1f43b70d35146170,CREDITACC,NSE_EQ:4421,NSE,EQ,4421
0e0c568ba81f40b39da76e233a57872289fb9875c9eba3691269b3840cd94100,HUDCO,NSE_EQ:20825,NSE,EQ,20825
e2404370c5fc49fb10c79691cf3b71d05d02dec37db76bc11973b882abace6ed,GEECEE,NSE_EQ:13658,NSE,EQ,13658
28b32bc4d5a5cbac8b5f296cdf618c3732e2b52f2869a3e390b1c9e3a717cc89,CAREERP,NSE_EQ:20086,NSE,EQ,20086
9f7a975451e2f8f0102f0adde3f2613d19c46e7834be5c21ab5c31d9ed309a78,KEC,NSE_EQ:13260,NSE,EQ,13260
72020838baebb67d794ece0864bd0ba37e270d05cb454c58e0ba6611d36a3a21,MCL,NSE_EQ:22362,NSE,EQ,22362
10b12664bc3e8ad675d2ed6be52b9f54e887e24f4ab214eadacd336da659f230,MAGNUM,NSE_EQ:14957,NSE,EQ,14957
3fb615a5e8fee51224062fe0ed5486600b4dd3abc3045b25b34e589c080fb102,VADILALIND,NSE_EQ:24196,NSE,EQ,24196
f77e6865ba8c3ba7b6e58cf75d9a267d22d161927460362555d96462939af248,BMETRICS,NSE_EQ:6052,NSE,EQ,6052
ba055b5f2fa64a726c8e1fd90b831b3e08570a9d4605c1da8757f541525d9d3f,M&M,NSE_EQ:2031,NSE,EQ,2031
13122b3e6a66926bbda47af52ef2779726935876b235f80eb67a3361ef667ba3,TFL,NSE_EQ:14323,NSE,EQ,14323
cc7bebc3c4d107ddd71c46612dbdd0e4d4441022853fef4ee2417ee641838b08,BBL,NSE_EQ:13761,NSE,EQ,13761
f5c42d783a7adf7a1e2490a2611c07132d8b1c5da7b233c6b3570bd8b72c1510,SHAREINDIA,NSE_EQ:104,NSE,EQ,104
82c3e00b2598a67c517abf7713f4d2e6628a0d1332e765d95759df9e68d27878,PITTIENG,NSE_EQ:14134,NSE,EQ,14134
217f8072a67b1c04dfa927c1367fee39a28471f943b6e9e190923e804b074647,IGARASHI,NSE_EQ:634,NSE,EQ,634
e277827c37434b72589e0b52be8410dc9ce38efbfe1b1f416e215d20d8aa2dcd,MANAKSTEEL,NSE_EQ:7463,NSE,EQ,7463
60e9f9866c18598379d59c0344912a8a1333c4fb2598f23b7b7ba1726250a72e,SWARAJ,NSE_EQ:8608,NSE,EQ,8608
3f65e3db3ec44a442cc289073989fb12c96e88cfd6a80f402507397f19f21c2c,CHOICEIN,NSE_EQ:8866,NSE,EQ,8866
de06153398091778b095c8427bf6a70d82caf900653a04bb7f314c1edbc8461e,PRAKASH,NSE_EQ:2708,NSE,EQ,2708
c1cd2be9ed650092b9ec8878b66de436e306f3f1e8ab0d62023a5c63f36e1497,RVNL,NSE_EQ:9552,NSE,EQ,9552
354bae25265cca7fb2301d25b2ac641dca2c60f549cd1692385b750f770d432c,DIL,NSE_EQ:8665,NSE,EQ,8665
b855e6b83d352f28a7778bc476c7ff3e74406c9493faa7e6fdbc4dfc3355a6d7,UNIONBANK,NSE_EQ:10753,NSE,EQ,10753
fb9b64d2e1a3a597661f5af2d78fa6ea7d2b3dbeb39a9d74981b1ba6b6fb9474,AWL,NSE_EQ:8110,NSE,EQ,8110
8ba0a573ad993352a0c76d5312f1a74d29b170793e5bd1ed1cc8fc42c3d51fb3,TRANSWORLD,NSE_EQ:3129,NSE,EQ,3129
b6924d9570efb06438421e910bba1da5b9f34346351be47c86fbda5d71160c4b,ZOTA,NSE_EQ:11394,NSE,EQ,11394
15c7d4826c8fe536571351467fac23f81e70b3ccbdba16b08c895a34250127d2,LTIM,NSE_EQ:17818,NSE,EQ,17818
998fa076bd88d984414660edf987515983651193707cbc7d56a22e2340128293,JOCIL,NSE_EQ:16927,NSE,EQ,16927
8ab272264d4593b077544947a6c0485b8d8ce21cdcf9e002f66207dc3acad16b,KEI,NSE_EQ:13310,NSE,EQ,13310
d00384d8784b649a3ca747839e62df12280d903fb8e9eb249652d15434b79d05,RUPA,NSE_EQ:25724,NSE,EQ,25724
29b33c1e0aea8247e6576bd9ad14448e5fb3b69e8f250ec237e37e6a7d53319d,IRB,NSE_EQ:15313,NSE,EQ,15313
aeb6732022ab6c2a91604d38979ac19eef62d2033c754fad6fde1bc5a2d0652c,21STCENMGM,NSE_EQ:7750,NSE,EQ,7750
71404228195b192a3046bd0ac548baadc029fc5be13341c0e47e53ab7f056b71,GOLDSTAR,NSE_EQ:1,NSE,EQ,1
f25ff59c1653d76bc24b643605084f73514af839f043e3ddde66525c74110b25,NEXTMEDIA,NSE_EQ:9864,NSE,EQ,9864
84d5fda1a882dd8ec115e284d7e000a63ce024f4dcc1c9b102b0e437d06cfe2d,VIPULLTD,NSE_EQ:8437,NSE,EQ,8437
d458a2357e21e6ec9f88b23b3b15b089b61d9116ee07e36f80141a3c4946ee80,COROMANDEL,NSE_EQ:739,NSE,EQ,739
6cb7ca23e25bb06e59c79c331f9628726c27f225411345b0cd7b6a88ae829d11,INTLCONV,NSE_EQ:5606,NSE,EQ,5606
61c31ec2af23258e06768da0015dc20899374c8f11f4f1c7d193e8fdf2c3cd57,BANKBEES,NSE_EQ:11439,NSE,EQ,11439
dafc290510d6daa0f1ff00a4ac55af5377d7af2a5962993bb72c23a861207fe0,ABB,NSE_EQ:13,NSE,EQ,13
2f598fef84e0bf8314d48fe26b3a3c90b45571643e8068b4479b69fd3e939377,KOPRAN,NSE_EQ:4951,NSE,EQ,4951
68bca69c11ee3d4c165a9ff611b5aec7a87d60a324fc0b3d900350058f465d59,SARLAPOLY,NSE_EQ:14047,NSE,EQ,14047
38781e4e1f0f5ee77842d45525427aaafa824bcddcc08d98abd37ca7800a9398,ROML,NSE_EQ:359,NSE,EQ,359
da4d5a5ddcd84732422a260b5710e6d403bb16b2001ed34cbc1ca30ee6757aad,BARBEQUE,NSE_EQ:3127,NSE,EQ,3127
9ef97c7f88511927ea88f56e6d71d203efdbd8f84ab36adc88c5e5c5ea9c09b9,ADANIPOWER,NSE_EQ:17388,NSE,EQ,17388
65857038c0ea6d92feb728c0805a47e8dffce623f5b7eb2b0d4853d09d8d008e,JKLAKSHMI,NSE_EQ:13491,NSE,EQ,13491
a0d36391f87bb7a97b452dd75fec23985acdf879513d81c427a450af8c4f4037,BOMDYEING,NSE_EQ:513,NSE,EQ,513
cbe165335c0f94a6aff4bd3135f42f6977de70c8bc0eeb8f49ed82bb37fc870a,ABCAPITAL,NSE_EQ:21614,NSE,EQ,21614
24f374251cfd0e9535d47373f791f8e23f6aa2e8cf65e6d82d9213ee8d31bc74,WEBELSOLAR,NSE_EQ:14606,NSE,EQ,14606
3d765ada3066ce53244ba23707bc19b055da3bdd700c114b6674134f9e93fb25,GMBREW,NSE_EQ:1168,NSE,EQ,1168
19d834784547368267d129d3fa8c0eee673f8650c15dfef720b75870ebd77759,RATNAMANI,NSE_EQ:13451,NSE,EQ,13451
39fb626d1f7d8680687d60de791e59ab7fa09fd99092a808d16e15231defcf88,ELDEHSG,NSE_EQ:8953,NSE,EQ,8953
daee427f00074d600f6c154ff70f46ad6a47a1d0c422c158d651333486103e27,MICEL,NSE_EQ:7169,NSE,EQ,7169
0f81b7535204ad827a7cd34743c6d9d072f60b2efa14b4e04004cac064c467c3,JWL,NSE_EQ:20224,NSE,EQ,20224
ba754fe75d94c269273e2084fe18925ddc0eaffeccd2cf930ebbd196f12c701e,DBCORP,NSE_EQ:17881,NSE,EQ,17881
6a39c55c56067892fb91e1848ced2578b0d4996b34a8a263cc59a7ecc1aa9182,DHAMPURSUG,NSE_EQ:857,NSE,EQ,857
db3b39ce07397925d028eda6dfc2a44e48fea3e9b14a7242296629b436928b9e,KMSUGAR,NSE_EQ:14667,NSE,EQ,14667
a38596fad61bf645465103d87c8a444c433241c18c7e89526945f132120088b6,RAMCOCEM,NSE_EQ:2043,NSE,EQ,2043
fceb8e49a2d7297f784fdc049711ee4858d8df50fb5c5351153d4e5529b45801,YUKEN,NSE_EQ:5501,NSE,EQ,5501
5fb6283bbbc543c9ea4bdd2be242feeeec3907a163f2f2c95f0adaed9383252f,AXISGOLD,NSE_EQ:20532,NSE,EQ,20532
2eb02fdbdc27f2e8436413fd2ceea6e8caace5c466f64bb95f5ea0242c65d19b,GODREJPROP,NSE_EQ:17875,NSE,EQ,17875
5aa4f1dfb8c48d0aae62adea72bc8790e9c65154941a886e1dcb9aaab345cb13,PRAENG,NSE_EQ:13941,NSE,EQ,13941
79998cdab712ff1bf8e8feaea8b619d112ebe5f93ed0a0226f4de71494e40b55,EIDPARRY,NSE_EQ:916,NSE,EQ,916
8ef5888f1b0c71df52c27a257563410308d8745479fe0b8b03be2f3dd9fabfb0,LICNETFGSC,NSE_EQ:6062,NSE,EQ,6062
96bd53ef2f97cfcc3e6b2d8da079fd546b7f9594e891d23734ea7ddf57c08cf4,MOKSH,NSE_EQ:3586,NSE,EQ,3586
ae2d79448d9d9ac6bd0fcd6dac8c4a3c1a9333da44d1834c0c9d58ebe071fdfb,HEG,NSE_EQ:1336,NSE,EQ,1336
ee156ff7c8bc7d4217eb224d6d19660f2d8bdb17d2b670d6ef38114690b36f1f,PRIVISCL,NSE_EQ:8825,NSE,EQ,8825
7f7b639ccc06d9c40f5f565e76c874df8ffa82da3ea0aed4f9c79936e7c00d05,GILLETTE,NSE_EQ:1576,NSE,EQ,1576
b9775fc9af966b29192aed4029bc48935608495bb7fb6253b9129adef7dea689,SEJALLTD,NSE_EQ:7091,NSE,EQ,7091
acbde9607639585cda28a94058fca5ee75ce2d4722afd36a355c4c0f9e2d7d6e,AURIONPRO,NSE_EQ:12022,NSE,EQ,12022
c4e17a1a3c9dcfd644f3d240086cadb07fc72f770a27bcbfa3c124504ef04231,INDOWIND,NSE_EQ:14952,NSE,EQ,14952
ef3a65863aeecbf0a8304686acf9fd130c7d0ddf3ee21385607c22cd6348c0cd,ATGL,NSE_EQ:6066,NSE,EQ,6066
d5a0191b4467e43eb1b2e9b5501b35aa5c2e6252faf1657cbaf978d58369d108,JSLL,NSE_EQ:9038,NSE,EQ,9038
b7c19e7bdb5e187bf7cdaa97b4d9a1263cb03860a3868e8f59137a23811f533f,AKG,NSE_EQ:2176,NSE,EQ,2176
110704c2b3556e16565db42642018656b839cc1d7804e3ee38775928f9bae1e1,ABSLBANETF,NSE_EQ:13987,NSE,EQ,13987
e007fe8dc9abf9fff43a239c4ce65babb2afc01813787603affd6921c7b99636,KAMATHOTEL,NSE_EQ:1826,NSE,EQ,1826
6ce019ac63cf5a8d15a4a4220b7e558bd1502565cb987cc3b391c2a9f09bdbb1,VTL,NSE_EQ:2073,NSE,EQ,2073
884a5d7b112251921e02d0719a48de79e7c4d1a70e3391408756621ffaf8e791,UBL,NSE_EQ:16713,NSE,EQ,16713
0bb8aa446a6ce272faffac4e2b3eb00f62736d620e30699ceee3ed83a2fa2480,SHRENIK,NSE_EQ:11149,NSE,EQ,11149
607455c62b88f1bf73b718b8adca877c868146ae48e536402060a17cc37c59d3,MANUGRAPH,NSE_EQ:13572,NSE,EQ,13572
5940b1a31708e6e5f83606394d6f0adeb6cf0a7b1a949175338e3aed1ab569e4,IFBIND,NSE_EQ:1485,NSE,EQ,1485
e1a31bd0cf77825d2cac2de8f5e54aa8bf06e680e89c4d2af68ede92eed0ce91,HSCL,NSE_EQ:14334,NSE,EQ,14334
6d2c3d3357afa0f89cd100f1fb1680c17da63a5cd84513e7d6b43d417d412c0d,HPAL,NSE_EQ:7376,NSE,EQ,7376
b4c1e1e9e75ce75e5dd648a02053480056d3fc4dcea3a25ac23e0fdd7af45f57,MINDACORP,NSE_EQ:25897,NSE,EQ,25897
62403ac14d7c0b34735f7a8c7c04fccc19031957b84b76650e29cdb80cf52b15,IFGLEXPOR,NSE_EQ:436,NSE,EQ,436
26ff3f512716615da9353db1ca364e7f9a328e093c456fa5a7d8ae96d31aa917,BFUTILITIE,NSE_EQ:14567,NSE,EQ,14567
e50be9eaecf796abbf7960366ef18f80cb1a4600f382fbc6d825e98e87ff6021,TEAMLEASE,NSE_EQ:12716,NSE,EQ,12716
0cce31b396b61c74e097722f4d685423de6090e7ccad567ee67cd5fef65c2ce9,SAMMAANCAP,NSE_EQ:30125,NSE,EQ,30125
6de812c270ddadf0760ec6fffb2f269d1fcc46dadbf53918f15cf5334d26efbd,CIPLA,NSE_EQ:694,NSE,EQ,694
a793fcd7f6f582cbe322440e19fc015d0917ecc6217903bb4f9c83375268a530,UJJIVANSFB,NSE_EQ:15228,NSE,EQ,15228
1e9a5b24df4fe47334183c0029612ed3a2a6379b1e5e7398fff7fb5ae939fff6,LATENTVIEW,NSE_EQ:6818,NSE,EQ,6818
0f14b8d41cfe3b2d690e97566cae828224504d8d1adbaa3eca5c92bb7a65a24b,TARAPUR,NSE_EQ:18831,NSE,EQ,18831
4f78b1837f7ea47add8822c50a3d1b55ff7cf0f33062be1aa97ca547ad80882f,GRWRHITECH,NSE_EQ:7982,NSE,EQ,7982
c550801f1ee2ecfbb6715af7a44f668af9c7d9aeae21aa12711e51e2dab8d448,CTE,NSE_EQ:14218,NSE,EQ,14218
d291971a516b5f0a383eecf542e8cd8a2088db32b5748a254d86cdde4bd0d9c8,GATECHDVR,NSE_EQ:27,NSE,EQ,27
56ef38af2348e6d97441a86eedbfc0cb9b42cf94b8d9b8a72d8359f2a32957ab,ARTEMISMED,NSE_EQ:16913,NSE,EQ,16913
dc0a168fc8ac4a6ace9f3bff9f576291770939b1782c169411ece4741417310c,TVSELECT,NSE_EQ:11265,NSE,EQ,11265
4c785dc9e68d37e82b7db2a20e0f8181612ed68678f6d83512e8b0f1ee44bc1f,UTISENSETF,NSE_EQ:10515,NSE,EQ,10515
8b2afc052c0f9d8ac27b13fdf278bc95b1aae51cd330569c8ad9f88f446162c8,SALZERELEC,NSE_EQ:11399,NSE,EQ,11399
a955feed2d71b7d233b1bae1287b973f56f5e7ac02eb981c5bc11520f9a2fb8a,GOODLUCK,NSE_EQ:6125,NSE,EQ,6125
9e7cda2b56e9f99ff2dc14f99fbc46f5fcd5b2ac4e4705b74213f90d75b2db03,DLINKINDIA,NSE_EQ:17851,NSE,EQ,17851
c1502e2299c1d9bc4a80e89f2d1c548bfdaf8a6ea7b2d1d6634360b3b0150c62,BANKA,NSE_EQ:822,NSE,EQ,822
b613fc34c028e49cf2892824437ac2201707e52b791b45400b2833d1f9790c4b,SATIN,NSE_EQ:10453,NSE,EQ,10453
9e4dadde7501d5628c3a242b5d1f8cb748f324f30f58217b29e41677fa30bf42,TATACONSUM,NSE_EQ:3432,NSE,EQ,3432
c0667027e2357993f60e6de00c674c92df0abd73b174fa00adebe8182104d9e4,BALAXI,NSE_EQ:11309,NSE,EQ,11309
a6c3126c2fa4577094798412ea0c2db571fc0af08b771ea55e3e4e45b5796dc8,TVSSRICHAK,NSE_EQ:14245,NSE,EQ,14245
46978f262a94535a9ec87e530b992ec50f3c02e04028c98f54c560c991e28ddc,PHOENIXLTD,NSE_EQ:14552,NSE,EQ,14552
45900c9baa28103c9575c4d3afb635ecf630d32a05d6e894c712be94ab642e2e,BAJAJHIND,NSE_EQ:308,NSE,EQ,308
6f42d49d961a90645340bb73d58fc64a097fbc89618e216bee17b435c48aa357,TFCILTD,NSE_EQ:3466,NSE,EQ,3466
fb4ad9e1e3ef114106fd387601606183c36f52365115741619f921606e56bd55,UNITDSPR,NSE_EQ:10447,NSE,EQ,10447
9042bf198d281bfb866c45a46922af16aabb7150cc931318163bc639c7fd9d52,DONEAR,NSE_EQ:13839,NSE,EQ,13839
58c90928645afbc05bacf2096edc6ef71229f9708054cf528e221de57b240cec,MAHKTECH,NSE_EQ:7074,NSE,EQ,7074
b15ead76018bfa28be5fc5fd654391c50e4905026d8c46457f20c6b7383a5321,ASPINWALL,NSE_EQ:17270,NSE,EQ,17270
318a321a8a267dd9874b9f70cce28f6e50de414f7f4a69633cc189015e808144,TTML,NSE_EQ:8954,NSE,EQ,8954
bfad2f276fa7cc0d9722382ede1878de838adaa3c415b3145d7c1e6f7bff38c3,SCI,NSE_EQ:3048,NSE,EQ,3048
9f77389df8d86095e5ac0e70229f4783d494c076cc45a05999a8e9cc5115b078,SHYAMTEL,NSE_EQ:13741,NSE,EQ,13741
66c49b8b3956206bca2c31e914bea16eef6ec6b9e5fe2ff1bd36304d5bf97f8e,SOMICONVEY,NSE_EQ:17794,NSE,EQ,17794
7afc60e62362f779dbfd2dd36d03a690777c2c70cd6371551a431a9703deeff5,SAKHTISUG,NSE_EQ:2969,NSE,EQ,2969
9a3751203ad5aca4f169b2c981d9b4428415a3dd5bead8dd90221561f1a0e012,MOREPENLAB,NSE_EQ:2259,NSE,EQ,2259
43e2fd2a5d2c73598099d95da0eb6660d87058bc247ab7513d32472941b86e22,3IINFOLTD,NSE_EQ:6232,NSE,EQ,6232
5e513d63414f4be93570e15b801db0a57a3ac80fe0b3fd1b8481676a109d82d8,ITC,NSE_EQ:1660,NSE,EQ,1660
efbd0d6f088683209042b23dd02a61cb07be1dc981f3018ace4c29223228a38a,INDORAMA,NSE_EQ:10993,NSE,EQ,10993
64e462bf62f2e8f8aaf2650673e5f1059737648782358c972e4c25c21a558120,JMA,NSE_EQ:7109,NSE,EQ,7109
53285a34c66af8558dc0cd2d309685b6ccc3a8fbb8733e852c803ad3348377be,ANURAS,NSE_EQ:2829,NSE,EQ,2829
7535169435290ef43dabfef80e44bfb7d8ed221871a92857022d3b9a72fffe46,NEULANDLAB,NSE_EQ:2406,NSE,EQ,2406
ff761471800411094165b57263ede0b9daf0ba4d7c72a35302db2085cac79c78,ENGINERSIN,NSE_EQ:4907,NSE,EQ,4907
fcfc9c62ebdfecd03100163871693f1fdee88cd1b8c88cea1d13e17e9bd84563,IMPEXFERRO,NSE_EQ:25881,NSE,EQ,25881
42afe0ceee245cdbe1685553a1f7393e59e3e1aeb0ce00d01e38ca87e8c899ed,ISFT,NSE_EQ:18479,NSE,EQ,18479
9d56ce6ee168734f417ff554b9ef06d003a063ef8d7a30cf5197cb993a675a93,BDL,NSE_EQ:2144,NSE,EQ,2144
ad636512663758b15d24d12c8d41fca17400d567486ba83aef7f31417e04678d,JAMNAAUTO,NSE_EQ:20778,NSE,EQ,20778
0d413b877621f96e297a64a05321328a6aedfefe6be096332c9e82ed8a41fa9e,INDOSTAR,NSE_EQ:3088,NSE,EQ,3088
1dd57bbb8b1294223f55fb46873c947061aec22810ec93fec9a57d1db3401ab6,DBREALTY,NSE_EQ:18124,NSE,EQ,18124
7d6366bccd3fe217a0ffb2f742ac586e5d3c33d27b140c25282f216c321cd7a2,BEML,NSE_EQ:395,NSE,EQ,395
6a1e209c3837e441fa0442f157475226f402b28929b5cff8d4f17ade651ba33c,SIL,NSE_EQ:11297,NSE,EQ,11297
73b3ce5f0f47381f18b2ba4e19a231f14332136b2c7497751cc654955b7e8848,LINC,NSE_EQ:6951,NSE,EQ,6951
a5f4366f7036a1758eaabb507be2981bc5618569715d70c31e8e0d9241d3f7f6,MMFL,NSE_EQ:13844,NSE,EQ,13844
eff006d9e230df0637ed85cf970b5514564b1177ec01ecc4fe6a573a41717491,ZOMATO,NSE_EQ:5097,NSE,EQ,5097
cc4fb4909141677fa07a2e73423e87adcec7e688a882d947feb100462aeac773,ABREL,NSE_EQ:625,NSE,EQ,625
ada80d54564719253ffd4488a3f34ebbbdeffe8d8d30c21e2333c249d74a6582,RBA,NSE_EQ:1494,NSE,EQ,1494
bf950522fc35cc4d3e78db9768ac715ba21c18e0806457f67e4932eb968020d7,ORCHPHARMA,NSE_EQ:926,NSE,EQ,926
a7f91ffbf620593aab9a88549bcdbad8ba9de62b0374e89647639fb8a8bac8e8,PHARMABEES,NSE_EQ:4973,NSE,EQ,4973
07c3ae0b68a0c94686da2c3e9466e6e762d0800d379b019a573bc07a21df5a97,PATANJALI,NSE_EQ:17029,NSE,EQ,17029
2394dd8a87f2ddef7d733eeaa0c3c4b6d7faf391af2bea870dd8a17a9b0a6ddb,DIVOPPBEES,NSE_EQ:2636,NSE,EQ,2636
c316b251ebdb1174a67f9bd971d2546a579cd8aea70d1cac0b57544df4719e25,MOTILALOFS,NSE_EQ:14947,NSE,EQ,14947
cfb133dd0a48878d21fa496a938ad032066c2d49d46931d646009e33d8e2c098,COLPAL,NSE_EQ:15141,NSE,EQ,15141
2bd0456df824d7ea43c7df8cadabca2de33056d4feb73e635f11a33f6a09bf8f,FOCUS,NSE_EQ:6836,NSE,EQ,6836
d8ff28357ce0fd8b6653295f41bc3ce26d7205755409fe7df8474df97acd5197,JAYBARMARU,NSE_EQ:1708,NSE,EQ,1708
2b7c5cd980de90a34aa5d826bb0619eed08288b4eacee3fd3b15176dce2fd5a4,MOLDTKPAC,NSE_EQ:6713,NSE,EQ,6713
3cc992546026b7d0546eaed16bf5b6d21eb2e37baebf1c09ec5c76978af31069,TIMESGTY,NSE_EQ:11217,NSE,EQ,11217
fb6846e51c42fc8da87d9f9d45ff4b9c399650cee1f2bd8d95e78d8dac9e8e8c,MARATHON,NSE_EQ:18659,NSE,EQ,18659
f9589243609694ecddae9db8fd7398b1ae681e51f69d00d726d2a0ecea060357,APCOTEXIND,NSE_EQ:154,NSE,EQ,154
ab2882c86465b1daf5745ec9617b8093dcedf720cddc978f715fafa6f0d91bc9,TOTAL,NSE_EQ:22423,NSE,EQ,22423
224e583518bf0092f5823f26dcc91b4d65f7fd1d42d67940eae38e3ef8bbff8f,CDSL,NSE_EQ:21174,NSE,EQ,21174
c12a1eba159c4d22a5d4c0473c101469b271caa1abc90fb7d8bb745f94ced85b,VIKASLIFE,NSE_EQ:9931,NSE,EQ,9931
7a72d935553d5d2dcf58aa9fc01d6e54a387ab70ea98da4fce1943c553b5492e,SMSPHARMA,NSE_EQ:14329,NSE,EQ,14329
ac47c22d747f3b2364cd9bcfaea227e92778a69205a490d0a78ccf0cf695c86c,KRISHANA,NSE_EQ:12847,NSE,EQ,12847
8f08a86ce5108b277863893419b692f0f4de5e37fb718c4917199151f6b31ab7,VASWANI,NSE_EQ:25340,NSE,EQ,25340
3eea2a1670c20ef119e1c9428182960a002e2fc46fa5c93792c14752b337ef20,PILITA,NSE_EQ:30835,NSE,EQ,30835
19a2ddb403dd45e03587368399218021294b66282a96482babe16e9ca674a886,NBCC,NSE_EQ:31415,NSE,EQ,31415
99e8bbadd174cd99c2fd0efeaafada45392e27ed1a13fd4bccd9d4e67ec76a7c,TATAELXSI,NSE_EQ:3411,NSE,EQ,3411
a35f847e0b54611c4be529bdc36ac5b3d92f75b489f61400dade5416b0e06ef6,VISAKAIND,NSE_EQ:4221,NSE,EQ,4221
c6257ff13ca8c2396c75a7b91c2ff044d549a18df4674b54b0d516e76aa2d9dd,XPROINDIA,NSE_EQ:11407,NSE,EQ,11407
1c2146cdaa0fe8700e6d41b749f12e605aab6988d48e3ed3e24be8f0adb67a86,UTISXN50,NSE_EQ:9168,NSE,EQ,9168
d92144eb83b37ad1bdb18542c3268518898436a1e15a19cc87182216d032718b,JPPOWER,NSE_EQ:11763,NSE,EQ,11763
34715dc9f7f95632a65697585c7202212329fac3e358fe53a75d56154028e20c,BLS,NSE_EQ:17279,NSE,EQ,17279
7e1f1e59f105fa436b47553643ad2551fffafdb040411df684c226735c5483ed,RUCHIRA,NSE_EQ:13821,NSE,EQ,13821
4c4bcca5dc45fa0b5efae7c084657c87bf5ad0e8ff1ca9babf548f1d6cd88b9a,BAJAJFINSV,NSE_EQ:16675,NSE,EQ,16675
068b718845a8f029689a77a3dde024e7b7c8f1a550c31b9cbc53351c27bd8464,LUPIN,NSE_EQ:10440,NSE,EQ,10440
b5bf7b2c9419b54b207670d0faee21a143b6a7cefc035a58f5ce89e49748e71b,AUTOAXLES,NSE_EQ:278,NSE,EQ,278
61835352dfbbfbfae4345655fc7451e580272b28a4aa3377fe008701ac7ebf34,LT,NSE_EQ:11483,NSE,EQ,11483
e3daaaf824e7c9250d87d0145b88a7269a2e14ecf425b5b1b831b7f58d1ab10f,INDUSTOWER,NSE_EQ:29135,NSE,EQ,29135
a1756bcd18f1ead75f7357ca2fedf5a345f64b7105c9d280187c7ae8eb0d2e7d,IMAGICAA,NSE_EQ:7672,NSE,EQ,7672
1e813290406bf03a0c1d50a17f2eff822ae0c8cef07191c84850801f55636fc9,KIOCL,NSE_EQ:19126,NSE,EQ,19126
69fdb1005681b3b6378b26328a963094807023938c4889196fa8b73938c1a8b7,ORIENTLTD,NSE_EQ:18211,NSE,EQ,18211
cfdc32b76c2c1838af4a7a7e34d51a3ee62f3b5cd4a64c0d1dc003f003bec93b,TIMETECHNO,NSE_EQ:14707,NSE,EQ,14707
bbd135f59f75eeb8b09a2b01c304f64d0bf197438f26f2474cb68b21fd416b5f,BANKIETF,NSE_EQ:11037,NSE,EQ,11037
c8dcbe3a369b348881e1d025ec77b11d65cb786aa83473dc6db8a4c031415023,FINOPB,NSE_EQ:6579,NSE,EQ,6579
40f0b3ac03637e83077b31d7a7aa0f867ea4a578551c7a3b0c01549c4ab1e861,REPL,NSE_EQ:1486,NSE,EQ,1486
1f7ce7ff2ff351473e1d450194cec1a45c624a65ca2d3f7305cabc4a55548145,NGIL,NSE_EQ:5401,NSE,EQ,5401
cd99f97a835673d075c2fc1f4a9bb5c40b95a670f97081910a39e1871dc1c85a,SYMPHONY,NSE_EQ:24190,NSE,EQ,24190
d38175175724eb1539677be440f1f1ec1a2e0dd2f01f1727c3b62c0a71955c6b,AXISCADES,NSE_EQ:9440,NSE,EQ,9440
b431f87d67fa600a6f1c22504de21e40dfadd1366a438ba2e9ec7bafdef6404d,SBIETFCON,NSE_EQ:5168,NSE,EQ,5168
52a3286042598669c3434ce1935f370efd986c64611c6a6c9490840c6d11fff2,KARURVYSYA,NSE_EQ:1838,NSE,EQ,1838
651dbb09192db632456cf3a2fc9dc82957644f03e2c1f517760f60273cbb4170,QUESS,NSE_EQ:17704,NSE,EQ,17704
250dbc9fab61497f41ce5218b37907515c67d8ec585e2fb71ad369e9ca21fbf0,ZYDUSLIFE,NSE_EQ:7929,NSE,EQ,7929
45603a53e4a20c2d4a771a3195668a0ee13f8d722575cae6bc71bb106e276196,LOWVOLIETF,NSE_EQ:21254,NSE,EQ,21254
4be4daa4e242f65aabf339b7a07200274350f2b8b21610ba676c291e528656e3,BTML,NSE_EQ:14152,NSE,EQ,14152
34b70222cf09b453c1070d912d75de67fc1a648bd6b55460890eb21b5efc0fa1,SHREDIGCEM,NSE_EQ:3099,NSE,EQ,3099
538b14df087aa86f86edca31492dc212fee45d473c0e6a5008c4a513ceede0af,JMFINANCIL,NSE_EQ:13637,NSE,EQ,13637
6a5ff1fff82fa5aaae4650418cb756f3edfe9dabfd0e43a060c74c527f4a6e31,MANGLMCEM,NSE_EQ:2106,NSE,EQ,2106
66adab1350c8635827a0129316fdd2e0ec7042758b15cf81f79133ac836b5d49,ROTO,NSE_EQ:9049,NSE,EQ,9049
99a6d82b0b07183aa889d0565717c81cebbb86342912d42a95b05e9338f54bf7,BANARBEADS,NSE_EQ:9607,NSE,EQ,9607
3df838337c3f283d10bc83443e50b2b38ea29450979daf0973f98a8ccd6e1e81,MUKANDLTD,NSE_EQ:11325,NSE,EQ,11325
c4d63fa18b81039adc8b618eea1b8c1948c9bb7db7628ffc12bbeae6e73efa05,NV20BEES,NSE_EQ:9847,NSE,EQ,9847
fb94d00e4f8edeb8d42e2e75d9f71e4c834575a297785e4a5206f3938fd476fb,VINATIORGA,NSE_EQ:17364,NSE,EQ,17364
fa5271e2e54ea436d6c5468774faeeebb1eceff2acb407188bae166b80b690b7,EMAMIPAP,NSE_EQ:10074,NSE,EQ,10074
248b003e40d21c64adf7f51496e9876e3d93bcc40f94acf3c94bf9b2eae3a2e0,EMKAYTOOLS,NSE_EQ:10253,NSE,EQ,10253
4660485b6291f217eead9e93405508f904db664fad7290561c1da321a6da44f5,ORIENTHOT,NSE_EQ:2493,NSE,EQ,2493
c28f2d6f8f40fe59b2749ef124b6d4d0fe26993f2f09b4be9a4e206a994fc1df,IIFLCAPS,NSE_EQ:13072,NSE,EQ,13072
d3801ce7ec190e47b34575066a1b2ed0e12f2153fd18ebe064fe7ab90bf0a1ae,KSL,NSE_EQ:18889,NSE,EQ,18889
a42d117f906fc8536f38b38751808e7d7404887e37a05c0f8742fe19702e3fef,FCSSOFT,NSE_EQ:11999,NSE,EQ,11999
a60bba1ae523b21044698ab1ae35baf6ab6acbfcdf6a2509a7d31818c03d613e,NTPC,NSE_EQ:11630,NSE,EQ,11630
61595b9ead0c1870fb37793bdf2e03dc31f336cac286dc314b4524cde6b829f5,PENIND,NSE_EQ:20621,NSE,EQ,20621
d62366eb2a75137f3e2de9f76c60437ef0cabeb7bb227dbc2794fca0aa7d3ebf,SHRIRAMFIN,NSE_EQ:4306,NSE,EQ,4306
e4cc53c288b35c2428b63490f0168ca7cc6798739b0224447ce512b4f47e8c9a,INDOCO,NSE_EQ:11677,NSE,EQ,11677
2750e8f761aee61ac0ecff532a63a5f52090d0775ff9580431f51fbd938e8719,GRASIM,NSE_EQ:1232,NSE,EQ,1232
438b912ed648859e099edb93d07d06a0608621a2d96a2d40d71a82c2819c9933,ENDURANCE,NSE_EQ:18822,NSE,EQ,18822
3165bae3bad310a24c815fa9daa59eec18ac9a0ee48acaa52129e3cd38d1f06f,KOLTEPATIL,NSE_EQ:15124,NSE,EQ,15124
ff1378e840b7caff4dd90d9d98c49d51a85504f2542c1986f62f2d058451fcb4,ROSSARI,NSE_EQ:19410,NSE,EQ,19410
2160beaaff3faa2613550132123775340949b8dcb00845f49a4d5371dc4e7677,FLFL,NSE_EQ:14868,NSE,EQ,14868
3b6092ad51a4d0700ed60cf252bcee874070d7181d0c1e4b300fda838a9bd1dd,BAYERCROP,NSE_EQ:17927,NSE,EQ,17927
49f9e74ee2559f666f0ec9b58f671137732d7a1dd577061f0e81713f264ba2fa,SUVIDHAA,NSE_EQ:2998,NSE,EQ,2998
abfd983294f432d20459262c3acf31020618536eb4cd28e5a582cdce7e684b2f,HMVL,NSE_EQ:19211,NSE,EQ,19211
80b8afdd8f4f963ec98bd60100240cb65ec8c2eecdbe551a80468903f9f984de,TEJASNET,NSE_EQ:21131,NSE,EQ,21131
ee39bab01b80c8835df8789545a1130991f913bfbadddf25f89c7e1b7b3547d1,KPIL,NSE_EQ:1814,NSE,EQ,1814
98dc0e85ac2fe510355806c856c888bfb49caa36d7c51976f7268c641a24a6d4,MRO-TEK,NSE_EQ:8998,NSE,EQ,8998
6109c1a2132cdbf3516cd1fec22b5454fd11aa3c5391a09e513a6e4544d56ef5,DMART,NSE_EQ:19913,NSE,EQ,19913
f95d488c9179f032b645ee41ed80b5c56a6f899bf848ba2e77ebe20d443031d7,JITFINFRA,NSE_EQ:19695,NSE,EQ,19695
8b39ed188dbfe8dc4ae80567aea7e1f18d05845a2d6217492a57583316a194d6,STAR,NSE_EQ:7374,NSE,EQ,7374
73db7cee5bdcc026b9affe60b02d325d9f46a426eaa6a4dfd7c6b1b658d21cee,LUMAXIND,NSE_EQ:2018,NSE,EQ,2018
60e0ac53c62f044f95f1c3f3c385f8d0d90d4b49eb4d32b2721f20b412633523,TNIDETF,NSE_EQ:8882,NSE,EQ,8882
a07618fa9f0825cac0dff1664e601eae342f457d4e67cc16dc9e0896619b5bd1,ASAL,NSE_EQ:10634,NSE,EQ,10634
b3cb050150c8126b83697aa1ffdd5f361cecf11e5261b9c5dab4df0edcb40d76,AVADHSUGAR,NSE_EQ:21406,NSE,EQ,21406
43909dbf940c6e62480ec8d24a6ed104274d8424d4ddfc91e5c96b9afc164cf7,ABSLAMC,NSE_EQ:6018,NSE,EQ,6018
4b0a3b1ccbc642b560067459e62c4d2477bb31c3676e8cc82861a5eb492aa133,ICICIB22,NSE_EQ:522,NSE,EQ,522
ebf3ecf0f5de3d39b60832aad5f67ee31b1e5fa02d5981ca7818ec06827e5f26,BAJFINANCE,NSE_EQ:317,NSE,EQ,317
fbb1795c337fc72718db0f10139c9ca2f73b0d8f0ee2a83c32088e8fc5dafe48,BLUESTARCO,NSE_EQ:8311,NSE,EQ,8311
daff23448fa2a076821f5ce0fb6794506820e2d4ae54af09372061feaa8c5377,BEL,NSE_EQ:383,NSE,EQ,383
796ac9d74c06c065d5ed995666baffc4cb0248a31484bb72566e3ef19aac0f23,HLVLTD,NSE_EQ:1448,NSE,EQ,1448
2c9def3535c53de80525838b2bf479622d2dde60a0efd6f893fedf461334f045,EIHOTEL,NSE_EQ:919,NSE,EQ,919
453dacfb3678e82dd668d800182f9eed9eab0a4bc844c24f6261706040670a33,LIBERTSHOE,NSE_EQ:1994,NSE,EQ,1994
408199cdec5d2ba6e74b1b9099225088a6b017f0f6b406c22d4ee9e7af0b2d0b,CREST,NSE_EQ:13900,NSE,EQ,13900
fc0ba0f9ea0a715ee4c0c4a4175cf2e6e5b6cdd2ea585337944782fa54895c87,UNIDT,NSE_EQ:201,NSE,EQ,201
97ffbd3748b2a0b6aa76dc89326599e03cfcd4753183f985e9a291279d29f5d2,SDBL,NSE_EQ:1338,NSE,EQ,1338
3a54d1bc91dc61cfdfef9d6a85e03ff82e08cefa42f12aca5b5a00c64bab7e7c,M&MFIN,NSE_EQ:20050,NSE,EQ,20050
ed62d85ecf4bd09f9649eae5cd27902f8d26e4051bab41078ae30cf959c3933b,GVT&D,NSE_EQ:16783,NSE,EQ,16783
c792e29a49c1048da7f57bef816be3ebc2fe14846ac59ad893e6419a6d6765c8,RGL,NSE_EQ:15129,NSE,EQ,15129
1cc097dc4f717bade21ac660844187ce8b86babf56f4882923617a2832230d5c,RITCO,NSE_EQ:8944,NSE,EQ,8944
dea9e2b9b9a015e516eab5fb92db2479a4b7172d1ace1ce02502254cfed1e571,RICHA,NSE_EQ:8208,NSE,EQ,8208
1536884e2fc0d6bbef551c83d5daba9348ee164a2652923a076bf2704a36a3ca,MAHESHWARI,NSE_EQ:9576,NSE,EQ,9576
83474f94ab2fa7b1528d655b6563e3f29db89e10a9e608b1f9113683ad5aaefb,HINDZINC,NSE_EQ:1424,NSE,EQ,1424
dc436b0576dc240b2609811713a5b844a6d4aaa6c2096b92c952c617427bec24,NELCO,NSE_EQ:2388,NSE,EQ,2388
5924efe9a44bb8ad96c73cca8305c56f2f90b231593a9c71bed3ba856c590f5d,ARIHANTCAP,NSE_EQ:3813,NSE,EQ,3813
5b3dfc8d66d1fa32510f09d342e9fe026837902fcdeb870345edd11452d5f78d,SUZLON,NSE_EQ:12018,NSE,EQ,12018
acde0be30d5467626f990eb80f7a40d643feb40da1f124d03d3ada300e0bc1ff,JINDWORLD,NSE_EQ:20642,NSE,EQ,20642
e77c109f7b87e122c0ee7f711598329c56f8077aa092a4be4b8450afdf7711aa,TARC,NSE_EQ:1581,NSE,EQ,1581
a60e6e5e7d81f58f46c151e1b939c98f5fde85ef5f374b24e3e551d29edee4a8,INFOBEAN,NSE_EQ:11027,NSE,EQ,11027
4cbc57e9bf0f137551ee3881e894d212557e03eb79ce3a405ec5d560e41b8d2e,SHEMAROO,NSE_EQ:5068,NSE,EQ,5068
849ecaeb352c9a8ca67c552ba8002b96dcf5d2d3fb5c7cbd4309befd14c3abf9,TVSMOTOR,NSE_EQ:8479,NSE,EQ,8479
50008e5a2a57f71b35cc235e5ee472ed5510ffcd066086fe5969407acc53cae3,ABBOTINDIA,NSE_EQ:17903,NSE,EQ,17903
ce83d6959e8541d8a440ffc12fe77848b7737813d90d2bc243ef77c9d08697c6,MIDQ50ADD,NSE_EQ:7456,NSE,EQ,7456
cdfcf690d5c186f25858a03a1b72b42551027c224f34e2dc4711dce36b32bd58,SMVD,NSE_EQ:847,NSE,EQ,847
03d2ff303a6b3905a1f7333842b2ebea5c2bf94252aa10c524a1947c49dd462e,BHARATWIRE,NSE_EQ:16123,NSE,EQ,16123
7e4b60edcac5efa9124b3527dc58be67e48eb4ed79b8969d90241123a0fec309,AARVI,NSE_EQ:19073,NSE,EQ,19073
3423bcbbed75e366a5eaa657c12ca02f1fffc2b3452560916423a58e20f9cdc5,SIS,NSE_EQ:21501,NSE,EQ,21501
7b7e6fa67e1afd99d18f22437b3490f848a587deebef0a551427f82a19ec0467,HEROMOTOCO,NSE_EQ:1348,NSE,EQ,1348
7b19bb142200ff4df273ef14353db8f55b23fa91fd0ba7ac4ad073f78f05d909,BFSI,NSE_EQ:5220,NSE,EQ,5220
2a4c763b4a75effd07b0cc4b972620ba0f880732f4c1eac06b8294b6c7dccf5e,MEP,NSE_EQ:25882,NSE,EQ,25882
535d76e7f0f0f8f39ed04990d20c0555243338539fffdecea33412d9f29a6043,IDBI,NSE_EQ:1476,NSE,EQ,1476
b35c0ecbfbb836185e79fec5d5f6a40d71a521551d9e4debc2a71bd3d3542ee6,SONAMLTD,NSE_EQ:8806,NSE,EQ,8806
f7d29f3878ecfbe985a1d4f1e33223e9daa018fa0bd1eb7fc3f1d2b097ebba3b,SUPREMEENG,NSE_EQ:1401,NSE,EQ,1401
f6ffa112d944db62ed14e3b77bc81fa8aaffea3dded0b40a98820ae9590b315b,PFOCUS,NSE_EQ:13496,NSE,EQ,13496
1636d883e3ac4a421c82d1c233b8abe08918b024153ab623b4828418bd7cac23,HEADSUP,NSE_EQ:19205,NSE,EQ,19205
6be48bec900368a17737185ecc9dc607e56e6839043d121bf66c544b35e8afe8,FMGOETZE,NSE_EQ:1190,NSE,EQ,1190
2187e29a2b3cac48dcd22a3041b4177a7b074f4f3b564109dbe713200b22ff97,PVP,NSE_EQ:4010,NSE,EQ,4010
a4393da0ceee239f5369c3937c854800c2f47888216e8f2d55a5e21e0174de75,ONWARDTEC,NSE_EQ:2481,NSE,EQ,2481
974bb5f41bc3661468b9bb3833cfc827d7e9fd20780341b69862fafc0ef8e2a2,BAJAJ-AUTO,NSE_EQ:16669,NSE,EQ,16669
141ce875bccd8f07f1429dbcb3646a4984a1396183c8db63360cf23fcd4b1657,SOBHA,NSE_EQ:13826,NSE,EQ,13826
6e1f2001ae21db9cb4d068caea1e0d43eee57b6d3133678da792bab721d6b711,DHANI,NSE_EQ:15384,NSE,EQ,15384
8ff98b820f7eefc1ff7fc04b0e709c34e47b79a1caadfba9943f69a8a028bccb,RADICO,NSE_EQ:10990,NSE,EQ,10990
17fdc2566921e9002b65ceb525b96a6557f3f6bb3d7e62b24a06718dfd51474c,RAMASTEEL,NSE_EQ:10300,NSE,EQ,10300
5564fc2e1aa24d6225e249896d29dc4d3c9b6c5f4821f8ed744ee75814d80dc1,RSYSTEMS,NSE_EQ:13414,NSE,EQ,13414
87183dd9f6f1bf01f94ce45196c4bb5d82023f3fef5e7d2f8855644058fec32e,PRIMESECU,NSE_EQ:11864,NSE,EQ,11864
70222b751b8588a872b4a19ba4cd494de9fdb0837411c3d6f48d818230c219a2,GUFICBIO,NSE_EQ:11606,NSE,EQ,11606
b7cd0f944bafdbb0b76e486a4784a23a8137d0b5e3b70a52b1c21a9148dff127,CREATIVEYE,NSE_EQ:9384,NSE,EQ,9384
a8d491fe5ca991e4180253878e5cf89f8f384a89de472ca41e978bd3c5761bee,THANGAMAYL,NSE_EQ:18118,NSE,EQ,18118
8fd542b1d7015c0e5ba083219f1e11971260978e71a7b333b5777c1dea69e6aa,GESHIP,NSE_EQ:13776,NSE,EQ,13776
ef3be2835e0b90a0b57e72250a1b128ce1fd08c405c0f89f3deb4afb473ad7a0,SURANAT&P,NSE_EQ:10700,NSE,EQ,10700
055eb419285fac47a5a2878b8ada80da4a5420f0c48367e923853ef385b60d5b,RKEC,NSE_EQ:1547,NSE,EQ,1547
c02efcabc876134e86b8161e9309a45cb0cae70ca5d89785c5f838ce57757a64,CCHHL,NSE_EQ:6385,NSE,EQ,6385
e090486ca63da7d464fb8f9a5c3824a245017737b061cd6bd73cb705c57fe22c,RPPL,NSE_EQ:6913,NSE,EQ,6913
3284fba201a57ccd3fed30a3d704c2cf128bc70c91de9daded95c75e86b9987c,GLOBUSSPR,NSE_EQ:17424,NSE,EQ,17424
7e02b592543c98197386b71db0006c45cd22c902e7c4b47fc75d5e50d61edb26,ONMOBILE,NSE_EQ:15278,NSE,EQ,15278
abe9ba0979eeb9e2e23024a99c609bbb5367e95cee2b9ddba314633be8bc5a08,LAGNAM,NSE_EQ:5865,NSE,EQ,5865
a82dfb784f6af592f081634b2e3c30f7af4804470223b489ae01c89e59f311c8,EQUIPPP,NSE_EQ:3553,NSE,EQ,3553
3f05a9986c7e1f472c1db664e78f8881577bb72c2fd4ae1e90461a5f3afefa21,INCREDIBLE,NSE_EQ:17507,NSE,EQ,17507
b3b71abcc4ab49ff81597c42ca5a8d7cb39e0bb95b0ddd5846dd14fac30281ca,PEL,NSE_EQ:2412,NSE,EQ,2412
f1e1f86ee059ebee10ed3237e3913262e0b31eceabc8819c56ea0462b751b23d,GILT5YBEES,NSE_EQ:3172,NSE,EQ,3172
de34c417fd52ad5d4178957b21678c270fdc4e6cab617fe5052140bd37def993,CHAMBLFERT,NSE_EQ:637,NSE,EQ,637
1df84108eb8cfe57372fbaaf289ac2b09a51a548d2daed04acdaa06f1abf651a,ALBERTDAVD,NSE_EQ:17256,NSE,EQ,17256
5e484326426e2ba14ff94a0b5053a2576a5e6434856a697dcaba91d3067e0da0,SUMICHEM,NSE_EQ:17105,NSE,EQ,17105
419c45f01d8dcfdc7b1bc266beed18d39d18ea72ff70d4c8fe16ba9912815c15,ZODIACLOTH,NSE_EQ:3821,NSE,EQ,3821
861f410bbba74b6026ee414a9c4bc0099cfcd4fa70f2a0aac68f222b04776dad,ACLGATI,NSE_EQ:13688,NSE,EQ,13688
4787ebeb1cae1210cd96f6948aed12e4b272f47f6c2b2c5c24e7ee879b0c8800,TATASTEEL,NSE_EQ:3499,NSE,EQ,3499
d7bdee319853b5ef48a12f1bf2299fdfe80e9b385740a10d527e1367a07cb7e8,INDUSINDBK,NSE_EQ:5258,NSE,EQ,5258
c0bb26d8f32c0912ad3437e55818297443033a35b246fae307a8e9115eb1b975,TOUCHWOOD,NSE_EQ:16910,NSE,EQ,16910
bad7cd9ff0f6edaa419acb1b2de095a4609de35b583589b5b7a1fdd090124b25,VIPCLOTHNG,NSE_EQ:14843,NSE,EQ,14843
674d6396f1f3521d32942fa6a8742b9b11ae827d7dafc23d5be589e94398c33c,HDFCAMC,NSE_EQ:4244,NSE,EQ,4244
9d6cd03adbe24a1f89d620406bcbf696af5a660fad79cf2205795f65d2cd47cc,OBEROIRLTY,NSE_EQ:20242,NSE,EQ,20242
718549ae6e026680b583a423464c45ae58051fce54d4373c9325991ad7b092fe,SHOPERSTOP,NSE_EQ:11813,NSE,EQ,11813
b217235b16b5defda14c851d8e8161508fa2387026c9eeb904e66a43d3be5d75,NFL,NSE_EQ:13925,NSE,EQ,13925
e2e7ffffded155c4ae83ab7838e53001804aedaf1a46f5e7dedb3e757a05bb95,QNIFTY,NSE_EQ:16819,NSE,EQ,16819
fe9ce2143525067647ab12d08d20d25de777206876da4345af392b17fa059aad,KECL,NSE_EQ:18220,NSE,EQ,18220
9767d68bb95bf691d5982012db8ee664eb1f4d452f3d458ed1bb4f85a0750bd1,SJVN,NSE_EQ:18883,NSE,EQ,18883
8862ea6f7b930b6e02cc8fbd1f6a23217ad4f41183c36d2b5140b02d15cfca85,BIRLAMONEY,NSE_EQ:15243,NSE,EQ,15243
6173c848973b301686b95fb06abf3b0fad81d18bfeed7b3ca5b3314f0d31cfe9,DECCANCE,NSE_EQ:14838,NSE,EQ,14838
c9b30470fdfff88823a8fef861f505f814701f9fef142310f90a86c23c75707e,ELECTHERM,NSE_EQ:14902,NSE,EQ,14902
4a1ef5914e664f6b33944a38d2cffd9fa0fc848004359f5ff9d073357295a83b,CCL,NSE_EQ:11452,NSE,EQ,11452
f56235ef9f93027236592b1de1f751118979410472b2318ea72fadb6979a1858,SHARDACROP,NSE_EQ:4992,NSE,EQ,4992
55a0f75b2ac85fc8240dadbe4780956153821044aeb6ad93a07d5afcc51a75f8,DATAMATICS,NSE_EQ:11423,NSE,EQ,11423
e198186cb24c7f22ea94bbabd8d38452be872e502b62111f6f25c902ba3b9e5a,GFLLIMITED,NSE_EQ:1289,NSE,EQ,1289
2a7989af34db6e06a586875b41de732e8d6798976333963ade5b8b9e8c88bec8,KRISHIVAL,NSE_EQ:8671,NSE,EQ,8671
6581d2a4d81b7554d0c33cafef04dbb6816a4ee6a45b1892a38f950c377571d4,DNAMEDIA,NSE_EQ:641,NSE,EQ,641
db43abb7596971858c637cebdf1769836e9751bdba10c0124575c1638bae40ed,ADANIENSOL,NSE_EQ:10217,NSE,EQ,10217
f4d93d8805d49822bf71f10679ccfb394c542406ebcca0a6145c2bc414014581,ELGIRUBCO,NSE_EQ:24928,NSE,EQ,24928
a9a8243cad39fde2e27bcb0496cffffd11fb8d46bbb7d466764fa8aee3b27fed,KALYANKJIL,NSE_EQ:2955,NSE,EQ,2955
0b56a00eeecee3f25a84eab67ad3abf23caa008402f208721c2af8c6043545e7,DUCON,NSE_EQ:28952,NSE,EQ,28952
638089d9f643743b58ef6abb71a5af89e49bb928b67658a3fefcdee23d03fc9e,INDOTECH,NSE_EQ:13275,NSE,EQ,13275
9304f7059c84b24af884f4dbb4c526047cbc0b02888339fb9f021948b8600a56,FMNL,NSE_EQ:21021,NSE,EQ,21021
0fde4f26a480e0e4448c4cba85b7e4c275c8f5f51cc54f2b8de29600fba42ec4,HEUBACHIND,NSE_EQ:715,NSE,EQ,715
51a227e704dff4bea9f3ba1e488a99e11a5572827ab580130dcae0cb4bc0f676,TIMESCAN,NSE_EQ:7800,NSE,EQ,7800
b0838334315a084d92b5c874ad47e3dd71919c43e952b7fc9e29755b589175ab,HINDOILEXP,NSE_EQ:1403,NSE,EQ,1403
13206c86bda7a59173745eeb804150dedddbc2df3ea0162a92832efad3464583,VCL,NSE_EQ:9020,NSE,EQ,9020
53777d42eb278fb73d59f42b2d810ed3cb0c451826edef9408f87de99eeae967,BALKRISHNA,NSE_EQ:10181,NSE,EQ,10181
252434f78467bf7472b9a3439d0fc43d85720246f9d8958be59e551ee562a915,MAPMYINDIA,NSE_EQ:7227,NSE,EQ,7227
97964a9dc4bca8577468d4672daa80b45cddb79251491461046bdc455b84f3ba,IWEL,NSE_EQ:3776,NSE,EQ,3776
2615afa052f6ff9ec5bb7b8c869b2196cb4493c89eefb1d7bcc01aa041105404,MGEL,NSE_EQ:1593,NSE,EQ,1593
ae8d964957728e8c97d892d85f85c3f4837f7633652932501d636b9fde250c52,GLAND,NSE_EQ:1186,NSE,EQ,1186
973cc7b44f3ca23fe0374e36d93863bdae69b2ce3971ccb02562eb146cc60f10,KHADIM,NSE_EQ:425,NSE,EQ,425
6eba0640190ba936880a9145f449bb33c98c6bc1e6cfe81ba3dcb6d163c87a59,CEATLTD,NSE_EQ:15254,NSE,EQ,15254
13863843ca36b452615846fe581b54cd0992ea9d4561788c950a530e639bf609,BHAGERIA,NSE_EQ:13400,NSE,EQ,13400
858c99ff044e1b56622468530a92cd5e495e6e5cb3843aa23909bf75a6912a39,ITDC,NSE_EQ:19299,NSE,EQ,19299
ef0a3c08598560d6a02be676c02c8f1c22eb0073b0fd33a9954fb1ddc0583320,TANLA,NSE_EQ:13976,NSE,EQ,13976
09a0af56ac2194acb93c6b58c453763176edacd6124e77ffd7401740dc3c2020,MOLOWVOL,NSE_EQ:8654,NSE,EQ,8654
b34fe847e0327c6f58f49c398cf3b97d5b1c2896f82b07465bb10b49d8980a95,CGCL,NSE_EQ:20329,NSE,EQ,20329
6849c38c0376be52db998b9e1c45a947298414e3e3dba58e5be43704a4d2a7c8,OSWALSEEDS,NSE_EQ:14310,NSE,EQ,14310
4f2e6aed2a8d10197449cab5d3e39083b9b6cc022aedc4eb24b682ed5481b4c4,ORIENTCEM,NSE_EQ:30089,NSE,EQ,30089
2d960fdcb39fd6dfad2d6ec9469a57de24cdab3251435793dc2c3e2c1efe15cf,AYMSYNTEX,NSE_EQ:10285,NSE,EQ,10285
5a90f0c00b626535b8d557000eb868eb5409b5c4c445f71cb7bd5985a20916f2,FOODSIN,NSE_EQ:6673,NSE,EQ,6673
f57c031d99b07f9e57dcb5244b4e9883251f634cccc416483a0409658b8f9c69,ALLCARGO,NSE_EQ:13501,NSE,EQ,13501
bff7ca5450986ff7db866bc07e6dba351e767dc2b8eaa6d2d4b201405372a218,STARHEALTH,NSE_EQ:7083,NSE,EQ,7083
468f0f4f3029d669333b3d90d2918f329165c4ac98131661436bc2d7fee883ac,IPL,NSE_EQ:4934,NSE,EQ,4934
9dd5a07ef46dbd531ffb98a104f1bd8e2755acedb2877221e2e31d9e91495347,RAMCOIND,NSE_EQ:4587,NSE,EQ,4587
4e8b0e14dd6bcb0318324bfac9b87b8737d1c518822d456684899f703a127023,RPGLIFE,NSE_EQ:16725,NSE,EQ,16725
b71069618126aa3e00e3cc662c75509047ffb37c1f45e5558aa7395b43e30eaf,DMCC,NSE_EQ:6980,NSE,EQ,6980
a4c12ce48d2e86320d5294d6fb06826d0b027f5f71039380bcf5a1b42e44b0ec,TAINWALCHM,NSE_EQ:3396,NSE,EQ,3396
80f5ef8004118aa60658d8a6277b9020f8b4b8c025e7a2bb5e843df645c2a49a,CAMS,NSE_EQ:342,NSE,EQ,342
250626ba245872018f19aa7d7d61e450b4917ecee2b6847189886ab687048a39,SPMLINFRA,NSE_EQ:7166,NSE,EQ,7166
ad4bb8083c866a91d4fa2c2ae8e36d3cd99381c683748562a7f73d4445b91ceb,SEQUENT,NSE_EQ:14296,NSE,EQ,14296
81cd5d3a873fe05d6463b870e0d172bd9a513f8d871093962af8945ab15505cb,FIEMIND,NSE_EQ:13710,NSE,EQ,13710
5abcf3126fc8aa14076dd48add724c2da82b20ed3adc2be7f0cb06a2596b81de,KRITI,NSE_EQ:6417,NSE,EQ,6417
7f43022336bb2c303045e0bf84faff051986e59e0e5920c8bf1f46fb70acc55c,SAMPANN,NSE_EQ:27307,NSE,EQ,27307
175b1908b326fbd4922a76f42036d2c0d0210ea06f1fe052959240f6a90c30d8,SIMPLEXINF,NSE_EQ:3162,NSE,EQ,3162
5407ddb15b224271346a96c709b9e21a82464374c940def8b72dfa78e1c1b5d4,TASTYBITE,NSE_EQ:20092,NSE,EQ,20092
1f2922282d02a8a8cc8603dce593c268dbbd524608f96a43a4f73f6eeb44bdcc,TRIGYN,NSE_EQ:5428,NSE,EQ,5428
32a075cd424e63b8716f08ef7ece0175061f48443cfe478a13f1faee40d033d2,FACT,NSE_EQ:1008,NSE,EQ,1008
31f0fce39957687b703d1e5ff6615718c5d3dfdd95744735a15298d8945bce73,SKIPPER,NSE_EQ:9428,NSE,EQ,9428
38334ca79ca3bc158ac816dc414abe9f86d4522b613d4c13ac9b333be2127356,KPRMILL,NSE_EQ:14912,NSE,EQ,14912
e53e8d98bd3fb477560e3fbd4d3a25bb9280850a6fba58096b6fa99165c5e29b,VINDHYATEL,NSE_EQ:3694,NSE,EQ,3694
a3195a72502bb891fbeaf7bdf0f138d47007239aacebdf2f47cdda30b8fe5a08,NAVA,NSE_EQ:4014,NSE,EQ,4014
b0bed0125ed60868c18ef901416ed95b7ccdfb7ff5cc02e5a9cd23c7b2d25bd3,ADVENZYMES,NSE_EQ:18039,NSE,EQ,18039
194fab6ba73f03abc16d5d64a8b9ada72669471c2de28192a3d0c07ccf654358,DRREDDY,NSE_EQ:881,NSE,EQ,881
1c01ac971e17f2060e19d0b97819d93c8db09d44437babc1a34d00d3081ac924,SANGHVIMOV,NSE_EQ:14058,NSE,EQ,14058
10ab3d1bc74299383b5915e7247eb4811d292485c78b60322cce8c669cbc3857,GREENPLY,NSE_EQ:3987,NSE,EQ,3987
3c0ab8842291000acf2eda98d038269c68c3003e24b555beedfc268be8408bc2,ORIENTALTL,NSE_EQ:14346,NSE,EQ,14346
87f8838ce60d8f700d9f782a2729f6c6656af4895c35c6f2b01865521327e5f4,POLYCAB,NSE_EQ:9590,NSE,EQ,9590
5abb497f9062e3fb81b7a2a01b66343a17ba7a9c964f488c5fcf1c5e839ec8ae,PGHL,NSE_EQ:940,NSE,EQ,940
506c2619f0bca489b70bb372404d2a0dfd4b8239fe746a536bcc37a6e6245465,CALSOFT,NSE_EQ:8400,NSE,EQ,8400
7543f99bbade4315f6f673566e65123b3073d5990a3487c3bd1af7cc8f83d50c,MSTCLTD,NSE_EQ:9356,NSE,EQ,9356
e9010d774bc5f638382e58a0e789cbc60ae0cfcb45042a9724ee8176a5b44acf,GULFOILLUB,NSE_EQ:4391,NSE,EQ,4391
aabd3f8d4fea493ea464c2cebe4e37e79638af06069d9f8ea87ab1c080ba9758,BSLGOLDETF,NSE_EQ:23804,NSE,EQ,23804
1579d2b1ba0dc3ec3854d1ae7cdb538b69374ea980a29d6db514b867b3a88da6,SONACOMS,NSE_EQ:4684,NSE,EQ,4684
9ace515276742e9b31228d0dfe0a62e0d4b3b7127203744c8a3c1be8066bd0f0,SBIETFQLTY,NSE_EQ:7218,NSE,EQ,7218
154920b55e14b6aff9905d377b555e77a6836364fe0d2d4bdf50a7978d2bf270,KAJARIACER,NSE_EQ:1808,NSE,EQ,1808
836c1880c315143b4a298485c788d0175dc6306cd1020d9da7fd8f246c581b22,PSPPROJECT,NSE_EQ:20877,NSE,EQ,20877
e7848d5c1dd8e2610f1e23f0735ef7732e791a59d4f755a60c0fab7042b60d32,BANSWRAS,NSE_EQ:14511,NSE,EQ,14511
72403e91a221369f6baa17ce785181eedd0f7f80591eeec813868aa6eeeeaf0f,HERCULES,NSE_EQ:15288,NSE,EQ,15288
e81b7040dad2c15c153734821e25472b70cd7752a8b3aa19613c1a470d3c3531,VIPIND,NSE_EQ:3703,NSE,EQ,3703
08871dd19842dca41e33608d19384f29e937cac1f28ea5edfd0d200bde33ffcd,ANDHRAPAP,NSE_EQ:166,NSE,EQ,166
44ac6d002a26ecab516f4828c1b960166e19c70cefe3796bc516f39427d33aee,GRINFRA,NSE_EQ:5054,NSE,EQ,5054
11874af451fc1c056905e12be4f70cb1c9accee5de4404dd13ad872451a5cb9a,SETFNIFBK,NSE_EQ:7361,NSE,EQ,7361
30b8961afde1a9bd8e45545612f137484e08f71eede2b28ae3961e73ea677e84,GALLANTT,NSE_EQ:13337,NSE,EQ,13337
41271054992b9e02033c457e56ba73810c260c50c209cacdb04108fa2ef43c47,INDOBORAX,NSE_EQ:8614,NSE,EQ,8614
a85bd36058a2716a7384fd18393afc0a5a752b23dd726450d53b5d376e3133ac,KALYANIFRG,NSE_EQ:15160,NSE,EQ,15160
4be8afe805918aa8ea9adb33e7ea3f89a8ff9f6813319ee62195945e9beedbfc,PONNIERODE,NSE_EQ:10661,NSE,EQ,10661
48f24315657ac979ad28ff209cd538890ea6bd72837f3280ffe68750c5d1cef3,MATRIMONY,NSE_EQ:21726,NSE,EQ,21726
4e3dabceae82f5b7bc8c2bfe4f0e5a0b4be0b9f49d6df7717123103138db8f56,ESSARSHPNG,NSE_EQ:25638,NSE,EQ,25638
d509f3ddd511711c7bd37ea54bf781a0a852dafaa635d9be0bf0e458c60cc59d,PRESTIGE,NSE_EQ:20302,NSE,EQ,20302
c7a7156db12f23e5215da56a939c95b8f108179bd41b10a9164ed01ac8316803,FINPIPE,NSE_EQ:1041,NSE,EQ,1041
e05de2f17f8865bc8d5e2c1532805e1a1487664cff58a734bd00e734ee8133e2,PGHH,NSE_EQ:2535,NSE,EQ,2535
747903159bc8fe2cc99e4e5fb463749879070d09602843cc95e91406b0fcba15,RENUKA,NSE_EQ:12026,NSE,EQ,12026
2d88e8bc8f81da63bdbea429f9ddf6dfa8a9eebf3d3e8a125412234253b78fba,PIONEEREMB,NSE_EQ:13466,NSE,EQ,13466
1c117cfaee32904b137afe60134990e6a9455e9d73675512ba9a2f146d19838f,CRAFTSMAN,NSE_EQ:2854,NSE,EQ,2854
90202074d1a839f076b60d300b1b3ff8563a54f04ea173bf13dbbde062b38b2e,UMAEXPORTS,NSE_EQ:8842,NSE,EQ,8842
7c79a87c357033e21682f9d5c7cb2865a851adc46ea36b2c4fdf5449542c3e50,FCL,NSE_EQ:6198,NSE,EQ,6198
46d6205a51b2af8902e2e49e50d28e618767a78f374baf93e09d0d0a39f5b15f,NILASPACES,NSE_EQ:7450,NSE,EQ,7450
9ceec863f2f3e8337a208c856986c2cf00907434cc0f5b4d2d2529ceca19fd55,RIIL,NSE_EQ:2912,NSE,EQ,2912
40c955f8b289be36bc07b46ed9d810c1073023287e0670e51f64efdb94e1636a,AMBUJACEM,NSE_EQ:1270,NSE,EQ,1270
4137a9ef7e64ffffd02c8e70051562bac2cca1562b9fd65ed59d4f623262cd6a,MARINE,NSE_EQ:1334,NSE,EQ,1334
bb6d90502bec4d5254e08f01cd681e0b08de2abbbb642070cf898da0c1bf9be8,FLUOROCHEM,NSE_EQ:13750,NSE,EQ,13750
dce7f812dfc1aa571cfe19aad5c65ae8d52867ea72b6704f9ba8d31e926e0cbd,DPWIRES,NSE_EQ:16900,NSE,EQ,16900
7518638990252ebd96e1fa58d0357b75fca7fdbe328e1fd7933668227f265107,NAM-INDIA,NSE_EQ:357,NSE,EQ,357
8579d145292fb0b615f1f40b6225814d3b0e268e86c7782c2eb1e838b8d1b081,NEOGEN,NSE_EQ:9917,NSE,EQ,9917
8053e66af1631d9db36ede4cca6aa420dfcaf76b16abe8b202c9f01f411474c9,FORTIS,NSE_EQ:14592,NSE,EQ,14592
20dc55f638c335944282bfbe0f692fcedd5f7a170d4e31f79c813a90dd7e72e1,FORCEMOT,NSE_EQ:11573,NSE,EQ,11573
0d7434d466fa86600bfb8e78ef66e5c4b4af33d7c5ca01137de3a19f231c9fa4,SILVERBEES,NSE_EQ:8080,NSE,EQ,8080
d1a7eb834a1a681cdf40c3c71d1cc4c9cdf6eb8802fbcdbc64113c331e39c652,SUTLEJTEX,NSE_EQ:13801,NSE,EQ,13801
72dfa31acc8af35790d04690a686bba928194cf349ad4b58ae44b264f57efd15,SWANENERGY,NSE_EQ:27095,NSE,EQ,27095
8f2d360a1d30f2755037b6450adb5a9899d1e80d6c3811557f28b42c26010580,MENONBE,NSE_EQ:6961,NSE,EQ,6961
b7a30b65a8d70086050960dba89f1cfd523941649db3bacc8daf895a25f556f3,DYNAMATECH,NSE_EQ:4525,NSE,EQ,4525
3171b33a9790af1cbbc2a51f18674d571c0191f22c829bbff7b19dedb493d0be,EXIDEIND,NSE_EQ:676,NSE,EQ,676
e87a9229b751a9b2f0e214a7fd16399fa7ca35d44b34a664859c942ec51cdb76,MOLDTECH,NSE_EQ:17625,NSE,EQ,17625
4f00519a79a2e9b03e59451b4117f1a47d404dd88a2cc22e65d0b9a795307cb1,PAVNAIND,NSE_EQ:16192,NSE,EQ,16192
29ccf2105f217e26e67aa52ca299565ad46637a56561108f00e20d5ca804c29b,VISHNU,NSE_EQ:6908,NSE,EQ,6908
12b68736317c367196029927ef5f6695e84bc8124a9b82854532dbd2706dfb4b,EBBETF0430,NSE_EQ:16253,NSE,EQ,16253
f1d2e99c7b8249f23faa265b1330ff03b7c971a8e8071a81e6663e6181842c1d,LICNETFSEN,NSE_EQ:11441,NSE,EQ,11441
0c334e16f6f9d0babe52e50cfd412742d347bdb774ae69d714b5759fa3364827,GREENPANEL,NSE_EQ:13810,NSE,EQ,13810
55f727f62fd195cf869740747ba2b742f992244b86830e9c6b90bc88ee1d6498,MAZDOCK,NSE_EQ:509,NSE,EQ,509
a0085be7c6aa7d09a654fb9aa04be606e02f4f84d64dac5041a0fb85e0ffa938,TIPSMUSIC,NSE_EQ:9117,NSE,EQ,9117
675fccdd1be629ea06df7c7c9899eb33debfa27aed84e76019c4f42911402bdb,HUBTOWN,NSE_EQ:14203,NSE,EQ,14203
2289245136b9ccf40190ae20de8591f96686b186719dbd800f55fa1442c62b8a,FOSECOIND,NSE_EQ:1073,NSE,EQ,1073
8bafcfc218278817ca5b0c2d407012272405be0bb311644d22e6cc95927ff8e3,ORIENTPPR,NSE_EQ:2496,NSE,EQ,2496
a1f09f48697736f48367823334396f518b3f2e99cea5fd68066fe1fad044572a,STCINDIA,NSE_EQ:10948,NSE,EQ,10948
d38e431726436c43a7b56a09153707efcb05ede9c5d8f7058fe824d9fb1a4c2f,SUNDARMHLD,NSE_EQ:2183,NSE,EQ,2183
099f0cb9b32ab23a1dfbe63b563b05ed42e979601d24bac07d5787f0f0a13247,SUNDRMBRAK,NSE_EQ:9848,NSE,EQ,9848
abd8f9413412d160cdd6f041db4cc8c5a6973f70f0e07acc94beef317f6c36cf,TTKPRESTIG,NSE_EQ:3546,NSE,EQ,3546
e7ea14909ffca5944e0afdbf8992742fd49e2b9d3fbe34f31a5632889435a22c,ORIENTCER,NSE_EQ:13111,NSE,EQ,13111
293d66991e2287e113450092be553695a6be009395d8dc59ed108204b86b718a,FAIRCHEMOR,NSE_EQ:1614,NSE,EQ,1614
277c34a23dc0c00187cd1ee3c9ddac687c98f65503b4efbc26b7fb17ca8da2a1,LUMAXTECH,NSE_EQ:14014,NSE,EQ,14014
79d1ebc8daaaefb976726b1a5537d917e563f3a554f9f4d59fe2f8e6a07613ae,USHAMART,NSE_EQ:8840,NSE,EQ,8840
10014d629abb8037a896fb84207df5cd422fd92c8e0eb12629b37b4622fcef5f,HDFCBANK,NSE_EQ:1333,NSE,EQ,1333
0f6bc317d772ae95f3e0adb54e39e92280699f4628c06bbceb79c3bd7ad3c5d7,HEXATRADEX,NSE_EQ:27008,NSE,EQ,27008
78a569e48935fde55d11b4148922c4f2d489f942c1738f5ae41eab9bd49efe85,ARMANFIN,NSE_EQ:17263,NSE,EQ,17263
18005e45d7150a908d6400e2551bd0af05967966dddf8160fd2ac4b114726b0b,LCCINFOTEC,NSE_EQ:7537,NSE,EQ,7537
f22fa20b1281c611ef7ae60f1de9e9ed5baeae36cb4ad1c39b7582421bbfd259,ZYDUSWELL,NSE_EQ:17635,NSE,EQ,17635
5630e0820c8c99c262b7e1db6611a2c38d10eed1b29e25296c650f522d670362,TITAGARH,NSE_EQ:15414,NSE,EQ,15414
f3513ded707f314141590ae6946de154885c229f28f0ad1d701ca37f0bab9cc8,AXISNIFTY,NSE_EQ:21252,NSE,EQ,21252
d2a726e97d0bb0e9cc07549c446621ec22fd3f53fe3761ce3f2e58791b802514,ZENITHSTL,NSE_EQ:14562,NSE,EQ,14562
754be70af63958add36eac63c498cd7ce8d2239cf860172bdbffd4e67e8adf48,AXISBPSETF,NSE_EQ:3530,NSE,EQ,3530
6fd1ad36317b49b247ca6daf154ecab933e433d05441d5dc5cb3ec58ead0dc23,RAYMOND,NSE_EQ:2859,NSE,EQ,2859
f7489e845f89313bc0d0e8c92a4cb3cfacf0b31f8dda3c49a9e02e6154b913ec,BLKASHYAP,NSE_EQ:13290,NSE,EQ,13290
c9bd7c180988fffb5e734640ab4d6a0b04e0c7b20b53381ded0cf92086870ffc,ASHOKA,NSE_EQ:20182,NSE,EQ,20182
a6f94e5ead3005ece09e011f6b032c5e39caee3ba02153cd2bf31c6151fa1211,AAVAS,NSE_EQ:5385,NSE,EQ,5385
89fbd4d3bae989ccad0b264984b2842c0798d08f64477235813ae0c3192090c5,SUMMITSEC,NSE_EQ:21275,NSE,EQ,21275
44f6f002b8eedf19a5b2ffe6f12183317b18af774b3267c965a4cc1b0fcf38a6,INDIAMART,NSE_EQ:10726,NSE,EQ,10726
e8cc9b152878cd7331bdf4b910387638151cc3b1d270a180b3eceda36189db1e,DHANUKA,NSE_EQ:24409,NSE,EQ,24409
95468bc87f48bb8867cb272d62ebf251fa8ac0c895b9e447d5debf83d50a905a,VALIANTORG,NSE_EQ:330,NSE,EQ,330
bf22e87ec30c307da774deaa8007a649111e461c6a42a387c6f2826a7871b7e3,CARERATING,NSE_EQ:29113,NSE,EQ,29113
4e0cd43b063761d9e9b706063158c59655dcf71b4329b315b225713ebb4ec55f,AKSHARCHEM,NSE_EQ:20178,NSE,EQ,20178
b32406e7e73d68f06823e69510e7fc084d20e490efabc400e7d6c3a57b65075a,SHAH,NSE_EQ:20296,NSE,EQ,20296
cf4c60e26b87495259fea2808f91bb51015a5d068a3b2c3c4f0e9046aef438e8,MADHAVBAUG,NSE_EQ:8259,NSE,EQ,8259
186172c8fd11425825e1acd97089de87aab78aec7cbf607ba93e59336cab64c2,STOVEKRAFT,NSE_EQ:2107,NSE,EQ,2107
75f239af945d5a02c9ad2a864e269a88098710f14763a5babf4ba17448d2821e,MRF,NSE_EQ:2277,NSE,EQ,2277
a96da537b31ab8d8c32ea74cbe935becdc5b383a67932ceb4e8d52068db63894,BSHSL,NSE_EQ:809,NSE,EQ,809
31322395a0beff6c83b23dd169068b925061c05ad277ffafaddb28a0722874cd,LTFOODS,NSE_EQ:13816,NSE,EQ,13816
a16c0f867950ac2462fd00cd4d848be0627327aca454aae36b8718a41a3e90c8,KAPSTON,NSE_EQ:18967,NSE,EQ,18967
762669f722a9ef8c93ca8e65216bea63a7a3da44cf3d2529e4f081944ae2fd92,AGRITECH,NSE_EQ:11072,NSE,EQ,11072
925d1862a44c38269be721c5717c5d7ab83d172fae7d654f6b9b04ce93444cc3,CAPACITE,NSE_EQ:21749,NSE,EQ,21749
5f5d8cfb206e2fac347e5f62f6a835f97c24cfed79488475663dda79711923c4,NCC,NSE_EQ:2319,NSE,EQ,2319
a532d4fb637fd48ca3fabd20d3b88f5e8838d8e7f421c437c994dceb0c7e0799,GKWLIMITED,NSE_EQ:17360,NSE,EQ,17360
096a60e5986adc6102291cbe827a2e5e8f2f84f56e495137cea2723d4bc2e0d9,CANBK,NSE_EQ:10794,NSE,EQ,10794
cb9c2c0735fa86581700e40040b1aee63fa60ebd5cb3f15305b27b3665370fff,DUGLOBAL,NSE_EQ:5457,NSE,EQ,5457
9fb2ad36e90de553c473f9da526ab78882f0910c91d417e7c3e44c3889d219de,JAYNECOIND,NSE_EQ:2331,NSE,EQ,2331
639775ebde7934c948afb98ba90f8a945c894ee6b55a9b087401bba98a0eab2e,KOKUYOCMLN,NSE_EQ:16827,NSE,EQ,16827
33450bac7b1032c2165b325f120786954284e805935f4bcf0858c7d713b766cf,WHIRLPOOL,NSE_EQ:18011,NSE,EQ,18011
ff1185b6fc3713968225d31883ece2428ccd46ef81db9ef86da9a79007fbc856,JINDALSTEL,NSE_EQ:6733,NSE,EQ,6733
603766435025b9007f4049154e0fdb07afc7c5cb5acd240e1a026b1a3f45c315,UMANGDAIRY,NSE_EQ:11392,NSE,EQ,11392
274577b70cbf75b9e004e0de11f858a92448eef1abde8c7abd5debaec0550fab,NCLIND,NSE_EQ:14490,NSE,EQ,14490
c9fb979804bc9c115689e3a69db648e458c46e810d8d824ac7b3ad9a38ff9384,SRF,NSE_EQ:3273,NSE,EQ,3273
04b784bdbbc938de902bb3200aff780ebd3f28b993980e0a829406141a2faee3,CONSUMIETF,NSE_EQ:6446,NSE,EQ,6446
7f1fbd03e0b7f16f7706abb0de7fd1995b0eea6667a390a69db9425f71a49840,UPL,NSE_EQ:11287,NSE,EQ,11287
53db1fb235b4bc8bae23a2f7bab8eb4ac5363bec81e686728ca66bcea59cdb42,NDGL,NSE_EQ:18371,NSE,EQ,18371
54f271c01593bde93c8058799642707a2203630b6abcaa49a44d50a8cdce4fd2,KINGFA,NSE_EQ:18944,NSE,EQ,18944
6afa04e2580544b27502a2bbaeb9f2ef29069d9292e86b6b3b7ede240bab6171,UFO,NSE_EQ:9039,NSE,EQ,9039
2eb720409af59eb728f87548efc8f2717e63346cf5669e2f2dcbc03efd0d2a9a,VIMTALABS,NSE_EQ:13101,NSE,EQ,13101
093c1611ca9c6c75a5fd3dffd209faceb06a45e15d0c7e0f75a78d1299b231ee,63MOONS,NSE_EQ:11868,NSE,EQ,11868
c19eef100202a311deb28dda1fc391d65a67a25339f86419310e79c0ef72e79f,DIVISLAB,NSE_EQ:10940,NSE,EQ,10940
c3ea7274ad4caae38141155aaeabadb94fb371306adef826b44819e6b321d724,OMAXE,NSE_EQ:14853,NSE,EQ,14853
2dde6d03ddaa287e3ac95b4befe8f38e8766a35092fc01e47e28d86c7a29e412,ACC,NSE_EQ:22,NSE,EQ,22
c1b68373bf17ae9c16fe81c9b55642832b9b50e47e990e8bcfa9176c05b127c7,TIMKEN,NSE_EQ:14198,NSE,EQ,14198
d9eb39e4cd81aebc4bfba0789677c9067aafe3b4d82846b968b48131b1b2e103,SHIVAMAUTO,NSE_EQ:13756,NSE,EQ,13756
0c5f89445105b08758b504a7fc3b5610d4525973a41d7128029e25dfe5867188,KDDL,NSE_EQ:14908,NSE,EQ,14908
8bbb00b7b5d63a39f0259bfe485c3cfc17597745c5a344d8154a0a1194892359,JAIBALAJI,NSE_EQ:11256,NSE,EQ,11256
ccfac47f72ae048a81959e1ca6dea8335abba3ba4579c033565572e8fdcd814a,JSWHL,NSE_EQ:11880,NSE,EQ,11880
7e56db77349537b42f27d12537f2b818b7ca4dfbc1ed8cbe2e20d511cbc8a7b3,TAKE,NSE_EQ:29209,NSE,EQ,29209
a37c23153c7dc6b45ae0e300b5ce2a86641efb31dca333927ff7d7c3307ddbd2,ITI,NSE_EQ:5773,NSE,EQ,5773
0764af38c02e52047a8303216cb2cad47e3a625cc47f1141495526583035fe3b,CYIENT,NSE_EQ:5748,NSE,EQ,5748
13885deaa8e991d56ef4cd6e9a9d8a265772336930b7ac88e1165176e6db537e,WINDMACHIN,NSE_EQ:24969,NSE,EQ,24969
eb78df2977414de1403d71c5ee9f70b6d0ba7cb97162a50c6a107f2801c19e2f,SHYAMMETL,NSE_EQ:4693,NSE,EQ,4693
2fb711dff69d3bbad7a019afdd6bfac834036bf930b85a56c72248ac179e4c50,NRAIL,NSE_EQ:20314,NSE,EQ,20314
a3f8fee36fde77a0a82b9fe2d330b1f62b2a509e549924802f131cc19c4174aa,GNFC,NSE_EQ:1174,NSE,EQ,1174
6169665a4d303851b7f41c74399af076810e14c03c6a49ddea7d7573e67e9751,OPTIEMUS,NSE_EQ:21469,NSE,EQ,21469
f252954f36c8b7c5420acc26d18be94d36cd565561656b5ff596a7889a9e4657,NDRAUTO,NSE_EQ:22255,NSE,EQ,22255
bb44d48748e3a67102ff7d462ff108e39d757c998f1a5da0407579dfd4410cba,ASALCBR,NSE_EQ:17598,NSE,EQ,17598
a661661dff21f06b8d1fc5550dc343fae120d3ae5f65a6a7c2feb82ef94300a2,GIPCL,NSE_EQ:1145,NSE,EQ,1145
35af9879f3d3e38e0c6e4aad00a09babae357b9aaa0d6aa1409ba28c323130e4,INFIBEAM,NSE_EQ:16249,NSE,EQ,16249
c5716369917e7232a5a373ea24157995173741ece1337604386665794ce4a078,JKPAPER,NSE_EQ:11860,NSE,EQ,11860
967b6d621387958be345d5fbbb1524032bee22ad011bbd814b49e2eccf710b82,ADANIPORTS,NSE_EQ:15083,NSE,EQ,15083
e1b9e4373c7f81d053a75a17cfb4c17563979ecfba17e9e75a00b4e92d5d4926,JBMA,NSE_EQ:11655,NSE,EQ,11655
b972097973836f8281edc1263ed889f0ffbc8af4267c14e5ad1c98e9dba919c8,MIDCAPIETF,NSE_EQ:17152,NSE,EQ,17152
2241ad64977254c185bc4b2a047c84bb4f72b4565eacda18a1b32359c9e91eed,LASA,NSE_EQ:21713,NSE,EQ,21713
939a9240c77f3b265bd42e0805ca2b7df59c167bb6a89543d864845b4d6361d8,COMPUSOFT,NSE_EQ:31138,NSE,EQ,31138
b188155ef8ea68a36c555be22cb07afb2ca6e6d85974368e80e8e0d1aae6d345,SWSOLAR,NSE_EQ:12489,NSE,EQ,12489
5ec258f37f30c7d2f06f5f20c02d7c43e90304ee46e8d6c677cb412506b333f7,DWARKESH,NSE_EQ:11667,NSE,EQ,11667
d20cdf1b7c34f735af98199417b8556358750c591d446c90e62bd351c503780d,INVENTURE,NSE_EQ:24870,NSE,EQ,24870
1ecaeaffd4af7e404a3a8dc5db5cc70ba97f66cf3548b1252ff42838bbd5d4a3,SALASAR,NSE_EQ:21362,NSE,EQ,21362
12a29605427487866f884eedc2d0d03de496ed74ed95261aa7246703bc611c27,MITTAL,NSE_EQ:18562,NSE,EQ,18562
18edd6d917f2f3537a83cc3d120c42aa8e366e9e3297440f80e39c637c5ef6fe,ARIES,NSE_EQ:15208,NSE,EQ,15208
1b4300c9186767bc253a253a52900a1b36575c69023c529f4298d95352b5d8ed,APOLLOHOSP,NSE_EQ:157,NSE,EQ,157
060d28bd32c71e6ac674331c0629d76ac601ac7244bce538b1033575e8a43211,HITECHCORP,NSE_EQ:15161,NSE,EQ,15161
5dab4374e4561b780d24adf8040f50190fbe44fcb58420b5e41c4dd6e1b00e52,APOLLOPIPE,NSE_EQ:14361,NSE,EQ,14361
dbb8c3a7fa029491ddc4751c033ffd7e7485969038e112b50f3156be4c62649a,CONFIPET,NSE_EQ:10238,NSE,EQ,10238
aaacb26447066c5a776c435bbb954008fe1294443dd00ebd112558a58b6c8270,JHS,NSE_EQ:13723,NSE,EQ,13723
f10264c0796b05b784596e0ed5490bbcf5c5d26ec4e73dd407d20476ff38303e,MOMOMENTUM,NSE_EQ:8182,NSE,EQ,8182
e4fa2c69434e6fb2dd48f88e64b793a49c179d26a489903e165f6d959e8279f7,HDFCSENSEX,NSE_EQ:11593,NSE,EQ,11593
60d35c569b878484e4f2bc244cb750454d652c3ed8eef4ba05c562ca6f4fcde2,ASAHISONG,NSE_EQ:25088,NSE,EQ,25088
a5710e05bb73bb7afaa11f51cd85fed0fd95a5a4bde2b72f081bcda291fed61c,SETFNN50,NSE_EQ:7353,NSE,EQ,7353
0aab12fcba9c6110c5aaeca33fcf0c8bbdcfa086399aeb690a501fb87ad58d65,JPOLYINVST,NSE_EQ:31507,NSE,EQ,31507
1c50e0141893a61828a868a18b99bc5c46cf45c691eb68049454ddc572da4ee7,SONATSOFTW,NSE_EQ:6596,NSE,EQ,6596
061aa45fec53f96ca6c190c029d83e742e1a67cd85c24ddf02115fd85e2e39ac,EMAMILTD,NSE_EQ:13517,NSE,EQ,13517
581141acb0da85ce08fb060133d9ace93aba83e0ae2af1647b5e704b2461a959,RTNPOWER,NSE_EQ:17520,NSE,EQ,17520
3adf10886af4727f37e99f1a03f73511f102a2d0909f15132797cadc29a4a0c4,MTNL,NSE_EQ:2294,NSE,EQ,2294
6bef9fa7271ce917457f90fd1002e1196ff7ad8f91d9fc0bf973927b1a947e67,SANGINITA,NSE_EQ:11032,NSE,EQ,11032
c0bc5ae26ff14c8c163b5fc0c08cdf402137e81b3547625f8628aaf388baa3fd,IRFC,NSE_EQ:2029,NSE,EQ,2029
908c6c7c563bbaeea44282a728a890f0e1f5b2c9d4edf3310b2ad36d5c604bc7,GANESHHOUC,NSE_EQ:14339,NSE,EQ,14339
6edd0f2785364e913a1ce117ab700d61c6f755f4b9de07ae21408bd1c4c005de,GLOBALVECT,NSE_EQ:13739,NSE,EQ,13739
ae3ec0590ca35e08208b7cd395b23900c315e218ea6a871e60855a95f5909a90,5PAISA,NSE_EQ:445,NSE,EQ,445
6ade94f76b96d977e681e663998d2378fa9d4ee296d1997fe04384f7c6f1d6ea,STEELCITY,NSE_EQ:10406,NSE,EQ,10406
835ff8742db925e3fbdf3adbfc3105ae2138a1cf1ac7710f03ace3db0a9993c0,LALPATHLAB,NSE_EQ:11654,NSE,EQ,11654
f29f26135c8d3ed405699e4f1637fd7c74bea4c41218d6dfa4415b67b5923ada,ASTRAMICRO,NSE_EQ:11618,NSE,EQ,11618
9ad932f4cd52c2261e182b4a46cad8aec6804ab40c8e33a0bbace04b06eef3e2,SDL26BEES,NSE_EQ:3022,NSE,EQ,3022
e9d94e83c20a5f1766187043ac0c5abd14c19ad8a0ff980a8b2eff5ca2264edc,BAJAJCON,NSE_EQ:19531,NSE,EQ,19531
8ee61ce9be99bc5b90bace057e0b5500792866c8fc8d9795a26a17f4770b290b,MODIRUBBER,NSE_EQ:2229,NSE,EQ,2229
afa7a1dadf89da9c21c130c618c0260cbfc2cdb938cf7f58f023ba34783b86d9,MURUDCERA,NSE_EQ:2313,NSE,EQ,2313
f4a6a5f0560b0bbab4844689d45f5370c082f3f03b964b344656f23ec450d8e0,SHIVAMILLS,NSE_EQ:1497,NSE,EQ,1497
4bd7dc282bad334665cb45f74ad657b0a93199ca782624ddaed5f03276d743a7,KABRAEXTRU,NSE_EQ:1805,NSE,EQ,1805
58e82c0f0f7d7ba2021855ab933d469eb6c77e34da23bc8f199a3123132f24e7,MTARTECH,NSE_EQ:2709,NSE,EQ,2709
87856d636381c26a062db93f7a14a71b2201b6cb6d126a7da90c340a2876b1ba,ROLEXRINGS,NSE_EQ:5279,NSE,EQ,5279
01374b331954803c1e3e1a91f898bffb641bedf5384bd94cdcce0404a5e8d91d,HCG,NSE_EQ:15555,NSE,EQ,15555
cda003d05f1c913523154114f1359a7bce87f843ab66494ac8b01b6fe5c3441b,LAURUSLABS,NSE_EQ:19234,NSE,EQ,19234
d35379a977e5ae1c559ede53037f9335317728e092930e723e47b52f6bb109e3,GSS,NSE_EQ:15347,NSE,EQ,15347
7190ad5dbf5d7aff18500bb0bdc539a5ca1591190229c16f2288b57965542237,SHARDAMOTR,NSE_EQ:10530,NSE,EQ,10530
00312208f8aa95fb7c2869b8b5422c99bdc641586d24286a09700f4adeb51e69,RKFORGE,NSE_EQ:11411,NSE,EQ,11411
421fc0283b931aac211f5fcb4c0a7f5bdf22233a40255b0f454d1bd98eada441,PEARLPOLY,NSE_EQ:2610,NSE,EQ,2610
601a7ec894833bf38aa2756318e9051943081eb8580b4f35cba95e10f1ba22dc,XCHANGING,NSE_EQ:11705,NSE,EQ,11705
a57744e0560c310130c17bbc2a68359d7460c7f588a071b95b0128c449749bd1,REFEX,NSE_EQ:17764,NSE,EQ,17764
7c2046d048da6d1e9073086af01411b464b63e0a5c7d1e0274318267ef021c8e,ANTGRAPHIC,NSE_EQ:5194,NSE,EQ,5194
48c5607c4ab55cd67f23c01acd65680804177016f3e780cfc4ea369e2fb7219d,SIMBHALS,NSE_EQ:14616,NSE,EQ,14616
70e4c9ffc930886b6ca95114e2b3eafe06961e61a95fe1e83f9fc2f06444090f,DCMSHRIRAM,NSE_EQ:811,NSE,EQ,811
136bc17f4eabffeaab487ad75dfe40d88445fd1d60f2ef39a8b6f96354f6c414,PARAGMILK,NSE_EQ:17130,NSE,EQ,17130
044f538aa810342b8ffcf8222c0e805d6dd5d5e2d424a8d90df77ed719f69594,TBZ,NSE_EQ:27037,NSE,EQ,27037
9f012283c62615349b501ad4f8c5ca247a35ac18cbabe8e4186d3b1044e6913e,JISLJALEQS,NSE_EQ:10397,NSE,EQ,10397
7a29c2a67c89cbd95993492b59ef0d4958b39d261bc4249bfbede1465bf7aff9,VLSFINANCE,NSE_EQ:3715,NSE,EQ,3715
984502b95cbbe9e85963d856d3d576a6fa93eaea9be2d9d92f135000087768ef,UNITEDTEA,NSE_EQ:17999,NSE,EQ,17999
c59ca62b38d4a0a3c4ce55b13ffb67f9a8a0fcd01ac1755edaa8e6a7f0962d41,SCHAEFFLER,NSE_EQ:1011,NSE,EQ,1011
6e94bf83f4c2254c711251b70d488211efd5e14404823bdc32e8de00f0d7ba1d,SJS,NSE_EQ:6643,NSE,EQ,6643
723b02ad67f33e289ddb31ef4914afb9f6b26a666e3c66acdf528adfef9f39dc,NYKAA,NSE_EQ:6545,NSE,EQ,6545
bc40af51d7d8609ce2ccccbfe301b2d150d71f1ecd35b7759f9109d584d16323,MOHITIND,NSE_EQ:29427,NSE,EQ,29427
fad5e83e9a1089680eac1fcfb8f089d6db86cba331013fad67b01f2de2b6ca91,GRSE,NSE_EQ:5475,NSE,EQ,5475
76a797f9fbcf9fa845c00b3690c33e38f1976411de1554475b73ad70862ccd87,VHL,NSE_EQ:11892,NSE,EQ,11892
44a43b6c60c72c70a9afd913a91b1efc1ee2eb7d02f5a85472893b9c8e4547d4,HTMEDIA,NSE_EQ:11979,NSE,EQ,11979
9cedf48df62fe7ce1fc43122e6ec2f195a62001a09ce5d137a59cf545125076b,UDAICEMENT,NSE_EQ:7276,NSE,EQ,7276
de06ad9bfae3999302dde4f3f0ead68bb19e5ae93bd82c2e3191a0266e8eeb05,RAMCOSYS,NSE_EQ:7851,NSE,EQ,7851
b38dd557d7d9f80b96bc1c2ed2fa5fd663a630a9aed075a9fae2b0c7288a2c74,TEGA,NSE_EQ:7105,NSE,EQ,7105
5035edb92c757bbf54f19678b3900cf585ec6d5a34b6b009b15920450003846f,STLTECH,NSE_EQ:9309,NSE,EQ,9309
d048cee21d8126422831380be8e363ca9c01d5df82313c6d81f67f5ef6386e57,NAGREEKCAP,NSE_EQ:14943,NSE,EQ,14943
bdc827f2271741c5f575786cdf9b6cb0eadb501ad108d650e2573a83ff427b0e,HEIDELBERG,NSE_EQ:2316,NSE,EQ,2316
f903307493f44d411133ab965f727fd817fc35724a4c87f252a61868fc0e4b17,SOTL,NSE_EQ:3021,NSE,EQ,3021
465bd1731bf89d2862e1978f7c2f300b9c2b03bf24a212dd7c66fe3d5fb78a60,GOLDSHARE,NSE_EQ:14535,NSE,EQ,14535
8c8a692aa6065978ed7d382e137362e7932fca805b21c394f0e7e417cc741ad0,QUADPRO,NSE_EQ:5870,NSE,EQ,5870
40138e36f1d200aad9f08ce509ccfa14d566861bdf884c4c2d0a85310f0bb827,SECURKLOUD,NSE_EQ:11058,NSE,EQ,11058
e80d8b64e313dc542ebebe56659de55b15ef9331abed49c34651e74a6037dae0,DBL,NSE_EQ:18086,NSE,EQ,18086
859598e629d3a19768490f518b7f9b2439e65bf249f548a84b0f144313d46b4c,RCF,NSE_EQ:2866,NSE,EQ,2866
680d90fea4dbc06cc5179955162fba2363c112af35b0f8807bfa51c08c11f7c9,APTUS,NSE_EQ:5435,NSE,EQ,5435
47fc5f2b322f53cb911841ec167ea22176429910a4ef86783cc00ddd6054758b,CIEINDIA,NSE_EQ:14937,NSE,EQ,14937
cf87465da23695b76f5f3b5418266f2bc88d36b018b410257b99ed3414205774,IZMO,NSE_EQ:14178,NSE,EQ,14178
e859ae9e0a6d76c40d9a3dec5f5a1f4b5c42da5baa23160ebda94c97fe4b9d4f,PRECOT,NSE_EQ:5884,NSE,EQ,5884
b230966b0f01cee6807eb7c9e45984ff04a94d0c336101e739c634cef47090af,EMMBI,NSE_EQ:18142,NSE,EQ,18142
ca29fa8cb6155a5d5bd648d0f2cdda0510881874d9ad8c9bb79cdef39173cfc3,RSWM,NSE_EQ:2794,NSE,EQ,2794
1210900a568c8f836710b9559674e63b0b62aac63ad9c847e32c6074e881c6ad,LAOPALA,NSE_EQ:14423,NSE,EQ,14423
a6c5fa3b1ab697e7389bda0cfa24d9a79ff8c714a970e615eee430e0f08d0cf8,EQUITASBNK,NSE_EQ:913,NSE,EQ,913
88599ec669689fa75520f584980fb8f0bd85c9bfcb4064a20ca9c8f4e5b0a1e8,NILAINFRA,NSE_EQ:9253,NSE,EQ,9253
28b8eea597105e31ad4cd1c6be4af753be2df71de2ba2a554f21f43722e0c2de,ALKEM,NSE_EQ:11703,NSE,EQ,11703
6723fc8c32a13055220fbaf7a365d11e915c4dfd6bb8b53c224de03dcd6cb3eb,MOM50,NSE_EQ:19289,NSE,EQ,19289
86e51d0da27db8240177a6dc010fc9b24d2115d81da5907cb3aefd6378e94cfb,MIDHANI,NSE_EQ:2463,NSE,EQ,2463
08e46b9d3bc4ed4880c7f53fb5b23150e1c782fec713e58f70be0b284b009d1f,CYBERTECH,NSE_EQ:6051,NSE,EQ,6051
de34a7ab5560b13672e7eca5b9daa1d924122ea18ef8d568a5595a64ed5d726c,INDNIPPON,NSE_EQ:4747,NSE,EQ,4747
033114d306b7936f730cabd7788fc2e9394f3d67cd8c2448fc6fec6270cbf3f0,BSOFT,NSE_EQ:6994,NSE,EQ,6994
e2d24abbdeb87065de6f2f08027a68fb7f28d9f94169658033319a65c3c60b29,KANSAINER,NSE_EQ:1196,NSE,EQ,1196
2dab2e14ce87253799fecc44c32cd0527359b026b18ed5f63cd5467cd9d1e6b4,ELECTCAST,NSE_EQ:928,NSE,EQ,928
51569de22115a2f85838be42ac05e776a9ebaa7b11436537f309a2d0f0e4a995,STYRENIX,NSE_EQ:19,NSE,EQ,19
b07020ad3c92e8a7e86e89d42be2e9208aaf5fbdaab684b335cdbf339165370f,CPSEETF,NSE_EQ:2328,NSE,EQ,2328
5afe2203e6c132eb5c95fd65e5b606595773948d31abd51ea9cabc1e1cbe5ef5,BSL,NSE_EQ:8653,NSE,EQ,8653
e02fddad0b34ec772f7e6a4e93c1a936f7297896aa1267211ee53e219bfab21b,GMRP&UI,NSE_EQ:8529,NSE,EQ,8529
2407c5428474819b98e6c6b738973f2e142e81ece2c9226792ec0eb73c3fae5a,SAKSOFT,NSE_EQ:11794,NSE,EQ,11794
835a0fbc69f4be4a636ff9c43c2f4b736d50e42f134c4cfaaafa96ad4edf06cd,INDIGO,NSE_EQ:11195,NSE,EQ,11195
82682694dbca40c009a37b0abf0f04ee07d5b05b76a801ae5ff414763df7e875,PNCINFRA,NSE_EQ:9385,NSE,EQ,9385
fea9420f4650e1870c3d032516f21c49d8d32bee7ba915fedc9536e3844c6a8d,PGIL,NSE_EQ:14260,NSE,EQ,14260
e5adc83ac12333ca26502769c269a4d5db16236159789cf431b90994c6d95211,JKIL,NSE_EQ:15266,NSE,EQ,15266
5c372066ffcd5b4e4946d30aa951225801364d6618a6dd0a6f419ab10186a03c,HNDFDS,NSE_EQ:12173,NSE,EQ,12173
5a9441dc0f91ba526040ed0137bd3990ee802fbbd96626f2983b88a2ad877c5e,ZEELEARN,NSE_EQ:20852,NSE,EQ,20852
eee3e58e43a80813c26dba9cc97bb05a4d9ea6a722eb321f4bbc2212d894d577,MAHSCOOTER,NSE_EQ:2085,NSE,EQ,2085
b7dc52428083841d8b9739bb49b5a1574af75ef6db674b968cd1a38297cec99f,ROHLTD,NSE_EQ:13182,NSE,EQ,13182
13fc283b1df01957ed2584b1c17de8645072737f1630e7b97f31b14dd37f909f,HILTON,NSE_EQ:14627,NSE,EQ,14627
4cec31c01bd69c6c6d1c4e6a589dda9d1b1e652e2004ae87f5badb05ceef3d8b,WOCKPHARMA,NSE_EQ:7506,NSE,EQ,7506
c736b8fb27f54e222b594c18d257280d4c50551984bd5e0dc46174917d6b4ede,DVL,NSE_EQ:15214,NSE,EQ,15214
9e35d13ad430eea469fd57523700368a30c96d77ac1de3b06e53eb36189573be,MON100,NSE_EQ:22739,NSE,EQ,22739
8273d3d51bc90ef5156742fe054ba2cbd1c4bf30292ddb01d22aa8b4648353ca,ASHIANA,NSE_EQ:24403,NSE,EQ,24403
172d7aaffb6ee3b954f3df198c2b37eedcac5eb04d278790e7e374c8b6aa96f9,JAYSREETEA,NSE_EQ:1720,NSE,EQ,1720
8e57e819d84ad46ad9dad4a98ec15f562ad67febfa2127c85134adfad85c5287,CRISIL,NSE_EQ:757,NSE,EQ,757
7a9410e3ad826f076ac485d39ebb864a4385da2155e05613c95046aca8f8791e,PURVA,NSE_EQ:14922,NSE,EQ,14922
0013940e4ee6fa58e90a79658f33021731f4c9094989b819f7a800138c203e0d,UGARSUGAR,NSE_EQ:19578,NSE,EQ,19578
c574900ce98acda8c256b86d658bbb5f3d04ebb3128f97a081750eb6ab500e69,ATULAUTO,NSE_EQ:30023,NSE,EQ,30023
4670b53d0b9c0c225257279c8338729b11f2574e2a457bb62e0558905919be7d,NEWGEN,NSE_EQ:1164,NSE,EQ,1164
28b62b3cb17d97cf80c02370dafb66e4f1808bb24b0a4d951e12b6fd14d34b20,NETF,NSE_EQ:7838,NSE,EQ,7838
54de2a27ad29382c0f15b36f30318e6e1584b7903eb21fd103558a81575f4d46,ICIL,NSE_EQ:11987,NSE,EQ,11987
d28ef94166ee05ebacf25ceef7b10539e8bbcd2e6e1e896e8cacbdd57dc3ddab,ARCHIDPLY,NSE_EQ:16795,NSE,EQ,16795
d7bc4486d1585118d0e55a711d355634bae6443f2abd29cad3b8d3fe74cb78a1,GODFRYPHLP,NSE_EQ:1181,NSE,EQ,1181
096c040b974cc88a1c48ab01cf9091291ccb65779264dde80c55fa994d338751,EKC,NSE_EQ:13091,NSE,EQ,13091
b4ddebae6473e04d7549b0ef0599f243451312f04a02487bce69565860ca8d50,ASTEC,NSE_EQ:17728,NSE,EQ,17728
3abe428cce660280784223b1a7ef97c8cd5e8dfb87d7dc3a3d49d6bd6561e44e,ALIVUS,NSE_EQ:5265,NSE,EQ,5265
07a5bbe33302dffee0ff3df940700df0f35f75e24337be0d2ed5a1b6dd8d8c6e,FELDVR,NSE_EQ:17006,NSE,EQ,17006
a329896a131e0d8b9cb3594fe096b1e5a84aaf791d7ed508fce093aa5be5c8ad,IVC,NSE_EQ:6711,NSE,EQ,6711
e148b2b2b636fce262c7c40e1b339e306db735bf4aad103cb45376d1266ebed8,MONARCH,NSE_EQ:7679,NSE,EQ,7679
eee017dea3d40ca20a1fda90350976837338df7da3207be03ffe516d9ad837eb,SHREECEM,NSE_EQ:3103,NSE,EQ,3103
d31dea81bd228883f7b77e3def9811d54cde436682235b5483aa250482dfc744,SOUTHBANK,NSE_EQ:5948,NSE,EQ,5948
3fc5ce874ecd9651347a526e15aa40636f8dd5932ddd4872926a5d70b3fdd835,SUDARSCHEM,NSE_EQ:3327,NSE,EQ,3327
62df1fd9f1589b6db39e7e95a76dd922a9a2f5f0b1e1a0cad71918043a01b626,ICICIPRULI,NSE_EQ:18652,NSE,EQ,18652
ddcdce5ab0c19df8254a42b2e407f0656c4fa40ea4e98431d184b90d28ab0024,GROBTEA,NSE_EQ:17770,NSE,EQ,17770
0202ef5e4c0c4a8c9b64029f2270837d71c97c0bed01059100a5c83424424fe6,AROGRANITE,NSE_EQ:14557,NSE,EQ,14557
cdd83d58716e312eddc5518687178fd43a2037126b6606730c0d96a9394f246f,BLBLIMITED,NSE_EQ:8132,NSE,EQ,8132
01c3d80baeadb0c0fbcf35428b8836497400a864ab4c7cdaad1eaac6e493ab05,BBETF0432,NSE_EQ:7196,NSE,EQ,7196
9174f3b4e05846490e75fc79d6f2e1084238c7396eb92b3088075e98e309c844,MADHAV,NSE_EQ:15151,NSE,EQ,15151
8bce07fc3859a823e6a13fe4a8f954d02879ac7e851e82c8abc83498db28f210,KEYFINSERV,NSE_EQ:4157,NSE,EQ,4157
9459228c3802cec774181a0dec00ef058776f4f40e032fd01bef0f1ab794365f,NIITLTD,NSE_EQ:11522,NSE,EQ,11522
6cdb062fc57ddc5442c8cf163d49891f3ce9f9ae62b98071638a220d973524e3,MANINFRA,NSE_EQ:18226,NSE,EQ,18226
bb3a5eabcc606fe55b880762d380014ecfd409872e6e2e9ed3362c7ef0b637ee,ALPL30IETF,NSE_EQ:22344,NSE,EQ,22344
735b341ccff79468cada59386bea2ed631d0bbc323fecf7072843b75c44e8a99,MADRASFERT,NSE_EQ:4911,NSE,EQ,4911
da67f52a3d1f647e61cf427c288a0ca86388665c93366c95898ce3dfc54b2f06,INTENTECH,NSE_EQ:20071,NSE,EQ,20071
0faa8d6e9b09ad9127058218133d61722427e58a78f0d0fddd1f5a6c170eff4a,GOLD1,NSE_EQ:14858,NSE,EQ,14858
f04e8ee7aaadbb5b32787cac435674555fb3aa53f5b0ad967f703ae552f633a3,PREMIER,NSE_EQ:6248,NSE,EQ,6248
a16ab68d2cad1f0bfe22fc424bd24a9f3de1ad2da38bbc6a47a2258f6ea8dbf0,MAHLIFE,NSE_EQ:8050,NSE,EQ,8050
e15cf3ea1162a32a23081bbe93a8976a0020860c190304b5b72489a684791614,PVTBANIETF,NSE_EQ:11386,NSE,EQ,11386
a596e4d1b31ba1f548dd34a7461000fca459e75f9c95d7c7ab232eeed294bce2,NAVNETEDUL,NSE_EQ:2385,NSE,EQ,2385
66a5f0d840fbbfeccf485c2edc04e18a46fa0aee81ce4190271fc205399e39a4,NURECA,NSE_EQ:2353,NSE,EQ,2353
58f50ad091dc17f289651ebe104a95abbbd14bf6e9bc3e353482ac48a6dd9106,HDFCNIFTY,NSE_EQ:11591,NSE,EQ,11591
7ae07a505f19c478e7aad2750b46b0b0b5c38dfe23d23d4c7f5ef5a89a322061,HISARMETAL,NSE_EQ:19322,NSE,EQ,19322
2e0ffd1980c9e6acab40c115d5d885d0aa857ff7a0621a927a8065fe314b01e4,PARAS,NSE_EQ:5911,NSE,EQ,5911
21ce891ce7d66c504af87255be9618529b78d08061e2a6dd736ab06d1f09a156,GINNIFILA,NSE_EQ:1142,NSE,EQ,1142
a81c1c38392b5d89a9aaa6d4020fc022829d6a64fae71f072be9ade9c524b7fb,GOLDBEES,NSE_EQ:14428,NSE,EQ,14428
7f86602e0466a48c6ae3b45c3d04393c29a349accb6438c6e1b08aefd8345fec,VAKRANGEE,NSE_EQ:13342,NSE,EQ,13342
3b9f6710dad989753aff13a84a61f4e6153f9f2e4584f5d983a645ddbf876ebf,ASIANPAINT,NSE_EQ:236,NSE,EQ,236
0ae409c40f92b14791e108e38c1fa70766ae3ef81001494be350fc0cbcd8cea0,REDINGTON,NSE_EQ:14255,NSE,EQ,14255
75f791de809941263c8b73974a60d2ed2a06bdf8bf46cb9f23e76160e962aba1,NPBET,NSE_EQ:12978,NSE,EQ,12978
f8c83ab3c6d079cec56bcb3fd83be17558a8ef3f42f5f24ec137858aa99e269b,WONDERLA,NSE_EQ:3002,NSE,EQ,3002
de2d54babdc7e084e68afde43bd21a0a86639bad610611486855ab45d408c5a2,VIJAYA,NSE_EQ:5585,NSE,EQ,5585
4f123c86a81ad5bee48fba42ee4c1f9776994d2211d8738f47289b81ea1e959c,MGL,NSE_EQ:17534,NSE,EQ,17534
529dae111804c3c8c31e0bdaba69a264946f11fdf945576f2b38f7f151893f91,BORORENEW,NSE_EQ:3155,NSE,EQ,3155
2653bb76e5cb29b176f49885983abf9dd3f02ccca55b0b0814a5693f22c2abb8,LXCHEM,NSE_EQ:2841,NSE,EQ,2841
69cd312fb76a9a3a8255749a3b09f4ad77d03a028a20043471f302524e2a9623,DATAPATTNS,NSE_EQ:7358,NSE,EQ,7358
8cad8c75c78412f0052a1eeed56e8a3ea1daa255254562ad2837faafb53c5753,BALAMINES,NSE_EQ:14501,NSE,EQ,14501
f7995a5c3f0c2286ac9d568d90c50d503edd934a0d83e6b580a5cf4c91717dea,DELTAMAGNT,NSE_EQ:7909,NSE,EQ,7909
19e55724504057dfe01ce8976de942ddd6d1f8f362bbdd4a61a423645fdcf0e5,NATCOPHARM,NSE_EQ:3918,NSE,EQ,3918
3d25b7622cfbae8f97c48cbba93c5fa6c13590a1839787bcdcfe943635772de6,KOTAKBANK,NSE_EQ:1922,NSE,EQ,1922
27aa5d5583fcedaf12a5e8a3fb5bfc7a69051f5836ab94888d973044ceb6d2f1,EXCEL,NSE_EQ:17380,NSE,EQ,17380
19b7d486abc376084eba24a4247f64e45ef8c2ff74ea47ada424de2b1fd3c6ad,ELGIEQUIP,NSE_EQ:937,NSE,EQ,937
7ae9066314b694eaa08910e7499bbc5a0e3136b760110ba10d6481733446402e,SUMIT,NSE_EQ:11140,NSE,EQ,11140
5ec936a38dbdf2c3bcc85f1c878e0306999407b2baba1bc5cc4237564ebab262,SEMAC,NSE_EQ:11964,NSE,EQ,11964
e793fcadf26aabc99b726c965d848b64c95d6f727e3addbf5294eaac52a5a09a,PRAJIND,NSE_EQ:2705,NSE,EQ,2705
91724800e43965ba280f7daf7329245ca242cfa18bd7fd5479337173a3ee0291,CENTENKA,NSE_EQ:619,NSE,EQ,619
a73e9ea3019aa59c07bb5324d34cb45efd079dd0cf1dc9c128dfa2196481e3d6,UMESLTD,NSE_EQ:19142,NSE,EQ,19142
18218bb30b474e054050b61d5f90d2b3d311a12b39f025994adda451bddc719f,NAUKRI,NSE_EQ:13751,NSE,EQ,13751
a8e3df55f4a2a09220fbebe1d20608b1f4486a1ecabe172df1754ceca507b74f,MAYURUNIQ,NSE_EQ:28906,NSE,EQ,28906
7ac8d24fc58551ac6e3973d519fbeca7ca24e32290b599428b1620d30920b102,VBL,NSE_EQ:18921,NSE,EQ,18921
3040c8de455140203647bb495ab1becfc35ec65ba352ac7885eb766b1e2275e8,UTINEXT50,NSE_EQ:21478,NSE,EQ,21478
694b1369e221f18c833141c5dcc3d6657421f8d9d73f523134d900f7d16109d5,BSLNIFTY,NSE_EQ:24781,NSE,EQ,24781
4589c58ac0e210d91b8a9f1b27adb568a1002f425960a0dc9c0dcc96960d8e5d,INOXWIND,NSE_EQ:7852,NSE,EQ,7852
506b8d7f7c076c87a9ecf5425c529d8c3ea3ec1bdfc64c0ada1366f3f576c608,SUNPHARMA,NSE_EQ:3351,NSE,EQ,3351
83d91e6468928bdcb20e6759d97399b174014d7e8a8a0df1dea07ed6adb5be8e,LOWVOL1,NSE_EQ:8632,NSE,EQ,8632
fdf70ccf7351416b8d1cb45962a8038b1aaa3a8ca93272fdac37136cc4a447c2,HINDALCO,NSE_EQ:1363,NSE,EQ,1363
d2463ab50d3bcf067f7b7af476b2ae4f347000718ab99fe7c0004e15389b39b1,APCL,NSE_EQ:20453,NSE,EQ,20453
2d13c534b3d6bb7dc1700ead767ab6941c995919579c83692225f2e2cfbd303e,KAYA,NSE_EQ:10276,NSE,EQ,10276
e449d4f3eea9d3cd123661c647ba7b5010a6561a5ebe7ab8cc2d6abe6fbf088c,RALLIS,NSE_EQ:2816,NSE,EQ,2816
39be40bee02a869a19438f81f588353835bd9ed3f934a9f70d32e51960a5669d,JSWENERGY,NSE_EQ:17869,NSE,EQ,17869
228b8601f7c2d9d7867f808b23173cf24eba0c8326cea399273b2c80badd0591,AKZOINDIA,NSE_EQ:1467,NSE,EQ,1467
da3d82f2e57c190424fdb76c5171a15952341f5f243b47a0b0ad46066be4972e,SUPERSPIN,NSE_EQ:3357,NSE,EQ,3357
5b01ca1b69ea26f4f4118613daec6871bef0364e0e865a389517c976aab52213,AGROPHOS,NSE_EQ:9046,NSE,EQ,9046
ce61653e78f86e0620af11be526076a55884406e59acc06d2667356099ce92ee,AGSTRA,NSE_EQ:7935,NSE,EQ,7935
c0d202089939fc85eb4030a51cf0e01c7ce500b977af7a38a3800172ee6c337f,JSWSTEEL,NSE_EQ:11723,NSE,EQ,11723
7ab4a120a034e256acb9943d107180632787a9e1eb120199ac656002087648c6,ZENSARTECH,NSE_EQ:1076,NSE,EQ,1076
05bb5a579a380f2eb35500add8b540e71c3f652e978bfb6c71753961c7115733,CONSUMBEES,NSE_EQ:2435,NSE,EQ,2435
813ea6cf8c01656a269ba1ef1b9343a97b28da11e1fc5d47220c013266b04b13,UFLEX,NSE_EQ:1053,NSE,EQ,1053
9a9509b54729f0f56748e35735901d6cd5c131740918dc005f171792393187ab,REXPIPES,NSE_EQ:5309,NSE,EQ,5309
29160f3cc474a3cf1f0b1243751528d473d9369654ddd8afbb615222e458e931,MID150BEES,NSE_EQ:8506,NSE,EQ,8506
267cc79d91d701ae40c0ca0be8921e477b09fbda9882ab8d43d2417b2e921ce9,PERSISTENT,NSE_EQ:18365,NSE,EQ,18365
eec7222db44a2ef43b9cd04fe9c6961cee04ccc9480076ae9c3b24fb6dc6f13a,NEXT50IETF,NSE_EQ:4529,NSE,EQ,4529
d438d5fafef22663d344d04830ec0716638e72ecb8809556dc668c6223070030,IOC,NSE_EQ:1624,NSE,EQ,1624
2455decb2ccf65d9cb2ab791deaaf55443df9f5f315a6fbf56756ed743d12d94,LINDEINDIA,NSE_EQ:1627,NSE,EQ,1627
839800429ff6ca601bb40e96fecda036e9708043780ae2db6845e239750d391a,AKASH,NSE_EQ:13510,NSE,EQ,13510
82124a5c35950cefe9ca171dcdfc32e3d621dbb50363a21c553cee709e3ecb73,SAKUMA,NSE_EQ:13255,NSE,EQ,13255
82901f052568b1016c9aaa3f30dfc88057cb28e7a23e8ba6ac9b585d1b1e1fac,MASPTOP50,NSE_EQ:5782,NSE,EQ,5782
648758df5217c59e229dad32e0cc879d2ad81748053364246f5e4ee5f1884eb5,EBBETF0425,NSE_EQ:22243,NSE,EQ,22243
7c0edd8c472cb9ba594a034c99c033ce593660074ab0bfe911035f610af793a2,CAPTRUST,NSE_EQ:19447,NSE,EQ,19447
000fcffd70cb09f4095593f4b5c31807204837bfa9b2e0a013447d10625a2b78,SBIETFPB,NSE_EQ:722,NSE,EQ,722
8cd7d59674f2b96c63baf98e974efb628be688fa12eb69ef8d578e842941c4ed,ALOKINDS,NSE_EQ:17675,NSE,EQ,17675
aeeac75575cb4e20f3004a41288ea655d805bc8d7f51b90984461ed2d90ba762,BCLIND,NSE_EQ:2513,NSE,EQ,2513
406978520b1a914206e4e4e94fe19ba9d8d6daac813c49d27839d0ec5a659975,OIL,NSE_EQ:17438,NSE,EQ,17438
7360205c0aa96515cbc4e9b1ca5fc94d51213ef1c6701c0dd47997bbf0605668,DREDGECORP,NSE_EQ:11271,NSE,EQ,11271
a2dfd0e25661d2950fc37b48d79637ce8356b973d3119cbde4987115febf2144,RELINFRA,NSE_EQ:553,NSE,EQ,553
2b4fdbee3dcd8858c2f253461ecbdc6159f3159c721b6d5c5db9bf6ce10e9ae2,HLEGLAS,NSE_EQ:2289,NSE,EQ,2289
a732354d067447e13ee47ed31aceb5e3918cab72ea0a7f011bb952dbb872caaf,DIGISPICE,NSE_EQ:16683,NSE,EQ,16683
19225e712295d4ece0a2c3263c1bb3426e32561b76b1cc70724637e34badbd22,KOTHARIPRO,NSE_EQ:6808,NSE,EQ,6808
64d3014918113812c4c90cbdffe25e09fe624801fd4c12355e023e3ea4eb5080,CLEDUCATE,NSE_EQ:20223,NSE,EQ,20223
34b65c6920b7b6b2b73ef1bc0a35eb235b1c3a8fb0f39b692bbbe40bbf685b1a,ONELIFECAP,NSE_EQ:25496,NSE,EQ,25496
6a4d3ebd4cae508f0140a9cbf8d898149b5abb7d15374b46833d554ca253f078,GREENPOWER,NSE_EQ:20110,NSE,EQ,20110
941fd7a741a9e31ad049780d05148efe899d9b25b43b1085f98a24bb654ce5b6,3MINDIA,NSE_EQ:474,NSE,EQ,474
f013c66bce188d2672f34455be4aeed0df436050b261cb9945039079da2b2c50,HESTERBIO,NSE_EQ:7048,NSE,EQ,7048
4b8b1d7e3e77175551feefac4be2dd164fa8592f827e06e8a3964f096240b87d,SHANTIGEAR,NSE_EQ:3078,NSE,EQ,3078
ab305ddfd7b9614962ea63866ea07da0ad71bd8f70169ad5204bbea341a0d97e,MANAKSIA,NSE_EQ:15199,NSE,EQ,15199
df3041cf9a7e98ba49a1c89d94fb39d6215f1559e088de5cc90dab2bb4ac6592,PTC,NSE_EQ:11355,NSE,EQ,11355
0fb0e71ef469d61d80837d42545163b810a56f7c4961f0216aa325e0c1676050,HINDUNILVR,NSE_EQ:1394,NSE,EQ,1394
79ffbe58824329ded4d552d43390b123e5aba9d98f64d0a4e3ce82d0fa352ec5,TCPLPACK,NSE_EQ:184,NSE,EQ,184
78b609aa2109f4d92527b8bd5fd5deec66dbbc3b48f2c9f6d350f7a98d3d500f,IVP,NSE_EQ:1681,NSE,EQ,1681
96cbeb4df5235d80dcd28ee6c5906db1970819caf87d7e3ee2ab6b1e5d5a0bb1,TARSONS,NSE_EQ:6943,NSE,EQ,6943
475779eabd202e8302a96140eed8fabfd25d13e604971c287f27d80a9889b854,PNBHOUSING,NSE_EQ:18908,NSE,EQ,18908
bda4ecd162aead13856bccdc4f6adcd3be322a5d2e7e452a4a1662436a8983d8,BVCL,NSE_EQ:15073,NSE,EQ,15073
49cc7f2ad0b9edbeb973b77f4e1f46723c614fd69d05641af2142840a48c0483,ORICONENT,NSE_EQ:10159,NSE,EQ,10159
f9a9e1eef6a287cea268c9b9d04fc8688bfaf70086280151a6d1de6b4ec1326d,CSBBANK,NSE_EQ:14966,NSE,EQ,14966
2396bc9a606733e6d0b7af0a4dda320bd7d62a0eeadc739cae0ef74098ed3cb8,VEEDOL,NSE_EQ:14019,NSE,EQ,14019
bf0ee08d9e55ef9e282a37239ef122ad434c8aaecf446726fcc5bc543805ae83,TIRUMALCHM,NSE_EQ:3496,NSE,EQ,3496
996b6d4523f1609c66d55411b59885956428ee1af341b137eeabc9508d1cbd2d,ICICIGI,NSE_EQ:21770,NSE,EQ,21770
f4cc70bfe02e553306aa1247e4bc1a7453e52bbe18c6641036d3d1a63989287d,AUBANK,NSE_EQ:21238,NSE,EQ,21238
ba8436a041efabd959f913d8afaabdd383dc6d60c1efa701c08c6d08abeaa1f3,EMBDL,NSE_EQ:14450,NSE,EQ,14450
93266e8af64347ddd76da02dd86c83b90cee85faef9d725cccde3b17cf4bbfd8,MINDTECK,NSE_EQ:18049,NSE,EQ,18049
6a8b1f7a132c893adf19721c93f5183696a41dc23d294c9987e3e697e072b550,AGI,NSE_EQ:1412,NSE,EQ,1412
4e63a483bd135f4ddb684a23174f8b2ab38bff1ecb3039a7b358328487a6b9d7,SETFNIF50,NSE_EQ:10176,NSE,EQ,10176
47420540b1d80cbd5ba2c615da67b0685f6cf9000631a40bf1c6595a33780d2b,HITECH,NSE_EQ:2868,NSE,EQ,2868
274c817ec71b4e6f92cf4aa08648e5f9e6539794c975be58695d4762f159fe7d,CORALFINAC,NSE_EQ:4007,NSE,EQ,4007
5d11e76480ddd3f8e119824702c163c333f15e2fb5f5829e7fe86cf762abc6e4,ATLANTAA,NSE_EQ:13582,NSE,EQ,13582
60eaba5efaada6c6c29e5fd4ac21de61d9ffc347e5f8e45a1a62dc6c3be23d64,PASUPTAC,NSE_EQ:6045,NSE,EQ,6045
213a6c66c05302ccd7e8e4a52bc191d7de13b50ea09efd052ea4d696a7db415f,GOCLCORP,NSE_EQ:3963,NSE,EQ,3963
7d994144cf7c7eaffd8c12ded0a586f4ea969d16344891ccb22bfeec72bf5369,TECHNOE,NSE_EQ:6445,NSE,EQ,6445
851add70433ec1ab7ec6de97fcfea7ee824e559587149533d9ac835d34e9046d,HIRECT,NSE_EQ:13890,NSE,EQ,13890
49d5f246e792cb2a0843d33a9617dea348de6e7585cf6f30224f197e98a2faf3,ESCORTS,NSE_EQ:958,NSE,EQ,958
8b5ecc1dae0f5e0ee8811964d74968c193217131d2dd4ec78cc40531c488aee6,CONTROLPR,NSE_EQ:17477,NSE,EQ,17477
298922e7e46b60bf6f4b47fef21a5ee027dfa3dd016acf829aeeab4571d9a6f7,RPSGVENT,NSE_EQ:8119,NSE,EQ,8119
0da06178cc9b4ea3f6a0b2ef4d69be2f041c9f11de0933f1bf0aff9ec12a5523,JASH,NSE_EQ:13982,NSE,EQ,13982
6495ed6dbfd393304efe03fc3ed17028cd76fff460c770566e5d49e56dc2c7c3,FINEORG,NSE_EQ:3744,NSE,EQ,3744
3ba8e9483f9942890c95b2c3709627833c4e0c8c99c11df53c17a79bd35605c6,VOLTAMP,NSE_EQ:13577,NSE,EQ,13577
e3e38eea31aefa93f93819c2ba9f26786154467a888dbb823ef2ffdf18f70c71,VERTOZ,NSE_EQ:18865,NSE,EQ,18865
553662a7af676739aca80b72c38ad92b82467739c8d55a76267e582d79169c7d,FILATEX,NSE_EQ:24532,NSE,EQ,24532
a8b1918fcc43139948c457a821dcc053ffe957d2c14546a55db2a87b81700f5c,GNA,NSE_EQ:18571,NSE,EQ,18571
66599bbda2a7a24ac3b125d9cf13299347bdfa63e4f07b20f76645c276853a9f,CGPOWER,NSE_EQ:760,NSE,EQ,760
48aa0efda1713781ec1210f6693b473dcfe2172d32f0cad20ec3ab3620f69b58,ABMINTLLTD,NSE_EQ:5549,NSE,EQ,5549
985ed81460c77af16b1c82e1a757b98b2289e93e65d2a8391a89d94bee91cca9,POLICYBZR,NSE_EQ:6656,NSE,EQ,6656
3a4a965dc0386c7fad2e39a78c3efc6196fc7695cff95ae58c8d05842dec9b97,ELECON,NSE_EQ:13643,NSE,EQ,13643
f5c6a8c8a80c14c6945937bd93a4148c5bdb756b7295cc59748cfb22b23a0379,AIRAN,NSE_EQ:9897,NSE,EQ,9897
c7b5642a339d47a5914e45a0328660050356bbb9e6bcdea51c47559a4cdfbba6,JYOTHYLAB,NSE_EQ:15146,NSE,EQ,15146
2d5f7251999e9607835d72a99a571a849e81f33db9d093d004df7c9854c4db14,MOM100,NSE_EQ:21423,NSE,EQ,21423
ef567cf71017e89045869eea2815ae0a03947415ea7706452db9f09f9ec06f71,AMJLAND,NSE_EQ:2598,NSE,EQ,2598
b6918edefcea62d92b06c7b26f3ed48e21ead06abac5b9f9717eb59ee24124ab,ARE&M,NSE_EQ:100,NSE,EQ,100
c624f81cfdc5e99ced275c352687a3b5b999c43ab97b3cfd2f8143ce36cda6b7,EBBETF0431,NSE_EQ:22239,NSE,EQ,22239
1dd9c012346fa09b1906a04d6527370f291ba387a4ec60996f1f0f4136c820e7,JUBLPHARMA,NSE_EQ:3637,NSE,EQ,3637
69cf599948f9c1b7f34cc88a1f742a133c7b86d3616d28411b3af7a0d0819b8f,MORARJEE,NSE_EQ:25876,NSE,EQ,25876
d8177d9dab2008c296ad64a891ff8b439f02f941e586b867b21bae31429a3ce6,NAHARSPING,NSE_EQ:14440,NSE,EQ,14440
bf1f21b792c6a281d1520c6736ff1e208c55b6d07b1f942860c4dc76fe4a98c6,MRPL,NSE_EQ:2283,NSE,EQ,2283
63e928f79f011a0377ce1bdacd54430d4926237fb31019338a32fa74eaf5739f,ATUL,NSE_EQ:263,NSE,EQ,263
903152084f68e5e32a77dbb07e45d5426841db2af0feec2a9a495a1a394f452c,BHEL,NSE_EQ:438,NSE,EQ,438
e8b182c83241dc23fb291bba9ad3225bb4746e2cd4c287f9953f477fb0dd57e1,RELIGARE,NSE_EQ:15068,NSE,EQ,15068
2fcc32efa12bc6f248a98584b1e110f682b56f0b80154701975bea05bda90bcf,DEN,NSE_EQ:17722,NSE,EQ,17722
a418c0c8bc5977234775d05ce0146f28f6fc477204fe23dd0b4258eaf2fcb64d,SOMANYCERA,NSE_EQ:3880,NSE,EQ,3880
d34088b99e0950841a4190e1c0be1771bac8fa5b8eef26001d9b6885d6d6eb0f,DCMSRIND,NSE_EQ:7325,NSE,EQ,7325
a91fd92c1c3639137c3d71396f747db0c55a3c5daf31f21dacb903612dfe0ac6,SHRIPISTON,NSE_EQ:17186,NSE,EQ,17186
bd006b42bb31cb6dc9663fefe9cd340819340e395704bbed6e0e800baf5697af,ACE,NSE_EQ:13587,NSE,EQ,13587
4c65f74f93967cfdf6a5d12daa545b289d694dba6cb4eb7edf7dad3604e64d73,CHOLAFIN,NSE_EQ:685,NSE,EQ,685
3a53a4ceac4dc9403b206bfbab19645068a3d7f64f0354b598fa9ff9f7be4b32,DIAMONDYD,NSE_EQ:21840,NSE,EQ,21840
76b9c29245a04efc802b1231419dd0de5860de10fbab492b553888831f4226d4,NV20IETF,NSE_EQ:17475,NSE,EQ,17475
cc9d9f8c736ae6b99150a3f9fdb348225ecd8064852a64e5ea49ef0d752bb5fd,METROBRAND,NSE_EQ:7242,NSE,EQ,7242
30f1117d563f9fc7524d6a6c2f32db3c8de11be544ed60dd80eafd895ef4c8d2,STARCEMENT,NSE_EQ:21091,NSE,EQ,21091
525f72d2c36258cc182a77d02493df0c5c73dc9982b2b03df70613aa75b825dd,DHRUV,NSE_EQ:6860,NSE,EQ,6860
ba24d378b29c82a4eb575add146e2026b91ded70ffe90004a2b3aff5bc86e742,CANFINHOME,NSE_EQ:583,NSE,EQ,583
35c5a178471c7c3b0795a1e2b1f35dae31c1a0fd0e9b58de04ab5de7a5e7ae68,FMCGIETF,NSE_EQ:5306,NSE,EQ,5306
f838a76f075abc3f348aab309c95108d7fcbcc0d6ef5b4646560617c21c300aa,GEPIL,NSE_EQ:7862,NSE,EQ,7862
7c8973ea658892fcd8fa4567f88c919c1978d146a43b1dfae8b2d0b67db4beb2,AUROPHARMA,NSE_EQ:275,NSE,EQ,275
552b0136925332c1c11be226ff0cb4a78222a74906da84f1d5b60e2b344fb928,NETWORK18,NSE_EQ:14111,NSE,EQ,14111
1cdcdd124f7f57819a1b69de71a45149555a1b84a527cc26bfce87de5cf71b28,BIL,NSE_EQ:7853,NSE,EQ,7853
7db624b2f8705deeb1f284ac10638b1970c75541844f90a6064a1734ba719bcb,KHANDSE,NSE_EQ:9641,NSE,EQ,9641
83826e59ce101dd82e6f400fa259d71790447a4b9c9acdedaff48669f0ad775f,TI,NSE_EQ:19196,NSE,EQ,19196
db79f1f25e50685a9c02072f0e080c797a687e85bebe5e094d63a15d461bdd10,MAGADSUGAR,NSE_EQ:21392,NSE,EQ,21392
a7af6449c3b2b2f89d8e6ad8b84cd59ed76051ce2e1faa2535cf7e49727d11a3,SOUTHWEST,NSE_EQ:9678,NSE,EQ,9678
8def14d957133ddf779234c16c21b3c42bc822d8c8d49c6ae07ddf3ccef1e881,JINDRILL,NSE_EQ:13875,NSE,EQ,13875
eae288052d35bffc7ec2b02b34a1a3db7d0e0dc668a9afecb0032d00c84938ac,INSPIRISYS,NSE_EQ:13730,NSE,EQ,13730
1c948f7fa8bed607a1f1de6ba4dcdd1f94d16b5c9d8b1db2bff0c1c27371a7d9,AKSHOPTFBR,NSE_EQ:8595,NSE,EQ,8595
73cb34710cc11133a3449b5c29cb31fb32e98a2a516217bcdffdffd467edcb49,WEL,NSE_EQ:7835,NSE,EQ,7835
75c7fe2964e2f8ab1100805f175f2f80b4acc95ec8aa91f25337d73d5f11300a,STEELXIND,NSE_EQ:21339,NSE,EQ,21339
228bc51c8e070c168e435ed6e59cc57bdc238a640ef17f386e0e885326ad163a,GRINDWELL,NSE_EQ:13560,NSE,EQ,13560
21ae968a447201ee74ae58f72a37e3e92f48a9b321ec3cc34277b686cf27af68,MARSHALL,NSE_EQ:6764,NSE,EQ,6764
e48d162fae7e8f725e99efc9c4b7875ad23c2ee6e2da442660ecbd2b13d0b2ad,MARUTI,NSE_EQ:10999,NSE,EQ,10999
1e48d0dccd62e3623ebc42680d856b01276772dc406ce79d55002c60752571cc,CORDSCABLE,NSE_EQ:15271,NSE,EQ,15271
53565199c0496a3132d735301b000865c870a793cb85d6d0a975cbb27d11f879,RUBYMILLS,NSE_EQ:2939,NSE,EQ,2939
71db556b3151b9a188c576c7372f572fd2bc273658ed2e238645118550b09794,MASTEK,NSE_EQ:2124,NSE,EQ,2124
56b4d4a3d4003dacbbdd35e747ac0a4705cff25f74dbb941ddf2fd6e4ece8360,ZENTEC,NSE_EQ:7508,NSE,EQ,7508
c78518b0b4efd89aeaee3ab6f30f94455cd61e20fa97d165bf531a91a53e6650,DABUR,NSE_EQ:772,NSE,EQ,772
55fdab485c662ba712d2c234412df2cfe6760b4bbfb7d73556dc884b939d31b5,GRAPHITE,NSE_EQ:592,NSE,EQ,592
a4cc4d306c62c0df559bb601f932c79c016c4064d04c784081ff1d29a87915b7,HGS,NSE_EQ:14712,NSE,EQ,14712
87aea7e5256a1970986ea7e741dd88a7a89469e2154d3b2bc2f9413efdde17b0,GREAVESCOT,NSE_EQ:1235,NSE,EQ,1235
3ff5ef4415f749431517dc848745a16829d3330d61fb35239c68f5b6302edb3c,SAREGAMA,NSE_EQ:4892,NSE,EQ,4892
3f4bde6f5d24ecd7074d65585a2c04de5ce12a34943a214e6d0df8ee12940f55,SURYAROSNI,NSE_EQ:3375,NSE,EQ,3375
4a07f949ac857442f85ed1352ba786e6db4c3ad6760cd57e31c5e5f4c7acd143,BRIGADE,NSE_EQ:15184,NSE,EQ,15184
69c42d27718a71dbcd2b50b928c008c3aabbe400369bf54b6f7d0782e193aa0f,TARACHAND,NSE_EQ:23514,NSE,EQ,23514
b496838f46bdd43b6e87e66e02c19d3cc1cc2676b0c3bcb486d95370e568f88f,SHAILY,NSE_EQ:8732,NSE,EQ,8732
fc67f0a923dff7f02ed17a7f22bf195f2a340909a0f05aa760216aa09a33bea1,ARENTERP,NSE_EQ:9499,NSE,EQ,9499
0f59c569430295af7a10a9a27de73f7ae3798c5fad6c4d399852391543149f3b,CIGNITITEC,NSE_EQ:5142,NSE,EQ,5142
3ec0ace534836ab7efac0b14106cc9480f3b614459f823cf81750a7612b7d548,VARDHACRLC,NSE_EQ:11220,NSE,EQ,11220
a65f74640f07831cdf8ff358437cf2ed94a497ad3c66b065b7fc46ab0728b58d,KCP,NSE_EQ:1841,NSE,EQ,1841
2d508bea1cac4ed1a1a1e16f3db095bc354e7f1830517b0bceddea3ea0bcf80e,GALAXYSURF,NSE_EQ:1315,NSE,EQ,1315
e1ff8c9a91434bb24da521358635ec91f9d79cbbcccab4c90bce9b0baa7a8d12,TATVA,NSE_EQ:5162,NSE,EQ,5162
3eb90205c1d2039cfbb2bbbd068589951c3a24e0ef5c82cb9462b4b1614d4e21,LTF,NSE_EQ:24948,NSE,EQ,24948
45fea0fe05ed1b3808e6cdbd33990531b0752cbc4e1cf2c53326243fe6306fbe,MEDPLUS,NSE_EQ:7254,NSE,EQ,7254
b9b4e88facb48c3dda28c82b026bb81c04632c2e9f6fbd10671e27881339f46f,SIYSIL,NSE_EQ:14096,NSE,EQ,14096
4853d868d8c923f0693b311811e15c25e5555a2780511deec316c1b842b0160d,UCOBANK,NSE_EQ:11223,NSE,EQ,11223
ebfacedd57219c6b0d63d907d85f43b7edcf0c0fdbe76d696c0becf17e55da4f,VEDL,NSE_EQ:3063,NSE,EQ,3063
565d41275cf73b1fb784b032a9e04ceb530285e8da3d20cec67cfccd77476200,POLYPLEX,NSE_EQ:2687,NSE,EQ,2687
833ebd4f418d6dbf9d2b97d131c3929103a47090978a85d71cbecf017ffb9904,POKARNA,NSE_EQ:17651,NSE,EQ,17651
9f2216288e483d56cc10303144af97fa96cb2f7a660cf2f38010f09caba0f88e,AMDIND,NSE_EQ:14398,NSE,EQ,14398
5b7e7f4d711c4ff042db8d89a5836125f56cdcfb2edc2618b74fa6dad7f60abf,SANSERA,NSE_EQ:5751,NSE,EQ,5751
205c32660e31cdaf0aef0d5d51d21a50f1233f3e32b7677a9548a6048007564b,CUBEXTUB,NSE_EQ:9881,NSE,EQ,9881
180b26bb6065672905f97d203fb5e2705de7d5fd2a43c623c5d9d0f9b11cfca7,NDTV,NSE_EQ:11427,NSE,EQ,11427
2850c8938fb4d4c1cf70de803a8485d34444c8c17a2938c13ed0dd9e2b95ad03,TATAMOTORS,NSE_EQ:3456,NSE,EQ,3456
802e11a11d2a6aaa8f7cdc129397765cf1e67bdfab3e3ff8486cd4ddc824d7a5,AMRUTANJAN,NSE_EQ:17547,NSE,EQ,17547
09a5c543f4d622c2d110f142e9f2af1d9db6d412fd01be53ee19b20c37961b31,GOLDENTOBC,NSE_EQ:11619,NSE,EQ,11619
568ada5003e14b850664080365fe1e1f1e279bec32799d9064e06c74fb414b33,SANCO,NSE_EQ:14630,NSE,EQ,14630
2c2e18056d4e42d09d9182259a5758da927f5b02385b1c37223819a8f669855a,ZEEMEDIA,NSE_EQ:14003,NSE,EQ,14003
37a8c9aa5a6ec3019792c7bc4630738aef3e819c57663bef9f6eb9bb0e3cc4c4,SURANASOL,NSE_EQ:21077,NSE,EQ,21077
c12ffd5a8ef489126a9cdef50aeb00e715d8f5d7e523b8a509890efec35a9063,PAGEIND,NSE_EQ:14413,NSE,EQ,14413
61e8b41aac2d7a0a6fe87c3c8ca7c35de838db33dd68fe983602090e01cf3e50,DCBBANK,NSE_EQ:13725,NSE,EQ,13725
9bf4c4c43cc3228b2ba0e56d97547825d2c1f99c49809298f5f5f8f229652664,SCHNEIDER,NSE_EQ:31234,NSE,EQ,31234
d2191de61634ec00eab77624f0c0938744ca4f6cdddadb9871a60ab23be61a0c,SHANKARA,NSE_EQ:20321,NSE,EQ,20321
6bc866ca322763bf947aa44cbef77a21638748d54ce75704076f808818a40630,GOKEX,NSE_EQ:11778,NSE,EQ,11778
994056df6eb733e3a95079dfd9692a2a5efe8635ae230387ae9cbd98b191d5c7,ARVEE,NSE_EQ:2814,NSE,EQ,2814
6a97a860e97e17b6ab124a2d40c5d7b02b587d956cef1cdd78660280e2585cfd,AJOONI,NSE_EQ:3403,NSE,EQ,3403
5d036d033818d53e60b3b9d551fcf04348627c6f6193766b247cd62bff20ae2d,A2ZINFRA,NSE_EQ:20910,NSE,EQ,20910
835698dc647ec085674f90dd83ec4e3531bdd3ad7ea743739794e0bd30debe5e,ADANIENT,NSE_EQ:25,NSE,EQ,25
cd839a2f679d32f6ab145852f094e8bbf553044aabce4e4bead87b4087c93a58,KAKATCEM,NSE_EQ:1811,NSE,EQ,1811
f89366adfd63625cc74c123742840ca13a33be9288f6b7ba60ea7c9a68edcdd5,HIKAL,NSE_EQ:9668,NSE,EQ,9668
f689144ae4268455a0314ee1016ba13e12fb037e772840a6ebe60bc7a9b77f26,ANUP,NSE_EQ:9014,NSE,EQ,9014
0ef0834f49b368d24a44f20471f28ae67ac2104771dbf048a4ce9538208face1,PREMEXPLN,NSE_EQ:17397,NSE,EQ,17397
57b4aece84c79460435c3cab48f58b141e64c2d58dfcbc068fb3acee66c32a8c,CHEMBOND,NSE_EQ:14618,NSE,EQ,14618
d729bdc5a5bbfc76cdd664c47ca2d16546727a5fe4f5cb8c34ae003574737a1b,RELIABLE,NSE_EQ:24378,NSE,EQ,24378
422a65230b7ad71629b9ac74a377df791f37c6703f9dd683244a5c3859f9de60,KSCL,NSE_EQ:14972,NSE,EQ,14972
55d6f92e093c52db0d7d6eb1071f378c12045e754343839865a83419b253ff9a,STEELCAS,NSE_EQ:6803,NSE,EQ,6803
c0187cec883f1d00a28389b0d7a7e8bc527f2bf10860a58e7eeb94796c8cdda9,SPAL,NSE_EQ:18252,NSE,EQ,18252
87b6eb472e5b69969fa13898b6c2e4b5f7d0286440e115ce77752a8c06be1d70,LAXMICOT,NSE_EQ:6568,NSE,EQ,6568
7ede35db7cc9b75d607d613f4930537b8d49347a6d1962d0d733740219660c0e,KOTARISUG,NSE_EQ:11647,NSE,EQ,11647
cbb9c3af98f318ab6093ac36766e3c41f66b96c998bb6fda2e902467019910ac,SAPPHIRE,NSE_EQ:6718,NSE,EQ,6718
c22717743c108dcd619f781be2bb5fb35c06b1405e748ac232723a320c49e6f3,LODHA,NSE_EQ:3220,NSE,EQ,3220
da47f5864c852b18fb905bfb9fcbe152040b0514b8f5c7443804aec46aa05c91,VIDHIING,NSE_EQ:13536,NSE,EQ,13536
35ff45bffcbbbc99306c2bebedf0b95b59a9ba8f81867c76993dfb0d9656298b,APOLLO,NSE_EQ:1134,NSE,EQ,1134
e93f54c1ab0df7b7b1c02135fbf51d2d14fb45fd516fb6022f29c679eb5cb2ba,ICRA,NSE_EQ:14523,NSE,EQ,14523
e3a3d2caad76417b6c364b14c9ca4dc3eee7d082e8d102aa9f8766be0c7e4fa3,HOMEFIRST,NSE_EQ:2056,NSE,EQ,2056
6851e60875abd6711bd2e3327825ed2553b84edf3560f17a2b0306ba68bfab9e,ADVANIHOTR,NSE_EQ:14745,NSE,EQ,14745
32f5f037636cff22a8ec8f3e0da045e7b1d451c83f2bc0e407810e894537839f,MUNJALAU,NSE_EQ:13511,NSE,EQ,13511
316a2115f0424516223e8bccbaf1f0d6697ff07c852f5ad34f9184d90bb9e439,PAYTM,NSE_EQ:6705,NSE,EQ,6705
20e25ea714309f3f4b044d5ddb85044172978d70e6a3c40a79e293d50eeab922,UGROCAP,NSE_EQ:5313,NSE,EQ,5313
a71f28937c29ec6edd67551c7690b66ee17c352706e267181f3aecfee9114b41,MIRZAINT,NSE_EQ:4394,NSE,EQ,4394
52a36117e8f28fc96ecd1402084705f3bc908929cf9e76ca1b10a1a83a9b7813,SANGHIIND,NSE_EQ:2997,NSE,EQ,2997
93034f81857a0629f7507c07dd73f84070c1f8c71dffe887c652426818115b67,TDPOWERSYS,NSE_EQ:25178,NSE,EQ,25178
d22242054f1642fea9c8781b64549d9e3ac8b54a8a1b54c93da6bedef001dae8,SAGCEM,NSE_EQ:14068,NSE,EQ,14068
9428318c9e2efc05372da78fdb8877e7295d8bba7e53e7e343072929c8ba465d,ADORWELD,NSE_EQ:34,NSE,EQ,34
95ae65cc25c4fb1958ff84de8ad1147cb6309716dfc31da9503d69aac4faf4db,GENUSPAPER,NSE_EQ:6600,NSE,EQ,6600
055524c221d3f100fa494698de1a1cb5ad1a6aa7b245b153bc4a2c86ffa926db,KAMDHENU,NSE_EQ:13457,NSE,EQ,13457
abbb2ba9181c0e127567c1ae75097d491ca9d5734f26af2ab361b7e9de20d587,GPPL,NSE_EQ:19731,NSE,EQ,19731
1c9cce291364a3308fc77e1cbd9bc3f907c7fe553d1abf71fdbd6288662def34,JUBLINGREA,NSE_EQ:2783,NSE,EQ,2783
def6d2b26c8a121f271ed96d362262e2f7a48459dcd31992c240e27bbd50a518,POWERGRID,NSE_EQ:14977,NSE,EQ,14977
b1c0c04a55292b8687115e68cbafba3999355de14aae7fa4d95225e71086a48f,MAITHANALL,NSE_EQ:24538,NSE,EQ,24538
c373a091f9be16d44b7ba11cd50fb7a031efb47994515dc2f6af121248e5b41d,DLF,NSE_EQ:14732,NSE,EQ,14732
f2f985e6edb7b453f5529996ebaff0ee65642ed2316fe2ec53a77ef76b009a7b,GRANULES,NSE_EQ:11872,NSE,EQ,11872
49a6bab7ff2fab82d1eff69d7bdda85c146bdfc1b5d9aa7e04f1ca8a8f8a4ed3,MAHSEAMLES,NSE_EQ:2088,NSE,EQ,2088
c0367580573d310befa1253c0370d8091862cd769c3d083fe74a260fb225b4d4,IGL,NSE_EQ:11262,NSE,EQ,11262
0c49219da16e24f362876f880d84d43599ec78a2799214e95dedcd11331f79c4,BIOCON,NSE_EQ:11373,NSE,EQ,11373
2a723cb3c67aa9b124f24276a7f7b90a17e0ccc6bf1b2c746f2e0613b5437e88,INDBANK,NSE_EQ:16933,NSE,EQ,16933
fc5fe7bf6b8fdf6d27842a0f0ff8780ce75dd35ddbbbde133722e20f750c73d1,SESHAPAPER,NSE_EQ:3066,NSE,EQ,3066
3bd07f0548923e4c49b86edbc1d57a16b52c23a267f6eba6b05ff0eca5deb211,CONSOFINVT,NSE_EQ:11731,NSE,EQ,11731
06934f8c91078e9923e2e88effb1034eb705b62f3325ff3fe31f660b0ebffcb7,BAGFILMS,NSE_EQ:14075,NSE,EQ,14075
d1142679e664ed58b3d029bf3da85a9ad38c22b4324d81b78d9d7595538378a4,ASIANHOTNR,NSE_EQ:18425,NSE,EQ,18425
a31833d488d240415018137780cd0a755a78ba59476584ca97efddb01b1ce09a,HCLTECH,NSE_EQ:7229,NSE,EQ,7229
a44616f05ef4f6545d49ed023eb3c9a3fc4638ddab9c070de94ff615805da786,BSE,NSE_EQ:19585,NSE,EQ,19585
5e1c2f8517a049eb8986f899ca8e5d3045e230fe6f6dbf79c4b322aa5bea98bb,LIQUIDBEES,NSE_EQ:11006,NSE,EQ,11006
0bf9c35912c07a1296ff847ba6014616e26b2277551dbbcedbdcf34ce1a2af42,LYKALABS,NSE_EQ:2028,NSE,EQ,2028
7766b2054ed17674e3e9acbd583312b9d8c06487b0c440dd221f533e02683381,NATHBIOGEN,NSE_EQ:11065,NSE,EQ,11065
9a5e53b89c8f93fc0e27d5c67bf81902fac434affa1fb21bd988531a3c9c482b,TGBHOTELS,NSE_EQ:14607,NSE,EQ,14607
664b79769030e55dc58a986812f6e005c3edbacde34dce8895ddf9d2d361a318,RAILTEL,NSE_EQ:2431,NSE,EQ,2431
3fa02035a507fa5c0ea46713488a7146139aeca50c3298ac3f8b0bc83afe2010,HAPPSTMNDS,NSE_EQ:48,NSE,EQ,48
38d7a94a482217a5667f4d9b894ffbbc62677b2f67c6f1838816e9976c5278ef,NUCLEUS,NSE_EQ:10791,NSE,EQ,10791
f7c4690f33281252f9dfefb9140296f9005b383a26ce248dd45350a3e01dad14,RAJESHEXPO,NSE_EQ:7401,NSE,EQ,7401
603f7dd89fa492f99ae8e79b2feb58bd599ab40262fdd2f6ebb0fdca6bdd98a7,AXISBNKETF,NSE_EQ:1044,NSE,EQ,1044
11cb93bdc18bbdcb4cf57bd3bbfb44bb433786367c851e93546da63a119cf90f,TRF,NSE_EQ:17987,NSE,EQ,17987
6effd2cb95ab15eb61bf3dfdeeda267e891749be0b75585906f4c93e61cb5bcc,DPABHUSHAN,NSE_EQ:936,NSE,EQ,936
fe7d08548433f5011f25a2bc361bb59c6d3913f548690263b2854b6cbee75586,DRL,NSE_EQ:18770,NSE,EQ,18770
a64c05af78578e3b8a9a6b903b39aa470e401808d3ad2d41647225c008560f27,BASF,NSE_EQ:368,NSE,EQ,368
8910e0a5d74ea7db276ee2cbc801f39698637919cdfc9e3251e138ec95284c4a,EIFFL,NSE_EQ:6040,NSE,EQ,6040
072354ee36c42191338a2291f926400ff23c9debd06eb53ff5164e39075d6a0d,SAKAR,NSE_EQ:9539,NSE,EQ,9539
5a886c92aeec4629c2ec50780acaa8af6892a0337f02d8e2609df46c37532a9e,ASTRAZEN,NSE_EQ:5610,NSE,EQ,5610
8e5124da8b4bb637f439e754a5478d58bcabb88993f2cec258c3e783b6fc781b,KNAGRI,NSE_EQ:8602,NSE,EQ,8602
40a3848ff59469622d6fe4b7ee05a4b02b0b65cb852e3600d3147b0194ba3ebc,BPL,NSE_EQ:530,NSE,EQ,530
6da13c03593c649d805d31f7769ae2ea7b54e4660f213b810590ece6b2cf0c7b,ANGELONE,NSE_EQ:324,NSE,EQ,324
65262f6bc0510941266ba8d602c0870c7450deb07620572d4c1f65665f839c27,RICOAUTO,NSE_EQ:2909,NSE,EQ,2909
ebfc26b1e95373375a06d615a9dc2108e729cf2abf3d6cf9b590a7e6ec21f3a8,COSMOFIRST,NSE_EQ:742,NSE,EQ,742
f5550f6e3fac00c59111e53cf0c0cd6fc1d133e48af3bb87cef9607d1b1c8932,UNICHEMLAB,NSE_EQ:3579,NSE,EQ,3579
ec309b585ddde7a3111e55ef1c207ca47b55d416da06563767a59e9d8586f419,HERANBA,NSE_EQ:2614,NSE,EQ,2614
ac98f72fffdf218ba326f085c7d0fafd2576d05d8913f01e80678aff4b63d144,AAKASH,NSE_EQ:235,NSE,EQ,235
12740e60a9c586ff3d4703a33c2a77022510bd75ad763ba8bedeb145dddb89f7,MCX,NSE_EQ:31181,NSE,EQ,31181
4ea52e51170bd1c9e1f138725930b6c4161bc4b9bbacbf0ecc29c39653d2756c,HINDPETRO,NSE_EQ:1406,NSE,EQ,1406
656112d8ef90fcede94988755826bf75c4d3d49ef72ba57fcdcdbf7493cb9851,SHAKTIPUMP,NSE_EQ:25574,NSE,EQ,25574
687e77b99e68a088609a2f6b08c674a2e1e6de5731f136923070e972baf3b1ef,ARROWGREEN,NSE_EQ:9264,NSE,EQ,9264
6d4f39e52547360e0e898db3c6ba9dd29e7212efeebb5c4128ff530417f61337,NATIONALUM,NSE_EQ:6364,NSE,EQ,6364
4828a3ecdac31f2b1fdd36692c4d03949ec415c2376947b9d1b39a3e53545303,VENKEYS,NSE_EQ:3757,NSE,EQ,3757
1ec7aecc15148a0da726e31614448e36c4c243de3e0527c11a7e591261876f04,QUICKHEAL,NSE_EQ:13116,NSE,EQ,13116
a15e560d3b081c7c4548a5ced5b24265846413a9651b3ce394a205972d8c3545,CAMLINFINE,NSE_EQ:6216,NSE,EQ,6216
122bbca448e909381f4a1af5d7b15331f289446c1bc43ee6f7ca60fc95400c58,MODISONLTD,NSE_EQ:3316,NSE,EQ,3316
182cf54e5673245cf252f477b8dabeb158bd717b26a8b9f790b270785e1209dc,AMBIKCO,NSE_EQ:15234,NSE,EQ,15234
f8d77bafbf99e40ce5e80ebfea9558100c0e9cb20482ae745ca2e27a9c71bfc6,MIDCAP,NSE_EQ:8077,NSE,EQ,8077
f9d22b2a9c18868407b29f6764a82ddfdc7403cf569591b3549d52047e974784,PUNJABCHEM,NSE_EQ:4344,NSE,EQ,4344
126c30f692ed10cdb6fa6e2c4d9b22f6eeb431c1f4e15b5725806ee3b5e01f75,SUPRAJIT,NSE_EQ:11689,NSE,EQ,11689
6f9a231e0bf300cd5b514fcd17b3f35e753466c6b567bf9a030901226c3d5a62,KICL,NSE_EQ:21119,NSE,EQ,21119
bf8f761e662460bce38003978632c678fe24cddc7edde05c645990cf8fdcaed1,NV20,NSE_EQ:11457,NSE,EQ,11457
514f07b1e88bee7239fbeb0cfc86e676e88f5833769e068cf26b1f5ead64e3c7,DEVYANI,NSE_EQ:5373,NSE,EQ,5373
23ac37b1174707c586f528ae85494510ec3e033d665977e4f37777b9091c0b16,NDL,NSE_EQ:31258,NSE,EQ,31258
14930fa1746bf1e24b82336e2d4280e7cef05c43fc44fbc9211894bcb448bd83,CESC,NSE_EQ:628,NSE,EQ,628
7a8b3904e52724cbb95d439acd57610365c8e0cfd37a78f65a27d14a2cefdb18,AAREYDRUGS,NSE_EQ:5245,NSE,EQ,5245
90e43428ee849fe31f590eb8bf926c48abc555e74b4532f2066cee780e20a27f,SIGACHI,NSE_EQ:6663,NSE,EQ,6663
33c6d3ad5adfb65f749674510c088b4151a1bb6bfe571fffb1408bf144246ac4,SIGMA,NSE_EQ:16658,NSE,EQ,16658
c299daa023f27be0db2dd76e4d133b0311838ca3b3e0bc47df30e27a316e14ca,SWARAJENG,NSE_EQ:3384,NSE,EQ,3384
aa6359c7744ba2dcb291c92d62415265e47d77b49a4981faa2366f9ed7cadcb2,RAMKY,NSE_EQ:20134,NSE,EQ,20134
6f2d3abf447c9c28bcac4e6630faa90f5422058d01f6ac3a344c383ffc542555,ENIL,NSE_EQ:13192,NSE,EQ,13192
e230bc9ef4c537066a1a01ec6f12fadb99c92899dcec3107e5049f2926d361dd,SIGIND,NSE_EQ:4522,NSE,EQ,4522
ed4d3165718df66e8022caecc53b29ac4d80c8431eb1fedcae608742c0d7345e,AVANTIFEED,NSE_EQ:7936,NSE,EQ,7936
c899f9083b87c8d554030c3dedf570e1da5d2198351e866b20542de4a247e115,EPL,NSE_EQ:981,NSE,EQ,981
3468d38ae8251ab18c12f05dfdce967a5c3b382bddf092fbb5354cb1373dc133,SPIC,NSE_EQ:3252,NSE,EQ,3252
f22f61e73e7e11efc6b6195c179abfeab3331dadc9ecb2c72f517ffac641164c,DANGEE,NSE_EQ:1110,NSE,EQ,1110
a3c3783bd025ab43f7d3efa9efb9a598c086eb68367bd057278425a9f47beb31,TEXMOPIPES,NSE_EQ:18214,NSE,EQ,18214
8c43691d6822689d455f1d12c16dc9dc615a585322a5486b6246300b23e11c93,TATACHEM,NSE_EQ:3405,NSE,EQ,3405
40f83630013804a870a6da801321af8cbaa17a24601a6e3bcc2504c14bcc4704,CENTURYPLY,NSE_EQ:13305,NSE,EQ,13305
b096a07eeddbecb62f9038ec6151508402ce458e25d1b5fbcefa1467dfdc0d91,BANKINDIA,NSE_EQ:4745,NSE,EQ,4745
a094278706cfab061dfb55f16286ed29ff5a18efc57546d446cfdaeaf8961bdf,HINDMOTORS,NSE_EQ:21676,NSE,EQ,21676
27e4f393de971eb7f442f27b1e4c162add377008d2b9b7e5aae0069d7acf345c,FDC,NSE_EQ:4898,NSE,EQ,4898
cfc0d15596675f428a55ef178514e4fb708d10fd85a5540eee1184dd1050f0d7,JUSTDIAL,NSE_EQ:29962,NSE,EQ,29962
5f76377af26785943ab6c43bee57b7b241a66cec297d088b9ecf7a69315bcfdf,NMDC,NSE_EQ:15332,NSE,EQ,15332
f9d4d21e67242149d789fec077bbcda1381d4cfb7c74780b4d09bb2a06372c47,IDFNIFTYET,NSE_EQ:18783,NSE,EQ,18783
fe084eadf7f784ce36d7e95d24532c0552de9d244748a4a1c3eb36bdc3425028,TEXRAIL,NSE_EQ:21828,NSE,EQ,21828
0329008071221e45e5e983ebd4ad83f4aec5fc2b417956da0edd54eb16d178da,PRITI,NSE_EQ:8304,NSE,EQ,8304
8c62ace4f9ef8ccd08ca6fb992a8524bb7dbdc0530654bd254c9da07a660949a,BUTTERFLY,NSE_EQ:2716,NSE,EQ,2716
1ef7e3f231b1f4c55152540064815fbd9c0250ab27eb337a2b3f53e3bac27658,NIF100IETF,NSE_EQ:30392,NSE,EQ,30392
6288bc939e1d60528576cb2551259201023f8df9fb356aa59d2fbc1b805d9a8b,ALICON,NSE_EQ:13656,NSE,EQ,13656
8651136f9f0401dc6c108c33521a63995bcf5a52939e5a941c609669988fd2bf,BANCOINDIA,NSE_EQ:13880,NSE,EQ,13880
f271b99371db3a8f3e909114648e4a6269f3ba75fb73031c1cd6654b67cba26a,THEJO,NSE_EQ:19279,NSE,EQ,19279
6168145d45775c4f24f6631f51aa4ed40f19030bb012b7a3b9ceb5a30fe71ab3,ANIKINDS,NSE_EQ:16657,NSE,EQ,16657
3fe90cfbb42149d5b9a54f5e8fe1d72c4c316a786f307a128ab455481659531e,TIIL,NSE_EQ:14223,NSE,EQ,14223
4297d3a7a00ef89468fc856a8f093b82ceaea3ce551484f8a67fc44dcd933cce,BALRAMCHIN,NSE_EQ:341,NSE,EQ,341
218800ac0bc208a014dc2eb52b4159b91b37c9be59b2c620a96b7dabf08689cc,AARTISURF,NSE_EQ:19233,NSE,EQ,19233
d9f7bcfc956576d317764369a341434bef5cf7b5943980bb051501a1ee528c00,GABRIEL,NSE_EQ:1085,NSE,EQ,1085
83476701ce57f5c8af5ef5682f39b086cb92edc60f45007c8e87b0f3f5ebc4f3,LLOYDSENGG,NSE_EQ:17801,NSE,EQ,17801
778172193d1db39eb8062c777acffbb733f4ee8dd6b46a44ccc9c0ef151fb58b,MAWANASUG,NSE_EQ:17022,NSE,EQ,17022
ab901fc0211565f357e4976e6cd3ba42ed884d5a360463aefa02e20db9a8c1e3,PARACABLES,NSE_EQ:13951,NSE,EQ,13951
2a935214e45df2dbbcd0336864dd1797f3b9f520de2de6b907808e470415399d,KTKBANK,NSE_EQ:8054,NSE,EQ,8054
c8134a9b3ad0cd7dfb7161023f51e60180c6ab44345a121317a7af632af3df22,NELCAST,NSE_EQ:14761,NSE,EQ,14761
ce275596d2d54acd8d4d20f598574540ae390d5636210341bd4d6a1a7f106e37,GULPOLY,NSE_EQ:6286,NSE,EQ,6286
b595976100ba39f1e29f33d421a74be2b041172d73ea89946808e134d63d025a,MOTHERSON,NSE_EQ:4204,NSE,EQ,4204
484299e3de54a2cabf03d3fc8ae7fd579a5a87476667ad976fed978261b0331d,STARPAPER,NSE_EQ:3291,NSE,EQ,3291
bcdaf2d6053ea5e9737f9b68d5da02473dc546eb5494a23c3c3b6affbf2254d6,NLCINDIA,NSE_EQ:8585,NSE,EQ,8585
e200f7c10b7ef94eee2c9417170eff1a3cb051771baf3aa804e5acce0058fabb,PFC,NSE_EQ:14299,NSE,EQ,14299
567e503c423320c7bfd372a3b033484f6187fabe14ecc378e91fa4fef64a6a07,KIRLOSIND,NSE_EQ:19025,NSE,EQ,19025
2b107055e8e59dcc2106d749ff73290dd38785037a220c8376d3bd94f9bd5e04,DALMIASUG,NSE_EQ:781,NSE,EQ,781
c55b4748c01f55c73fc34eb6882b358d6d109e1d151a2d9b23dec0ec8b5c3b73,SHALBY,NSE_EQ:714,NSE,EQ,714
4d7bf1f27c531404523bc0bf481337bad544717cf44fc1bc60e982f13f2d8a9d,MANAPPURAM,NSE_EQ:19061,NSE,EQ,19061
577aecf7b6d69bed3e015f71fa2685541a03560ef42b5f8211fd87aaef2cc9de,NECCLTD,NSE_EQ:13522,NSE,EQ,13522
5784e858e46b26fdf8b2079f70e2e44580767a5101fd5eedeacb25d01ca597e0,RANEENGINE,NSE_EQ:16751,NSE,EQ,16751
f2630b6100243ab9df2e393ee43a684fd5e3033a7bc2de5b05c62f2ceb0f362a,VSSL,NSE_EQ:27067,NSE,EQ,27067
675dbf0dd8443ae7017e3be08a2ad3511f5b24c88333298259c0ab71d93cf1b1,MOGSEC,NSE_EQ:1507,NSE,EQ,1507
e843c0178f4f0fcb551412faeb7091e04a2072d21d87101e165b47e33188452f,RML,NSE_EQ:11975,NSE,EQ,11975
7789d60eaf3410d5c0e94272bd0d13b711c79365e4673932b94b04cbc28bca7f,SHAHALLOYS,NSE_EQ:11856,NSE,EQ,11856
8a1480d1860f8f10458c0ee0d1690e73b0c40921c7d22b04cd9a7bf7282d97c8,SUNTV,NSE_EQ:13404,NSE,EQ,13404
45dcc38daadd90e8695409eea13ef6cce6d7bb64bb5fdf9d5307a30d23153eb9,SANOFI,NSE_EQ:1442,NSE,EQ,1442
c500ff276c5116b571031bda1482f993e344c343b81b2fd65a58a8c1547133d3,RELAXO,NSE_EQ:24225,NSE,EQ,24225
20aa2415a2be7349208eff7ddee81674fc1f546a842cb35d6c1500985f135a19,AHLEAST,NSE_EQ:19438,NSE,EQ,19438
190813c80bb514eea31969c50f9ca83a67553f93316ca20eb3b73c78ce6260d0,PPAP,NSE_EQ:15209,NSE,EQ,15209
17b5fdc8b549b931d8701e980abcbaac34cfd8feb9ab4e54e3cbdfacef999610,OBCL,NSE_EQ:8797,NSE,EQ,8797
5c1ab1ae9dbb08a64e9abce3419029d05d1ea421d56c7accada2efbbaa563d8d,PRAKASHSTL,NSE_EQ:19599,NSE,EQ,19599
45d51bc5099e58cb537900516e9bfb836312c617a043a12ffae8509ccedf6b41,SOMATEX,NSE_EQ:9104,NSE,EQ,9104
926bbb01016520bbb208d5864f98f674d7c409be4afcec8a982bc7b599d9a7b8,JAGRAN,NSE_EQ:13211,NSE,EQ,13211
9e95498193cc63fcd44710f7f3cbaea209cf4f337d9dcb5f1c121494a03cee19,RELIANCE,NSE_EQ:2885,NSE,EQ,2885
b6748ed2a5b7c5ff353d180b93bc82c766086cd9d4a58cf61f7ceb0b8164e893,SETUINFRA,NSE_EQ:18024,NSE,EQ,18024
865eb3654a007b70048170521154f005cedee0cc4cee1da0eb1768238689e8c3,HBLENGINE,NSE_EQ:13966,NSE,EQ,13966
e1ccd9559fc40b9132d32dde300b5436bed7acf86cf59fcf2ce25cfa07a507b8,AHLADA,NSE_EQ:2004,NSE,EQ,2004
4b65e54848bbff96381f6c9d69d1d28762e7d67500977b14b281534e0c891b22,WELCORP,NSE_EQ:11821,NSE,EQ,11821
6e4af0677db91c8e51cd3e43a9639f1450ea9478537c9d6bc949cdf79c65230c,BHARTIARTL,NSE_EQ:10604,NSE,EQ,10604
81589c48e586869ebe8351bf087844e94489ab72accdcaa61eb1a6bf894204d1,THERMAX,NSE_EQ:3475,NSE,EQ,3475
d95ed6aa4679a9d3e06987b2bfce8a478d2be8a5455fc5e0aa4fdd961e5fa32e,MCLEODRUSS,NSE_EQ:11944,NSE,EQ,11944
76df84946ddfca4cfbb118087f73e1e4efd1548cc5a734ad0b66571c60ef675d,PCBL,NSE_EQ:2649,NSE,EQ,2649
7fd07ca7b051cb18e2aedc09f4e2abb4c1126cdbfd845c441b0a3f69e0178798,DIGJAMLMTD,NSE_EQ:6136,NSE,EQ,6136
c95248d02d9693cbcb458537b15619994ca4f22288ad5e77478849772059ea3a,DEVIT,NSE_EQ:8146,NSE,EQ,8146
197a5ccfed0e26491e8a1078f88f79cd10646034d8fe3fa9674be434e2126a8e,EICHERMOT,NSE_EQ:910,NSE,EQ,910
da3ed1f6a75de6e5ed88d7b0219c0e7cb66e444ec014ad76935a9ca018a69bdb,PETRONET,NSE_EQ:11351,NSE,EQ,11351
a5840666ef5a3eba06408125c044303021cf77305baa7fbbabc9dca42ce3d1c9,JCHAC,NSE_EQ:4491,NSE,EQ,4491
9f34dc23f1119ac6467e7d05d4b5217fb2577fbd87c27129ff0121cc354e9355,BIOFILCHEM,NSE_EQ:4136,NSE,EQ,4136
67e79f6a34fb7626be4f1f171478fafe5a278c443bedc23ff88475a7107e896f,CROMPTON,NSE_EQ:17094,NSE,EQ,17094
fd8af3ae4d3f3693493664f531e9f12f6bf28c81a2199c503dfd04a6e556f16f,TNPETRO,NSE_EQ:3509,NSE,EQ,3509
5a9da52b3bd29ba5a41855436c39e7d7afafcd75deac891d830464e3eb225574,SUBROS,NSE_EQ:3324,NSE,EQ,3324
411ba7ca22c8bca1e89454eb36bf3108c5e752d8edefd1af504c26439b8be2c5,NESTLEIND,NSE_EQ:17963,NSE,EQ,17963
0903c86e2a2b3d5327421c73f5b4b6b27895de275253878208c23c2e049dd660,CERA,NSE_EQ:15039,NSE,EQ,15039
35307a1b364dd003df673a9c6ed374726de847781a2b65d838a80ac34d3b48e6,NAZARA,NSE_EQ:2987,NSE,EQ,2987
e21f68de160a650951a32c62c186c1fcf3d27b27f6c7148ba53475a43dc30423,GAIL,NSE_EQ:4717,NSE,EQ,4717
3e8433c0b5c6c90ad40e65c46deec8737ff2ae10a7086825a0d2671e5905a295,MONQ50,NSE_EQ:7422,NSE,EQ,7422
d71c3534026fde61766dd6827ba6440c1f4cfadc80ba6561a34094c9f6b2a576,APEX,NSE_EQ:21623,NSE,EQ,21623
d41d25a4da7c3f90f1b2cb534001c14d7ce3134f04acd8aaf3aa04881f4c4b36,HARDWYN,NSE_EQ:8964,NSE,EQ,8964
22470ff74b735b0fac72ecc154f7e4bf5302a9427208ab7aaf2b4c907226d8cf,ALANKIT,NSE_EQ:9921,NSE,EQ,9921
4cb808ccfeb0bc735a872909c54fff68ae58940bef76591d6da1572738874982,TVSHLTD,NSE_EQ:29008,NSE,EQ,29008
03aec6a9c8a86dc28c425bed887e85606a9a6af748c86f1097e7d29b73daa4c9,BALAJITELE,NSE_EQ:9162,NSE,EQ,9162
192be9bf8456c5b4032849b2f5a19844af711c3b890af3865fdc1d5f9b491a05,SMCGLOBAL,NSE_EQ:2320,NSE,EQ,2320
237071434e68edc18ac0160f097b2601cca3db2a8832d7652ed31b83da118e4e,KUANTUM,NSE_EQ:13870,NSE,EQ,13870
5c1c1d2a8ab745ad903d4b75021eb9d4dcc25db8a8db0b94f3669a0ff4324f1b,IGPL,NSE_EQ:14086,NSE,EQ,14086
06a011883aee7191a6263b0e54db5d272fd3a6e11278591c37602f24c32d96a3,MALLCOM,NSE_EQ:7965,NSE,EQ,7965
21b6aed85567fb3115272ab55fe6c751193347595b0dc05882420fdbddcd6e4c,IONEXCHANG,NSE_EQ:1630,NSE,EQ,1630
fc08d1ccaa1f6cf93f2f5805348cd3a6e7b83b3475c47837958e7bf44f8a3862,MARALOVER,NSE_EQ:2112,NSE,EQ,2112
c39c6a38e35223420baf849124fe84036717108aecaf9ee85e9f35942a1c6482,LTGILTBEES,NSE_EQ:17700,NSE,EQ,17700
5a7da3a801bc13f8bbe0c69d281e12ad335c6bcc46d2fe25b6bf77df6fb1d31a,HATHWAY,NSE_EQ:18154,NSE,EQ,18154
1f586ff3b02433ecd212dc3d551826f6dfe3262b6be746febc2742ce97817c0b,AXISBANK,NSE_EQ:5900,NSE,EQ,5900
9ec77388dfbc9af9d6f2c9b18013f5ae5a07180f5f214493f1d64086c2f5ce82,HNGSNGBEES,NSE_EQ:18284,NSE,EQ,18284
a9e1f9664fcfd2365ade84e499055390bedde9f036f0d78ac139427982fc5e6a,JKTYRE,NSE_EQ:14435,NSE,EQ,14435
7d2b73bc7fe77804dbdf46c05b2c84a2fe49314704749c85838d55a52abebb72,MARICO,NSE_EQ:4067,NSE,EQ,4067
49171ecec17f38de64fe2e791d514fb2f104631262b9e339b41c8ac11a99ff96,GLENMARK,NSE_EQ:7406,NSE,EQ,7406
509222d33b589c591e146f1076fdb06ad172aee26d5b69c82339878f2569883e,EIHAHOTELS,NSE_EQ:15399,NSE,EQ,15399
029253b41cdeea822b9d85db2ebe55374c97c1e15b14f3fa63dbbf901e04047e,TARMAT,NSE_EQ:14771,NSE,EQ,14771
34b6042569d4a8c9bad2cbeb132c809532b7360cda0f35820a7c515806f73044,MANALIPETC,NSE_EQ:13796,NSE,EQ,13796
c1002b85f9227a6abd050a4027b08a7a8b51e1e0fb46f9acfa5f81ce2fdf643b,SUNDRMFAST,NSE_EQ:3345,NSE,EQ,3345
8630f823c6d68912bd7bbcdf789da26dd5530d10878854bf6ccbf139ea3844c0,MFSL,NSE_EQ:2142,NSE,EQ,2142
f69b586043dcc2ee13691251b911acb9e819652b86cafc1e34ee1bce85bc2e8b,SPECIALITY,NSE_EQ:27107,NSE,EQ,27107
e446dc7514c85858ffaacbcb3a6643ef94db8a5702a189358085de24f5c6b961,PANSARI,NSE_EQ:6152,NSE,EQ,6152
986b3291a256adf41e805cc7037c5bfa3d4090f58d28e2195ae31e1fed60e4d0,PGEL,NSE_EQ:25358,NSE,EQ,25358
b4e83e25aff32ea5d95791d6fed991616418d19650f8b0c4abd2018ce4e31398,BRNL,NSE_EQ:21683,NSE,EQ,21683
4eb1b1bbe7ed3d8ad63bea18c4dfbd63baad6e74969bb8f412202ea378b442b3,CHEMFAB,NSE_EQ:2799,NSE,EQ,2799
0f6cadaa44413b26bcca999841844caf72caa909f54349941f0f6615b725c64e,KSB,NSE_EQ:1949,NSE,EQ,1949
ed67364b9d2ea30cb732690d6055b6f053f0200a66821f9da8ce988ad71fa00a,CUB,NSE_EQ:5701,NSE,EQ,5701
73ab66a033c267e00b7429bb256f6deb2734ebc4cd4ff5b564a8c9f9b2c8a719,ALPHA,NSE_EQ:7412,NSE,EQ,7412
9affff0f9bb320638137469dedc8c82d92b377b685de8ce5114de53ace499de8,WORTH,NSE_EQ:22277,NSE,EQ,22277
03be441deb4288c08e07c4ba6b6906fb80536079bec79ffa2cf29ee297f8a4c1,NAHARINDUS,NSE_EQ:13106,NSE,EQ,13106
9fc2e6f1b1485a2ff058746058e3ba809200f9439efe02985727dff8a1f4ffb2,IFBAGRO,NSE_EQ:1482,NSE,EQ,1482
3aa6822810eee0889551767ffe11d600f4c0bbbee2047db741e2fdb35d1e8af0,MEGASTAR,NSE_EQ:8153,NSE,EQ,8153
67e3e90ef61aaee39e060030f1c2d02e523cb56561afd7717b81da8b05625b5d,MAHEPC,NSE_EQ:17605,NSE,EQ,17605
222d95d504f8506eb33d2a88f91b0fc2f0d1b815c74793ffd8eb3658cb3d425c,PATINTLOG,NSE_EQ:15219,NSE,EQ,15219
b5c7e45841e9cb3e037ec4a8149d4e0a94d8f754f496e663b397437049142503,NIRAJ,NSE_EQ:255,NSE,EQ,255
83bdbbaf5709828f9732ea616efea8b8970e43f889f79ed3db8656999efd0da6,VARROC,NSE_EQ:3857,NSE,EQ,3857
da4cd299e5e39f0b8a3fb25428ba547edb6c1cef1c3e885b55400f22eea59faa,IRCON,NSE_EQ:4986,NSE,EQ,4986
b315daca43fb0321e27674993a5d1cf239a3b975e01dabed9b5dc0a750ad9b18,GSEC5IETF,NSE_EQ:8342,NSE,EQ,8342
fa87f46adc397d30b9c24affb9a619be058910943baa14e0e6a8b1fba5298474,BBOX,NSE_EQ:3435,NSE,EQ,3435
b38ab3b7d286da870f696d7da8e819993f558deb3968aea8971308ea9b42193f,CUPID,NSE_EQ:18520,NSE,EQ,18520
04ad1a53bc9570b11616b417b36797f6ffbf459c4544c22e5fab98a0e80239a0,INDOTHAI,NSE_EQ:25612,NSE,EQ,25612
f39da3024d2d0a340544c81f393a27ab6275936ec7f928533fe1490034dfb408,EVERESTIND,NSE_EQ:6017,NSE,EQ,6017
8fc611131da1ded1f4144dee257c8fb18aad3b645d3a39a0cb9a322c93632aba,WILLAMAGOR,NSE_EQ:3772,NSE,EQ,3772
232765f45b605eabdd9cd8d817fc11cdb328a362f601d04ef7b8d4fbaa1a59cd,APTECHT,NSE_EQ:10755,NSE,EQ,10755
a02a5a7a8f2c2452c7f3de101583b81c57a4f0c9e3bdc5657976c7b831b43cd2,MAKEINDIA,NSE_EQ:7979,NSE,EQ,7979
6179ed0bd7d8b02e259e0406bdc4405d6fe0385c7f75801dc503cef68bdfee3c,RAMANEWS,NSE_EQ:13569,NSE,EQ,13569
fdce84212470d590039cdd79df4975410965b75cd994b779d5658a4ea47d1d66,DEEPAKFERT,NSE_EQ:827,NSE,EQ,827
93d9335ae003d9434c21128879580a6dfd8d234ff653d4f0a7f7d7ab048f3fed,INDSWFTLTD,NSE_EQ:11605,NSE,EQ,11605
c5d55e3cdb69979f0f7e253df47302059f629aa8df6c62ecd11247c2e122a807,IMFA,NSE_EQ:19235,NSE,EQ,19235
267b30dbc857220670e1af7386f4c597f220a71d85be63a52f18820f19165858,EIMCOELECO,NSE_EQ:4040,NSE,EQ,4040
f2e1691c18a32570f79500af4b70d9e05d4a1d952d39cbe9d635f31b335213b0,CELEBRITY,NSE_EQ:13162,NSE,EQ,13162
5ff0755b097490c1a173c4a2d1c8ef6f333d2e5ad4a50b94cfc08ec2a89d1ae0,MUTHOOTCAP,NSE_EQ:10415,NSE,EQ,10415
5ea367f1556f745c07a8668b8e62883161729f60d37a5d1fcb65e0e2819875ec,MANGALAM,NSE_EQ:11817,NSE,EQ,11817
21ee3f221be6f40e2c85042cd120189dc671202623c69dfb1b9059dbcb4d0544,CARBORUNIV,NSE_EQ:595,NSE,EQ,595
929a59194ff6868dfe0f65b594d53c7d2d7083d4e669801114e6e01f7a6ed79f,UNIENTER,NSE_EQ:11293,NSE,EQ,11293
ee3e4ef940712a7b15f075e878f6ea7110cc8c739b737b3df9c348e54f7c833d,GOLDIAM,NSE_EQ:11971,NSE,EQ,11971
5e23e9b74c9b277b9350a2aba14f2e4d9aea8717b20c126ab1e0226fa08a26cc,FIBERWEB,NSE_EQ:8159,NSE,EQ,8159
fd13208dc78061b8ec9c9852a1adbca2b8374f75c9c740bdb0894db96f998057,ATFL,NSE_EQ:1663,NSE,EQ,1663
6f0d8b2f8d28c90a9adb9efb9aead697846d8caa0611a5060845d3de1a5abe17,THEMISMED,NSE_EQ:14485,NSE,EQ,14485
9b9bbc3cafe05d12957f4b7b3f58a7fc38fbbeca688893c628df55410a6c7284,BLISSGVS,NSE_EQ:19265,NSE,EQ,19265
147d40e69daa14b91a5ffa949567282a33f95bf6f2a97e064d4161837c4e37b3,INFOMEDIA,NSE_EQ:13694,NSE,EQ,13694
01eec6648c7ea9ee3bf3600e1432656a4de3e76cede0c8a6700448000d871434,GTL,NSE_EQ:1162,NSE,EQ,1162
e8b96564cb0804e52f0bc16383a77e9b35486ab53653626c8c89edd3a7b74774,DELTACORP,NSE_EQ:15044,NSE,EQ,15044
7639f187b4620edd9d26028b683c0f8b0024743c841689acb29eb97af13dd6e6,DOLATALGO,NSE_EQ:12124,NSE,EQ,12124
4bbba4c32a138771f18e0041e1c6eec883a5b07f0a8be164f62e4b53c0f02280,TRITURBINE,NSE_EQ:25584,NSE,EQ,25584
e1a6c9909305642df604997418f5cf8ae80dcc4050b45cd9c2675cf1938ffb52,BASML,NSE_EQ:12034,NSE,EQ,12034
87f836bdf43f32fec8591ff6b2c961ffd62b1382edb0adafa3fc272ebd526938,HDFCGOLD,NSE_EQ:19543,NSE,EQ,19543
a7d0ab77091f13296455a6ede75c95d9e804a4382ab054056f5e8269566410be,RADAAN,NSE_EQ:11268,NSE,EQ,11268
05c3c66a7074e1f2c182230a4cdc5a84c6f6fb7aa8d5b253fcb9ca0f8b98ffcc,KITEX,NSE_EQ:28903,NSE,EQ,28903
8b4709290e425e2c089e370b78a169d66e56d8fb8a082e1774f987b9f56a02fe,RAJRILTD,NSE_EQ:8428,NSE,EQ,8428
7aa443866d7eebc63a0842dc1f946a54ab9913a32082e2c06d8da0003f4411e6,ADL,NSE_EQ:245,NSE,EQ,245
f00f267f8bf12d1f14e215a9836fda8a44fa7982692f161edce68aacf56cc41f,CHENNPETRO,NSE_EQ:2049,NSE,EQ,2049
6c991cd038c143dde1049321dcaccdf00d3fdfef765b20b8a7ad9b03e71308ec,MAHLOG,NSE_EQ:385,NSE,EQ,385
da722e289b5fd71bd597af8c7677052d3c1339798dd546257f0a2f1571ec46d7,GMRAIRPORT,NSE_EQ:13528,NSE,EQ,13528
497ceb32614d3f5ba1d7252e015859f839bd13bdd1a57240e00a516eabb6e92b,VSTIND,NSE_EQ:3724,NSE,EQ,3724
fdcad436c39f2e03ca9c70624558d6c90658702d922fcad866f20e43a558640e,SANGAMIND,NSE_EQ:4184,NSE,EQ,4184
da9b11cb116e26ee3e71ba2d571b22940bfde27bd7763108ab90b593abf22361,BESTAGRO,NSE_EQ:2311,NSE,EQ,2311
deecd2601f01f9307bf09a8ac620320341b37fa4654f7960c17f7774a10b806c,RTNINDIA,NSE_EQ:27297,NSE,EQ,27297
ed2bc21b2f69577c9a38d83b22d130f03767647969e4c5c81c9827a5962f9fda,ACCURACY,NSE_EQ:1465,NSE,EQ,1465
799a3d719becbdd76f623f673db7a7d3a239867530663607248bb78adca9169e,SABEVENTS,NSE_EQ:18501,NSE,EQ,18501
6c4a27eef3a960504099e1d8459761e376ae1117bd76ea4b647077239582018d,BIRLACABLE,NSE_EQ:477,NSE,EQ,477
a52b48ab507eb0b6dbcbc8140f8992e2b015f1e954bf2c78bb9f4cea58eb366f,ASIANTILES,NSE_EQ:14889,NSE,EQ,14889
4a14e599c2e85d31d187fd5d26d254b1e930ce2b17b3d2caa0167ef2c967b520,UNIVASTU,NSE_EQ:18979,NSE,EQ,18979
900706a642b3e4f5d5fe101906a64866be480713f195b4df8b7f4d42e9424b32,OILCOUNTUB,NSE_EQ:2472,NSE,EQ,2472
44c77266af3d8c01f44903bc75686bf2bb381d200cfad01f61c4441817317d22,DENORA,NSE_EQ:4279,NSE,EQ,4279
316094cdd2672dbec588400986e94c52225c42419d536c2d114912f8d593d7b6,SPLIL,NSE_EQ:11935,NSE,EQ,11935
e84bc80cb28179e1666bdcaac1aeef587452ee45204b17e4065f360f7f86a6a0,BBTC,NSE_EQ:380,NSE,EQ,380
40ea0a8fe1754bffe3b426b67ba7e4dad2b8c6bdf78bbe3831cde4c0e78db11b,INGERRAND,NSE_EQ:1597,NSE,EQ,1597
b6e8ce12df15380872e25fdbc62e7368e42a7575bdc469f3e5df0dc99e9b25af,GANGESSECU,NSE_EQ:21399,NSE,EQ,21399
1f84dbd188d51dbeebe21e37849fc5cccb08cf0b2f5bdb161d66457b892ff098,PENINLAND,NSE_EQ:5358,NSE,EQ,5358
6384940ed1b6838381bb14646f9538b55f5cafb7d71bcd715a7b23572cd8a9c6,MOTOGENFIN,NSE_EQ:2268,NSE,EQ,2268
3b67422d267c147175fdcae660db5041e638d1eb3fe8faee63d57608c04f5179,KIMS,NSE_EQ:4847,NSE,EQ,4847
f022b527588bd9529222c38133cdd4bc738002c72dc445fa438f46b1efc9e3c5,RATEGAIN,NSE_EQ:7177,NSE,EQ,7177
8faa06aa906c530f92ed915c6b3c5d3338a03905b2781da20c9262d744be4861,GUJGASLTD,NSE_EQ:10599,NSE,EQ,10599
39f3a4cef7b45cd49b3aed0e3322faf5d724fd218852a0b238066ee53075197f,DHUNINV,NSE_EQ:22233,NSE,EQ,22233
c224d46361666fb6d11eb2ba0ada9fa4e9469cbb7663a3fb29f238b521da5c49,KELLTONTEC,NSE_EQ:13430,NSE,EQ,13430
9c2bb20263b29bbb15da837afedba3d3c7113fa917e48cbf47703bc500b413e7,BATAINDIA,NSE_EQ:371,NSE,EQ,371
7cb391614a44231fa78673d9b9af0a76341228169f7cce991e34eed0650b7f18,AUTOIETF,NSE_EQ:7844,NSE,EQ,7844
21af5fbc33be7ab17f8d46e9f1fdde42186861eb658a1db9abd7b09109325e07,LOKESHMACH,NSE_EQ:13439,NSE,EQ,13439
5d1d624b516b67f96e7c9e7f00f0b0184a1ed6e546970cad8497ffdd00ea42e6,LPDC,NSE_EQ:16867,NSE,EQ,16867
43989265741c81fb9fdc1cc3af7c430fee1b524bf7709d4af9005852dedce277,MBAPL,NSE_EQ:12686,NSE,EQ,12686
f81ca17999366dff897e0d5a84bd4e0c50e26ca6d9657635e897f89f5b5e8894,TORNTPHARM,NSE_EQ:3518,NSE,EQ,3518
b0414633d9b53cede7ade7ef6575d572a48b30a0d513843525ad5cdfbe4026a7,ARVIND,NSE_EQ:193,NSE,EQ,193
80a1334ad2be8532fc1c7b5dd49aec70f4133838c6ca3d27bb88da6aa63839f0,KRSNAA,NSE_EQ:5359,NSE,EQ,5359
4a4556a835a36285ca5567442a8f298b4cb1e7c0433fd66f94993de2c27bfeb1,RESPONIND,NSE_EQ:20323,NSE,EQ,20323
53ffda0f71ef3e73ef49602863dd8c80938c9ad2b8a953ebeb020159f153b2b5,BSE500IETF,NSE_EQ:3001,NSE,EQ,3001
359ad9d3a0f1fa392ec8bf4ab0a5e47ece149d7a84b2fc2ce0adb5443b255d0e,THEINVEST,NSE_EQ:21427,NSE,EQ,21427
a4da8083f1bc27711a4cb52f0190944e41bf5b245324c05c5eeadc6f9c40ad36,GANECOS,NSE_EQ:6944,NSE,EQ,6944
71de45ad1f93da108790cd33fe3e38cca16483e6412061d35118d7aacaded2d6,TIJARIA,NSE_EQ:25486,NSE,EQ,25486
8dd1605b429f3caa3e083d70988d5f2a8322e9a0a63b26fb4ceb7c1d83b9000c,RBL,NSE_EQ:16745,NSE,EQ,16745
82e7c32542924fd5a2cb21d3175442946d081d3a5615f165383cc24eeaa3ed77,MUNJALSHOW,NSE_EQ:2307,NSE,EQ,2307
4f94ba18a3baa5247af4ee637958840d01ad9ffc1f4aec985be5340d9de2ccbd,YESBANK,NSE_EQ:11915,NSE,EQ,11915
20346b09ebd77ce10b0e2353197caf4ac1e793220dc5ef684e13db76ef7098d7,BEARDSELL,NSE_EQ:17933,NSE,EQ,17933
d6ec812c3f8521199b7712bbfb8b71b3e00106db20085a0d5c0047cb68ae61dc,COFORGE,NSE_EQ:11543,NSE,EQ,11543
4c7a870d1454533d13cc23a2d24c688e107a2f62f00631efe7fd219378f855ff,SHYAMCENT,NSE_EQ:10188,NSE,EQ,10188
293951ec8612b7aa36144323a9483ac707088889188253a60a344efe41650e46,TAJGVK,NSE_EQ:9354,NSE,EQ,9354
8ef7cf9ab166e9e212f5de9508e271a1139ac1a356b2d6d9eeb09f94c98ec942,SBCL,NSE_EQ:4656,NSE,EQ,4656
4c70c7df6e9c6a213a5881413b6796ce87bd3674d8700bd96cb2561d0053b465,THYROCARE,NSE_EQ:17032,NSE,EQ,17032
aeea2661a35bc0afb10e9b06c5985250b847b7566fa20fe443c96a5e9c18f709,AWHCL,NSE_EQ:1797,NSE,EQ,1797
6fa78c49c1f91149eb934e5bb70d51891ef3ac529691c9035aba493a56066742,MUTHOOTFIN,NSE_EQ:23650,NSE,EQ,23650
a0c50fe037e422458461fc260eca3dd37b1fc53568fb8d987dd2627510d30968,ARIHANTSUP,NSE_EQ:20159,NSE,EQ,20159
d2a41e659af66076a5c46f75ade1e67d342e4a6e9b2a629d78b4f4d33f1aa669,RHIM,NSE_EQ:31163,NSE,EQ,31163
2f23e3a1974188e1d7298c09664b18d18c069e78666bc50d52eb22fdf0b02440,HERITGFOOD,NSE_EQ:4598,NSE,EQ,4598
5d5e96f7b092eedd60d14967dff8ed914588752a585f068463ee3c34edfc5a1a,OCCL,NSE_EQ:12231,NSE,EQ,12231
4f86f2f79e1f5b9961920b8eb25599eacb661adfbc5326eb48b38b3065c8481a,ITIETF,NSE_EQ:22365,NSE,EQ,22365
cb4bbac4effc3d074c82593fa498b9a0da7600d9c61e976a396a93cb51c704f6,AMBER,NSE_EQ:1185,NSE,EQ,1185
8deca67e46756193d14d58a02341a931137b08c5f6932b7dc851bdf3da28b818,NAHARCAP,NSE_EQ:15360,NSE,EQ,15360
724f4cea0b8056bd04b4b0be632acfd3013a521c474bac0a88b80f25220a1acd,JTEKTINDIA,NSE_EQ:3237,NSE,EQ,3237
8bc40b100f0610fed7cfd3eb2adbed66838642a962f240ae81c44529638b4496,CCCL,NSE_EQ:14996,NSE,EQ,14996
fcbac5947726a989d8c7f64d5ee5d71afc0d9e679d648b38a575db4e379a0434,BANARISUG,NSE_EQ:350,NSE,EQ,350
bc075b6d4b1c2a6ba3e29aeb98d000f3a4f63173810299fdc3db27d6438597ce,ZUARI,NSE_EQ:29050,NSE,EQ,29050
1ce42482b850900de32634931ffae5a0653840c76ccf689c1c8bcc38eac091d8,GREENLAM,NSE_EQ:6848,NSE,EQ,6848
edccba711eb7e4f20c7afacbab7ff2217af7f4b2f3255071e619f5c0c43e4810,PROPEQUITY,NSE_EQ:8735,NSE,EQ,8735
707668060b139ebfcd5b492150a1ea5db241cbc867724469fa33a6b0ed0b047f,SRHHYPOLTD,NSE_EQ:14582,NSE,EQ,14582
82be0fc8e0a7bdde6a272a08aeae6ac25924559ef21db77a2cb62324407845a8,UTIBANKETF,NSE_EQ:22440,NSE,EQ,22440
961139aa8f2b02c45116049642efda8f329cadd767ea68c71dd0ca1261633625,LICMFGOLD,NSE_EQ:25640,NSE,EQ,25640
0073157857e97a33a747ff2ad4c545c23f70ce5754dc632ec90bc958a624ce9d,INDIANB,NSE_EQ:14309,NSE,EQ,14309
08bb962ac96ba4a9e6a8c396480e6a6e146e888ec88281383c8167cadac6819a,CROWN,NSE_EQ:8083,NSE,EQ,8083
c52041d64cacc72116aaa44aed8239eb08ed76bf34cb5201517cff945555ff85,TNPL,NSE_EQ:3980,NSE,EQ,3980
d5fe2baae363cf009a983a120319debba77736b39cfd368057150e4886485673,JSL,NSE_EQ:11236,NSE,EQ,11236
dc94e8d9f57924575ba459feb606292b8eef14c627c90a58e0c1d29aa5ec1783,STYLAMIND,NSE_EQ:5186,NSE,EQ,5186
b942063eaced3e42909abeded97ab8f281d280a2070e9981e1a2b877986c709e,NAHARPOLY,NSE_EQ:14445,NSE,EQ,14445
e1a474c3c78e2b06131ef00fe460a5f7c1d4d645f62c510b9a1b626829c41949,OAL,NSE_EQ:10768,NSE,EQ,10768
2e04ed3d9f54bd1e501afb7659052237b3f11c9980873ed86cb1b3ede919eff4,JINDALPOLY,NSE_EQ:1756,NSE,EQ,1756
823eb4364eb358f04d569785a680b50f9741e7998bf4153ade5b469ef72713d2,JAYAGROGN,NSE_EQ:4041,NSE,EQ,4041
e02ab9994977662af1cceae15df102b177e22079e2f935bc3e00781ac2add55c,APLAPOLLO,NSE_EQ:25780,NSE,EQ,25780
00be5a84d4dff341c2a441c7d1142a548b4d92251a13be3ca8bf5408fbaffe58,SOLARA,NSE_EQ:3672,NSE,EQ,3672
2d157ede8c98584cc81b2410bdda172506fbba226d9d5250a46c456f0cdfbeb8,NKIND,NSE_EQ:9409,NSE,EQ,9409
d0be3187545d9dce8a2a9235312d1af4aeb26962486626c113cf5adb903b98a8,GRAVITA,NSE_EQ:20534,NSE,EQ,20534
f7ca06d08042c3c788778a950f81bfb7cc4cbbabf7b00749b875330bf0fbe674,BRITANNIA,NSE_EQ:547,NSE,EQ,547
823fd817c2327990caf8d41f55097f1db6993a5811d813eb0ebd729bdcc387d3,20MICRONS,NSE_EQ:16921,NSE,EQ,16921
f86ece630e6cf1950e4dbd236eb682d8a9cd1cdcf25965924d5d37af041ee95a,ERIS,NSE_EQ:21154,NSE,EQ,21154
901a6dbb9f97c74007595dc1901290775e1529ae3f8d9a5640bbe91c4bf41c93,NH,NSE_EQ:11840,NSE,EQ,11840
5986c76df248aae5f506964b2e233851eddc67d7d87e1009656bba51dd8f424b,GOKUL,NSE_EQ:16705,NSE,EQ,16705
593f5727eb8f4d641da4450c957bd60e37ac2ab03bf3f8ebac3ae06239ce73e9,IOB,NSE_EQ:9348,NSE,EQ,9348
fc9136d7b4b1f71f6f03d0f5a8e8ccd064c5de11dee869bb160f91f6abfeddf8,JINDALSAW,NSE_EQ:3024,NSE,EQ,3024
f7f02f1e0645da514f785f05d4e6ba1b4cfc802b1a142a7575621c8e7c3ba527,CENTRALBK,NSE_EQ:14894,NSE,EQ,14894
7ca4d386397c5d9bc79dcf22d4e64cbf5749582c8a9395f12f3de3b27699c575,VSTTILLERS,NSE_EQ:24292,NSE,EQ,24292
ca4b388dc64e2cceec663317ea7b41f85b062939b3edd7b21dba0a48e4962d2b,CENTUM,NSE_EQ:14982,NSE,EQ,14982
7756f089fe72bcc71b8b868cae79120f526ac363e1d651b3c1814dd6debbad06,LGBBROSLTD,NSE_EQ:18321,NSE,EQ,18321
5a4750649c117fe636b06fd6b543244329ff3bb9e95130ca19cf30643bd6cf94,SILLYMONKS,NSE_EQ:19097,NSE,EQ,19097
703ddf47453278a7690ee4272f4fbb62976ca49b742528e11b2aa371073c8540,SAGARDEEP,NSE_EQ:8175,NSE,EQ,8175
42e547cc59d28a25ba485dddb57ae18ddc0ab4c2b9a9eb8d4ada6447500de654,ICEMAKE,NSE_EQ:489,NSE,EQ,489
d532e0cd3cc18435445a1c9955ad024ca211e48c17e4080a35bd4f20d20b5f84,WELSPUNLIV,NSE_EQ:11253,NSE,EQ,11253
dfa3ba831f5f1858f93c0af3009f4e91dc610eba6a2a9e108ade778034d5ff94,KKCL,NSE_EQ:13381,NSE,EQ,13381
7983f82450ec0cec7a2444b98ad22296418647d939ecfbe814805879aa1034c5,HDFCNIFBAN,NSE_EQ:22433,NSE,EQ,22433
8eb1dd4deb9bfaf79b4d2b78c0873478234119fc7abf893a1adcbc79675f419b,CHALET,NSE_EQ:8546,NSE,EQ,8546
96b5ca09f69ed03c66e31fa4f028e5ff51c9585c1bde8172d7249d63f33e2316,NUVOCO,NSE_EQ:5426,NSE,EQ,5426
fdec72f0429060853d5a37d129dcb9f7128d3be379fd2ef4d7a97391c58ae458,ICDSLTD,NSE_EQ:9610,NSE,EQ,9610
305a8251c521fc02a8b29b2c8683bc07c827e0fb6339e74fc30d6c25752706aa,WELENT,NSE_EQ:11626,NSE,EQ,11626
067f1f8630b41264965c69c3bbae2715b0a8b4f00e4c9813b9d9194a741827c3,GANGAFORGE,NSE_EQ:4957,NSE,EQ,4957
cf0de93894e27c73589d4b9df14e28225623dcff553296eb12ad09025e9a5d51,WINDLAS,NSE_EQ:5366,NSE,EQ,5366
49cb1599697c55447defae910181ea44576a12b74764e4b31b77c41a2700fe05,KPIGREEN,NSE_EQ:5108,NSE,EQ,5108
9040a380d97894cc8aec82d8ce9aa683dcd60c76483b474814a5882541d84b10,SERVOTECH,NSE_EQ:5507,NSE,EQ,5507
98aedbf9a22c0fe0e87793911c982e1f0c6651823e4e0ac8190756945b48e036,GHCL,NSE_EQ:1127,NSE,EQ,1127
c3a6ff3683f8d2365b6e0c8a49f4833df83c01606b7645141592520b63b23978,KANPRPLA,NSE_EQ:1782,NSE,EQ,1782
44cec0d5cc48157b1ea05b4d18cc76ee06c22b95b7fc8ebbffd711603ff7c097,SUPREMEIND,NSE_EQ:3363,NSE,EQ,3363
6be4a5aa78682f283632db56925f6bc802dddf5270c88cee2d937a8324648347,NOIDATOLL,NSE_EQ:11214,NSE,EQ,11214
315d25b027e6b3086dc30f842098b2f9a7f3d78aa0013f83ab3fdf003cc8d13d,LICNETFN50,NSE_EQ:11319,NSE,EQ,11319
71ad763a3fb46cf9f6242c73c30b52623c726fc006d83639292e4c0dcb849f15,RANEHOLDIN,NSE_EQ:2844,NSE,EQ,2844
f415bf7b07a9b2c07029144aafb3c59d0187682ecd2b8c8ac911e742a38a5f36,IT,NSE_EQ:2627,NSE,EQ,2627
b23a0516072fa306991c45880a7d26e15311f6abb91bc524dcec51395c12016b,KHAITANLTD,NSE_EQ:3912,NSE,EQ,3912
cf864b002ffc16f21ea24bb2e1728324c4096d4c133b3a28d51e1357e14c01a4,BALKRISIND,NSE_EQ:335,NSE,EQ,335
8430657f97a2cc55ffca44978fffe0537b0e4474850e83193c07d438352ee2ec,ZODIAC,NSE_EQ:7129,NSE,EQ,7129
b7f4e8a07910b53716d0a5f0a754fc4e8778ded63e547e82f2fe50c353fc204c,PATELENG,NSE_EQ:11699,NSE,EQ,11699
fe280bb55cfc0dfd7d177e0fb98d6205c614ae9e664c1cefe31b3a0e91a94898,V2RETAIL,NSE_EQ:14770,NSE,EQ,14770
f97fe8ccd6f2f40538461b66fb58610fc7dd65a531ded2933180d9c0a313b65b,360ONE,NSE_EQ:13061,NSE,EQ,13061
80e2b97b483275b53bb5389cc4a9875bff12adba4d582ac875acd47db8619b62,PDSL,NSE_EQ:5264,NSE,EQ,5264
50e99d44ea88c1332d74eb652034c11f4c7b8e3f5e503b3bdfc99813c23d3dbb,GENESYS,NSE_EQ:10905,NSE,EQ,10905
093237038d41c6f212804afc05225a5ae4c3e0238be13e085a97f63fe41a1437,HUHTAMAKI,NSE_EQ:2562,NSE,EQ,2562
74e866bb2cb2bfe0da531a2022659e794db1a8f60edc83d563a9d93792571a88,SALSTEEL,NSE_EQ:11634,NSE,EQ,11634
cd680e6470afb1e043d65acdd12d0d45e271718c93d260b3ed8cd70f03c052dd,CANTABIL,NSE_EQ:20160,NSE,EQ,20160
cba41f8e973370e2ba19fca678d99b06f5410794e65c0ced40f7effab9a7c1d0,APLLTD,NSE_EQ:25328,NSE,EQ,25328
3acc79d70db3a1f8b2435052a97c8bd8bbdc9ae1f659efc7503fa56520e7eb39,SELAN,NSE_EQ:13598,NSE,EQ,13598
10fd3f40c43195985b6504cb894b6aabd8ac36b9ded12fe49c0ed47a38210d36,ZEEL,NSE_EQ:3812,NSE,EQ,3812
31d84dc259f52aff5b97a56d44b108b8e1eb1e4297130da35a196bee3b1656f1,HIL,NSE_EQ:1455,NSE,EQ,1455
8c6c4a528d80ccec759b82d5c2d1e8be233ad846f3888b6a6f5858b62b9893b2,MARKSANS,NSE_EQ:10579,NSE,EQ,10579
bed836225e23644838c9d49ad702d1ba3676bc8495cb5b6d16a282fef5162607,EDELWEISS,NSE_EQ:15119,NSE,EQ,15119
9b6c263e8797a0963178bcd94435870ce34ecc0a035f1c768b215d05074f1caa,MOIL,NSE_EQ:20830,NSE,EQ,20830
df1f04641f143cff5e617a73466f692d2633bbfc91e4cbbeab26c7f672e6a091,UTINIFTETF,NSE_EQ:10511,NSE,EQ,10511
c00bde8a940bb3027bd0035d7a2f3abf66ed40bdc0e5b5184a3f0b2ea3abb27f,KRBL,NSE_EQ:10577,NSE,EQ,10577
0e6f6b520a788e786404e417587ba89f2bfd5e7c009a5762ebc604a72478fec1,SPANDANA,NSE_EQ:11435,NSE,EQ,11435
bb0151cd384f31b7a7ac43dddd982ce658e280e1f19397be0c31e7b3b368827c,AXISCETF,NSE_EQ:5732,NSE,EQ,5732
cf07aef148904d7d4b3155e01ce7309b4e884f9d338ebbb8608d4a774996c69a,SUULD,NSE_EQ:28646,NSE,EQ,28646
8acd68ed1a58e5665cc78d69425d534da8dd2ec7cb92cf7544c4c6e41718a7da,GSFC,NSE_EQ:1247,NSE,EQ,1247
84ae278f1b96a1fd091abf5bad454ef6e79d4d674a0940a30c538008510e6486,ZUARIIND,NSE_EQ:3827,NSE,EQ,3827
46bc5375d02ec2eacc652938ab64fe3fe8fa2f659e8ceef53656370f85870787,SPARC,NSE_EQ:14788,NSE,EQ,14788
c625500d307fd7eca14a969f6029224e81b36baa2c683d17279c8c4726cba31b,KAVVERITEL,NSE_EQ:15248,NSE,EQ,15248
3f6e09acd5357cadc66c7e8d1f6fb115941247cacd016901362dac6caef59feb,AUSOMENT,NSE_EQ:4037,NSE,EQ,4037
61c5165e99470b00a6c5a2e1b6642719ab309e537a0f38bceda837e7b21dc90a,MUKTAARTS,NSE_EQ:8687,NSE,EQ,8687
0523acdb78828130df98b2a59dc350ce868720a3b7b6bdc1381170cdc7c50d65,LICNFNHGP,NSE_EQ:15229,NSE,EQ,15229
91aa1639568efe9f87a54017b2ec5b3938bd4b16b49aadbcb22066e266fc7822,CUMMINSIND,NSE_EQ:1901,NSE,EQ,1901
35c5d42580bf04401fa5ea6fb35effe38d6c63737a2c134024726a4315ae0add,ALPA,NSE_EQ:14848,NSE,EQ,14848
0fd5dbd2921cc7dcdfcc37ba8745e215c0704238a6980765e78f5c30f071be29,SUNTECK,NSE_EQ:17641,NSE,EQ,17641
b6f1041e56a70d2457e9dd7dfd27d00c79f5dd1e98c71a2f6c0b0126f4ff33ef,MAFANG,NSE_EQ:3507,NSE,EQ,3507
8a7106034b5b2ff8935fdbd51b347ef81209a74dc94e1509e2a3aec466398438,ALKYLAMINE,NSE_EQ:4487,NSE,EQ,4487
d55a1e2dcc1ddc30e9fecea6d3cad68bdcfeb1301515bc0213bb62898cd19770,TVTODAY,NSE_EQ:11275,NSE,EQ,11275
69ec837071206aca2fffc5bbbad5e61df59a7467c549f8c43ba2b81976d3982b,SURYALAXMI,NSE_EQ:11852,NSE,EQ,11852
bc8dcb55640259926ad215ba45f79e7b131ad6355086198e6d2e0605da4f6029,BALPHARMA,NSE_EQ:13441,NSE,EQ,13441
eb4ddc77d64d6f6acd0079d4edd74d06fa16856f95a74778b62905cd80760ea4,MBLINFRA,NSE_EQ:18029,NSE,EQ,18029
b6b97644a81545df6eddc44d70e97dbe5a2a964b970ae8eb7436eb0bdca2b6fe,SYNGENE,NSE_EQ:10243,NSE,EQ,10243
761b24a468d8c92b0d7f1cdefbaa0f8c2163f395a3f6fb76c68da1107be62ce0,SREEL,NSE_EQ:31837,NSE,EQ,31837
4ac38462d652ff1e943342024570db307e2d24b1d6cbe6ca4bb3986a6ce45593,HDFCLIFE,NSE_EQ:467,NSE,EQ,467
ff812aaea662c8a813e4579159f1656bae882bbdfb0e66c332e6493e1a61ab68,TRIDENT,NSE_EQ:9685,NSE,EQ,9685
e4e69196547ea57a957fa8cbd54c471950339b073b95e8b3b9776c139c8ef5f8,KANANIIND,NSE_EQ:25786,NSE,EQ,25786
9ca77392d31d3eeb6c9768a3251c795de63d81603e03b36389d763fd73a157db,PLASTIBLEN,NSE_EQ:13920,NSE,EQ,13920
db6cabbffe25dab772ed3572cf4d07eda2261ec5c246571102fb2ac5232efba4,ZENITHEXPO,NSE_EQ:8802,NSE,EQ,8802
beee792717c0a472daca2ad138215944cb56424a2d8d4568c050cee61edb54d6,DOLLAR,NSE_EQ:20560,NSE,EQ,20560
d89736af642a3b221f7ad2734111674b660f5f37490a153c2fb8f54a50095389,HOVS,NSE_EQ:13592,NSE,EQ,13592
55a715e1f4aac2f8a39613de8a3aee1e8ff963713cb48cfda153e56140f13cf9,NRBBEARING,NSE_EQ:7553,NSE,EQ,7553
7f0d6a5fee0ea0f2275033b157250fdd14c6cb7c60d2368b27f910b9f06ae252,MANORG,NSE_EQ:6422,NSE,EQ,6422
9cc73e85801378485631828c44b708e3564a6a93c941f2c4ceecb21614c57ad7,PALASHSECU,NSE_EQ:21383,NSE,EQ,21383
ec9c64923e30cf2799e1010be61e8e433631dc42b3f9ab9bc196e6f44dcd889a,VOLTAS,NSE_EQ:3718,NSE,EQ,3718
d793d7c919649c24de54c4bb9a03a812047a24a1d60ba714d327afe868946df0,AFFLE,NSE_EQ:11343,NSE,EQ,11343
29c3cff39888a8acf506dcdb8568dacec047f671fc0c22e4f091e7e66b1368bb,OFSS,NSE_EQ:10738,NSE,EQ,10738
22fcd62c00aafff23eceb7b21567c52db8b23c2b5bef2e31a1b5de715dce74d2,INDHOTEL,NSE_EQ:1512,NSE,EQ,1512
68b43f4c14af90e8446eae0892e5a7f7e0b01537780feead25de825db3b5366c,MEDICAMEQ,NSE_EQ:6278,NSE,EQ,6278
8164c45779830efc4f8c30893535364f18585c027dec11844cfe1233e1f3561f,ISGEC,NSE_EQ:3329,NSE,EQ,3329
308e6000aeeeee3758465f79bbfe53e3f6f09730650a49b4365f5d5306c8a213,TITAN,NSE_EQ:3506,NSE,EQ,3506
0d3d8e44743fdd1fc6a5f51fc1565501094389432eb93062380e683474f798b3,TATAINVEST,NSE_EQ:1621,NSE,EQ,1621
199bfba2c68d80ffa5d2942543266f3e3cb0826a3efae1a1e522217889ad1e11,EXXARO,NSE_EQ:5352,NSE,EQ,5352
6027bf3df20e503aac2f6c1ab30d9d0315966d7a1f2782bde715991ee1f6caa1,INDRAMEDCO,NSE_EQ:4751,NSE,EQ,4751
ce1c1925e4058fccbe9a378ae11179e2cf05f0b80e4f2a89c3b8c1c93773a5f6,MHLXMIRU,NSE_EQ:7889,NSE,EQ,7889
cd8ab6a58a9d6d2e2812f137dbfc37ff40755432adb3765a29478a5e67195c40,SBICARD,NSE_EQ:17971,NSE,EQ,17971
8b97b2853859909c442014cddc95a386bb550e125b75c78a195c245ac2423485,WABAG,NSE_EQ:20188,NSE,EQ,20188
67da4587de8bf82d3e155a09c443b339cccef6672e157f9d07454d98becdd7a6,DISHTV,NSE_EQ:14537,NSE,EQ,14537
5ba593b553669b2e41fa0864a87c872443ee58ae0ea88da828ab9150126bd819,REPRO,NSE_EQ:13126,NSE,EQ,13126
76a029d0fcc50579952adc2ec24044f193dced849a394641e9f3d7550b64040d,TREEHOUSE,NSE_EQ:25082,NSE,EQ,25082
3402f37c113b5b702d3aaf9e0299a2c485c326374459e5fb496e2f2aa8f9ddbe,GANDHITUBE,NSE_EQ:14116,NSE,EQ,14116
609498b8ee1706e48d39585833f8fac8d31645b27a119c2861b8b0d761f194e5,SIKKO,NSE_EQ:6218,NSE,EQ,6218
9bfe00c50972d93572dce3850c2f1833718b5a5dabbccefba89795b27678edcb,HIMATSEIDE,NSE_EQ:1360,NSE,EQ,1360
f88d533a7a47a3615dfb203dabf30a0fa30219ea05085b69d048233bfa536aef,PNB,NSE_EQ:10666,NSE,EQ,10666
0720585b2313f746069972c0aa128555b4a36de463cc0ec81ed27e8e5f9ed90f,CENTRUM,NSE_EQ:2454,NSE,EQ,2454
6ffca5f04c9ed6f7bcd4ba11b565bf12811760d733fdf9170491a43e4a9648ec,TALBROAUTO,NSE_EQ:13648,NSE,EQ,13648
5bcfda48bdadc6c57fdb33704afd8140a6809ea16d7fc6c96c5998b7e24dc573,EASEMYTRIP,NSE_EQ:2792,NSE,EQ,2792
cc5ff016cc2aa3da86d98a801c9fac4eff692c2ca71b65613cec94042517a945,DODLA,NSE_EQ:4822,NSE,EQ,4822
f02ab379bb7a96ff87e39875456279dd41828d36d57b8b5fc6591ee0848a19bb,SANDESH,NSE_EQ:2988,NSE,EQ,2988
f58019850091fc1da42d329f9e0a89746dc9064224816a8ff7aa1e8df082aec1,SCHAND,NSE_EQ:20698,NSE,EQ,20698
3409f6ded47b37efb27a81a1c79b9a0c2a28b8249c04eaeb33805b185a891028,SARDAEN,NSE_EQ:17758,NSE,EQ,17758
33c3d5134e19794f5284271eaabbec819dcd8ba898dd7b6971a93b2cfc2083ec,CHEMCON,NSE_EQ:270,NSE,EQ,270
3f4a7380d137140285084b8d71dee66662a085d9b5b7d2caf32aac2f1a911209,SETF10GILT,NSE_EQ:17395,NSE,EQ,17395
5a22f7f4d06151e195426fdb3cfae6be406591e060089e0c053699fec7d2b577,JINDALPHOT,NSE_EQ:11743,NSE,EQ,11743
ae0034d18a7c1f75883de262e47804b7adee7f1653172f92aae4fc086e389ec6,UNIVCABLES,NSE_EQ:3607,NSE,EQ,3607
d8168333dc9d79d18e06dc62e4ec7a1bf791fe0483a4199a841aea679f429657,BALMLAWRIE,NSE_EQ:338,NSE,EQ,338
0b6085e35d2409537f692009ce820cb3be4b524a8c34b7b69482cc3ea4c10d43,BOROLTD,NSE_EQ:19401,NSE,EQ,19401
76f6014fb662c0ae61081c0a5a27745efd75fbff8bf0b456b268076002a8f47a,TTL,NSE_EQ:14318,NSE,EQ,14318
c0d481b87e57598a40230386fbe8cc713e2b3ce3daa89c6a048dd9cb7da20e46,NESCO,NSE_EQ:15409,NSE,EQ,15409
04e2df2f6ee831e92c368483edbaec6f8cd9eaaa36d8e57f1def00432b6e11cb,NACLIND,NSE_EQ:20425,NSE,EQ,20425
f18f4cce15199bffcfea3f8e09b0f6850c496844660257c90b17342eb776c13e,JETFREIGHT,NSE_EQ:7213,NSE,EQ,7213
3e251f494a9c146e9df5cb44a56f2c105183c423e23a4644b264639c40f09f07,SUNFLAG,NSE_EQ:7372,NSE,EQ,7372
ac81654c492973aaae66e70d631cdf340f6842677d19a446283f26b5c7dbf299,OSWALAGRO,NSE_EQ:2514,NSE,EQ,2514
c899972142fde4538e8a67e62c0c5d00a67c0c1af7f596f982721c0720ca5bfc,JUBLFOOD,NSE_EQ:18096,NSE,EQ,18096
d8cdd618093cae2223b4f7233f7e4ef593d5e01ac145155efa9fe7092a5fc559,TATAPOWER,NSE_EQ:3426,NSE,EQ,3426
d0178f7e93b249334f8a61664ee55391db40b0a1ea10345574b09ef0e9b3551f,NSIL,NSE_EQ:11239,NSE,EQ,11239
16e3619191c087708c4f1ef8960fa11365466dd21858c0e03c25309122989a90,MIDSELIETF,NSE_EQ:17702,NSE,EQ,17702
3da3175ff95cb5f1e02215b57ffd5a311b6fc22dc2f3364e3d9db80acb393b05,JUNIORBEES,NSE_EQ:10939,NSE,EQ,10939
b45f070df4b9319344618d288da950168b996a4cb135f928bfff57d88c6b0d57,GTPL,NSE_EQ:21195,NSE,EQ,21195
77ccc3869de947b7bf7c1cfd6ac97e4f15c9f5537be89a78c762693fd44499a8,COUNCODOS,NSE_EQ:16986,NSE,EQ,16986
41a27c8878406aef22bd8c58f70ce81447c0c8db893c8ce3b5562444d4066b98,VERANDA,NSE_EQ:8890,NSE,EQ,8890
53d665a49032422894588cb015d86264e3d3235f489b983a8e1e59af51c9b20f,CASTROLIND,NSE_EQ:1250,NSE,EQ,1250
d0783e65753d005d41363da654db4e54cfbcf3193f9816b3e8e594f7f2a75af8,INNOVANA,NSE_EQ:27754,NSE,EQ,27754
b6e78979d1d75883a9edfabc4519107b8507b27d89f12deca0a2904740a0513c,GATECH,NSE_EQ:18018,NSE,EQ,18018
41cf66839b52c00a582475b9eae162879b1270febf1d42741cf33f588ecbe03d,WALPAR,NSE_EQ:5013,NSE,EQ,5013
14407ef03f56699f8351b377fef010f1d338cf1ef2011b7095bace775b7b81e5,AAATECH,NSE_EQ:12533,NSE,EQ,12533
29ebb8255945f808826008ad142a0c5c6b589b3fa14c2d1654b9c99df191e85b,DRCSYSTEMS,NSE_EQ:2645,NSE,EQ,2645
9a31e4eda3e31d34604973b761934a25f02e8e5a317bd5da0e4a99f3c253978c,S&SPOWER,NSE_EQ:2951,NSE,EQ,2951
87f0bc8cda65ca06b0571dd4837243a4800401726f7e1c1c41601610cb4f9437,ABINFRA,NSE_EQ:27020,NSE,EQ,27020
c963fda2cf5d28028900304ad35eba0b0f42848c98863ad2f59bf5ebb2db868a,PARTYCRUS,NSE_EQ:2599,NSE,EQ,2599
c319ee7bb2a9896d94122bdc9561d6a658aec2acbb703748faae7016eae378ec,TIRUPATI,NSE_EQ:21868,NSE,EQ,21868
c9871c637293da3b18a853782ff78435a56392a36bcd45d05ea66f238edf2b29,TVVISION,NSE_EQ:18508,NSE,EQ,18508
fb5769ca4c2052cf1285c9799034d6210a9ff3139bfe4e7772ae76cfc4d4dfdb,ACEINTEG,NSE_EQ:11779,NSE,EQ,11779
a9a64544a18daa885859d3b66f6c146f7bc2654740213150706edc58c6297f22,ALPSINDUS,NSE_EQ:7623,NSE,EQ,7623
15c536cd32192b1e77df6f31d7d3e6cecf9ec4bf8dc08cc79b9738b1d93dd61f,WSI,NSE_EQ:14832,NSE,EQ,14832
fdbcc1128e9806957892a35b0078b65ffa58a7ef7a3fca39089a50cec8800d27,ESSENTIA,NSE_EQ:30323,NSE,EQ,30323
719438f8975a952d6239ef7303774fc3fda5152d11960ec2bfd9cf153e08e7b9,BLUECHIP,NSE_EQ:8650,NSE,EQ,8650
8e560a0146d19876e386eeec7602ddb34f6893a4fa17cccaf8dfa0e59bf2e621,MAHICKRA,NSE_EQ:2839,NSE,EQ,2839
d7fde73a524c009368adc490574eb96904f9139c2317c3665f4b92b4bccd78d1,SPCENET,NSE_EQ:19375,NSE,EQ,19375
b0aad726a22773d7be2f3b8e8c9786d8ac9caba792db91f22c2dcd740ebf3013,TRANSWIND,NSE_EQ:21260,NSE,EQ,21260
1bae06f20fdd84aa354d3075b9973752137c16b3575a484e09d2df2913ae5f5b,UNITECH,NSE_EQ:8893,NSE,EQ,8893
7c5e71cb29898be8bb6fd59c624c543f27bc66c4f597c9191aec083bdc4d1318,IL&FSENGG,NSE_EQ:9380,NSE,EQ,9380
84eb7a1b849e14ac879a603046ea6d0ade344de97db57c51e1951d0aef507d67,HMT,NSE_EQ:19698,NSE,EQ,19698
bc1754b55124ce4587f343cb7dc6d7aca3f8e132ebacd2835a72a6cfd3fc938f,IL&FSTRANS,NSE_EQ:9381,NSE,EQ,9381
6853cb168577544ff46e43d745bc4d9dc4d8218008047d7c8765d30c523d26bd,SANWARIA,NSE_EQ:46,NSE,EQ,46
ee3e65147272b6eac81569223c21e9c5c8bb51d79ef3f252469ec26ea22a02e5,REGENCERAM,NSE_EQ:9051,NSE,EQ,9051
13956d96a9b14dfaf24b650389a3a2427e8f4d521657460527ce1b019e823b33,JYOTISTRUC,NSE_EQ:1802,NSE,EQ,1802
fd01fd8bb3a05b576b7bf168be58ed6b5814db5c8ba4127fc6907ac7b04971db,SPECTRUM,NSE_EQ:5060,NSE,EQ,5060
3ce1108b11fda1cd255020f0b18fa87fbec7da1964cc20601b0c7bb3409116ed,NPST,NSE_EQ:5299,NSE,EQ,5299
261700d4bdbe6f1de202eccdeaf367913864bf03cfa8ecc5e7938d87ac4bb8af,HPIL,NSE_EQ:11796,NSE,EQ,11796
58324faa726d0cb6c727720f9b59b67fef963d86d8758dbdec94690dd623eab4,MANAV,NSE_EQ:21697,NSE,EQ,21697
249a90b07ed10bd0cd2bcc9819827267428261fb08e181f43e90807c63c65e80,AVG,NSE_EQ:15638,NSE,EQ,15638
94a4f4fabc68653db0f57aec6135e36c9258d516557646bb9b665d1f04b62cd0,PIXTRANS,NSE_EQ:9087,NSE,EQ,9087
f2f2dea44471d69c50ec192da04ecc82bdc536866422cc6c18e7471a93c63240,INDOAMIN,NSE_EQ:9116,NSE,EQ,9116
d5ab4385ca8fda4d53baeba8ba6755fb76a7e8404e5544b84510ad8bab577a49,KKVAPOW,NSE_EQ:17781,NSE,EQ,17781
60588a07903889980c368efbf05b4e7417e2b853eddae8e6057f30350facc153,MPTODAY,NSE_EQ:21792,NSE,EQ,21792
cd8a3c5c7298541d95053c53e2ed4e5ae7a70c14543162cb18204be6874a008d,MINDPOOL,NSE_EQ:8900,NSE,EQ,8900
674e8e3d03e2b36ea9378045b9f2565e56333717648568e5faac728ff521dc6a,LATTEYS,NSE_EQ:15848,NSE,EQ,15848
ead520e0a1355b23445699e6dafd43e163ac7707ded56d7d34b595096846e80b,KALYANI,NSE_EQ:19653,NSE,EQ,19653
dd069c51c5503767e78ce33fb0c38be7557294bd60dd038eacbbf253f59f680c,LICI,NSE_EQ:9480,NSE,EQ,9480
6898775a40c4041338167440af0f0068370e8ea658f0710b771a7e4ec815bf81,HDFCNIF100,NSE_EQ:10633,NSE,EQ,10633
d27de4557cfe2415c703319f7f77fbd4e3e14759de1c7880ddfbd536a090369a,MANORAMA,NSE_EQ:10227,NSE,EQ,10227
60c44cefc7653c897d8c02152e304bb9170d4c00b8453ca7c5fb12c78140fd8b,WEWIN,NSE_EQ:9862,NSE,EQ,9862
121339432510f8b1e1fb5d40e4c15b3b7eb9c075a7c35b3ca3a61596bb6ea8db,CHEVIOT,NSE_EQ:9879,NSE,EQ,9879
e4149735c26cfd184a9a96f63d436c9d454d2d09ebe1a5eb23581618de34c48d,RELCHEMQ,NSE_EQ:9652,NSE,EQ,9652
aca4fee155368758392aca3a58e5704c8650173981160328f27181fcf67b68e4,RAINBOW,NSE_EQ:9408,NSE,EQ,9408
a26eae4eddce811199ce2b08de0f044157e8d2e5c4da8eb38c398cd12c260f4d,NGLFINE,NSE_EQ:10287,NSE,EQ,10287
7db5c870352a16a5d7367de2642f674ffdc0b46d2b10d0aefca8e6b71527ba64,RAMRAT,NSE_EQ:10485,NSE,EQ,10485
e62f2af571039efadd2eabf673e42a399a768159c63217d3cf5dfa911cb77893,MEDICO,NSE_EQ:9667,NSE,EQ,9667
8be034fde100a04d8a66bdedaf7c79a463426a107bbea0b712f9bcd72cfeb41a,MOM30IETF,NSE_EQ:10585,NSE,EQ,10585
1f1be85e3a3c39ef91aa444de0f7d91a5d202fd30a22b564674ed2a02b070270,CONS,NSE_EQ:10512,NSE,EQ,10512
d3c52b7e15b2522af1c49b078cf334f72b3273f453dfa096dcd2c4ff71f69f65,ETHOSLTD,NSE_EQ:9750,NSE,EQ,9750
16d21c55436547e68ddae30a75a93608b530566b1924f112eba4c53c856a7797,PRUDENT,NSE_EQ:9553,NSE,EQ,9553
5e916c865d03a01cbfdc0513287b2dcd306e8e805cf47f7e7ed2cd021156daf5,SKP,NSE_EQ:10325,NSE,EQ,10325
0709ee9de50e2b54b0fb080dcb9508a2c841f59b516036108069c74c66d044c0,KRITIKA,NSE_EQ:9296,NSE,EQ,9296
0ce8e458721ae2c050fa32ddb05d4060231c1e4d7f2643eb5601b40526d51db0,VENUSPIPES,NSE_EQ:9592,NSE,EQ,9592
d946052173132f1f4d6a0aaaa2f6caf717c1e2bf0442a3e81c3db9c4dd01def1,PARADEEP,NSE_EQ:9741,NSE,EQ,9741
8401267abb3b6fc0cc3745ca2bdbd2feb98dfc1f00b326a1ef2be41fc5461e4d,AGNI,NSE_EQ:10498,NSE,EQ,10498
a2637e07933ffb2f9d88036e2f166a899603d581a53582b6c272f61aabccd172,RADHIKAJWE,NSE_EQ:10343,NSE,EQ,10343
5fca4b6d4109a437db17134c948d7970a8585bacab3dac596b6d9a17c219beee,AETHER,NSE_EQ:9810,NSE,EQ,9810
3cd750b0f564bb313ba95554d1a0ac63423bdc990b37f71c7216ca62deb3ff89,DYCL,NSE_EQ:10417,NSE,EQ,10417
53787a3d8015daec27bc87a7453f89d6cecf1af5d287b59dadaca34754c89c6d,MOHEALTH,NSE_EQ:10508,NSE,EQ,10508
1d5ce657023a943efe9cb939bba8d9ac0180d216608954b34e7a9a71abd29ca7,STARTECK,NSE_EQ:9305,NSE,EQ,9305
7d744efabdf541aae4497b3026e1dc9dfaa124f6af6b23b9c1feaed178c9bb5e,RAMAPHO,NSE_EQ:10568,NSE,EQ,10568
16d7707b4064730455ea5ee350e4a7873ce6c39719296547099e1fd6fb0c2960,MWL,NSE_EQ:10311,NSE,EQ,10311
97d740b8893775223483b0ade0c0c81460d501949c9cf95b390a3051022ae6d8,CSLFINANCE,NSE_EQ:10350,NSE,EQ,10350
0f18dd6ed2c3ccec4b518e823a145aa93811ef3c1fd2a5e2d0bf991d263103a9,KSHITIJPOL,NSE_EQ:10412,NSE,EQ,10412
57d42e9b7015703b69425794cbae5abd857a6b42f09b3beda209424c3233bfb5,DELHIVERY,NSE_EQ:9599,NSE,EQ,9599
101ed89bdad370f2336ad34f867835f0417906defbf5fa9416fa11691e804cd8,SPLPETRO,NSE_EQ:9617,NSE,EQ,9617
f4967df1b98645c5c5308892d4852efa465f662532f57bd0df3dbe84f4b6ad55,OSIAHYPER,NSE_EQ:12635,NSE,EQ,12635
81c05ef0452758da04d547e678ce009b6f03af2a651b005a8ef4fcafa981a4fd,USASEEDS,NSE_EQ:10610,NSE,EQ,10610
f16c6d8dac729fd6ecee41d8c036e329f128c08a989ac35f82b704c5e5e29fd3,SILVERTUC,NSE_EQ:9422,NSE,EQ,9422
346554f7e2ecf89e2b01c20ccdd9d3cc703daa21d0785ba92eb4bb47039dadff,VIVO,NSE_EQ:7610,NSE,EQ,7610
e6c44ff3e42879b050f85c2477072c44886aaaad97f23ef7917885ead4e190bf,LOYALTEX,NSE_EQ:10605,NSE,EQ,10605
52f21588ccddde5b2ab8b0fe04806f83012b5b7e1a94a0e7285cf1436f802b53,HDFCNEXT50,NSE_EQ:10619,NSE,EQ,10619
3ced0adf7e8af63b934a140e025af5c358ad5176ae3b6d9ee0786a075897136e,AKSHAR,NSE_EQ:9560,NSE,EQ,9560
a2f81f486e19dd75968e14242011a876c026c3c6c46172392ce24c369b2dbc87,CAMPUS,NSE_EQ:9362,NSE,EQ,9362
a53a7a548654900fcf5fc50724d534887b52b0b435faf33f209c5e8847c47762,EMUDHRA,NSE_EQ:9756,NSE,EQ,9756
3f51992a07b495f1470dad2a10f20de96c1bfae6f0df908683dd08b41cd45a30,AXITA,NSE_EQ:9902,NSE,EQ,9902
76121241bf4e6d95099c02bed0eebf391bd07e00720de27501ed678515fb8478,RILINFRA,NSE_EQ:9854,NSE,EQ,9854
098603b1d35bccd667855e28eae19cb1ee82065f736828fb4556552e6c40aade,EUROBOND,NSE_EQ:7331,NSE,EQ,7331
0ed2f50b3a441752791b50b627e7b53426632441c211736578d03b5a9491c828,MKPL,NSE_EQ:16736,NSE,EQ,16736
7d19f1ea62cd108cb592ff4a60d978576b8f560be5a153c3cf6870fa82c74bf0,LGHL,NSE_EQ:19872,NSE,EQ,19872
0ba2b5cd24b347efe2f531b9f6f26d44926893dcbc93889e31b9c0a11a7359bd,VINNY,NSE_EQ:12506,NSE,EQ,12506
5e026c1b5cbe53f8c1d874d5dd764da90b840a98515fc19520709a3bcb90bb8a,GVKPIL,NSE_EQ:13229,NSE,EQ,13229
87e93a77615bc0029ff3f31186f34a0aa8ec4e8315a30114f51802ab30895f2a,MNC,NSE_EQ:10676,NSE,EQ,10676
49a9509d6fa2793c2ba095657086cb51bb0a8463945da0d1bbe53660bb43ced8,MOMENTUM,NSE_EQ:10693,NSE,EQ,10693
10127475535747d1f248ea9b81870a763c86810297e21f51b0af80b78a860861,INFRAIETF,NSE_EQ:10723,NSE,EQ,10723
7a7ae9a7e0954c6446f4374e510146f12e8762062690c9304f92533dbb60850c,SPORTKING,NSE_EQ:10733,NSE,EQ,10733
97c699e8e7ef2c93f8e9008b24f1e5512fb4ff1bc97fe1fb7f41649f7e1bfdd3,MOQUALITY,NSE_EQ:10822,NSE,EQ,10822
7439d93206b5a5f23ef8541d5b43d424f65d7981a89357b8c8f05cf053a6e152,SILVERADD,NSE_EQ:10761,NSE,EQ,10761
41625c6ff1aa44432e6b7dc3fd3e3ab034be36f6f0ada8bd787d4b8dbcba7b5b,SYRMA,NSE_EQ:10793,NSE,EQ,10793
d4b2c946ea993e451983d474a3314316a7a4ff0c6b21701cb67f91f1ee92449a,UCL,NSE_EQ:4212,NSE,EQ,4212
6fc8c7451d9ca992795703cc2f179ac26c132ea9a4c354640b0bf1357b55e02d,MOVALUE,NSE_EQ:10825,NSE,EQ,10825
8b5edfe8ff391aa52818006e51836fffdb6aa6fc0c518767b4babea630bcfa13,ASLIND,NSE_EQ:20502,NSE,EQ,20502
881762182a9780fd32548fc9576136ae3be7ae4f0f6ff95f70be10eee6392276,PROLIFE,NSE_EQ:19352,NSE,EQ,19352
93bb5f68e3b072e29648c20e98c6a0822f4b009980ce32738224882f87d68374,GRMOVER,NSE_EQ:10871,NSE,EQ,10871
69091a0f8d4b7e66bd60f3afa836db25466ccd2c6b8652d01af8c6c35541d83d,GVPTECH,NSE_EQ:10865,NSE,EQ,10865
163c0a0b42993811f420df196108c1d879852ed05cc5a904c2e28bec02630de9,HDFCVALUE,NSE_EQ:11260,NSE,EQ,11260
79fa914bcc0f5dd200aba7f55658b01820b9291af4979c075ce0226007e151b8,DREAMFOLKS,NSE_EQ:10859,NSE,EQ,10859
5a0b191728ef43e32aa9e9632772a3c7a4d0353f05bd6bec0e72ec2f02b9be54,HDFCLOWVOL,NSE_EQ:11547,NSE,EQ,11547
d2b420b6c87ec150c11e361708b6e272170408874dd4a9a9dd461d89a28ef8a9,SWASTIK,NSE_EQ:11492,NSE,EQ,11492
e7962b518b7732bd3318ab5649a7ff6fee965c9a1e7f862b5db6e31c248e26b8,HARSHA,NSE_EQ:11162,NSE,EQ,11162
f315339fb481873fb0712d1c85769965b8639e4a62ec24215148ef26345b223a,KSOLVES,NSE_EQ:11060,NSE,EQ,11060
245f8b05b344578c50dff2435494454ed58c5b6964b147f848a22f5df7674cf2,CMRSL,NSE_EQ:11447,NSE,EQ,11447
537d9faede35144ef21cdaa3125f43087a35743d6ed365103d821f5db8c7ec33,EMIL,NSE_EQ:11530,NSE,EQ,11530
2a52baa804cd2b74aa5fcf7b362a6975eca4a1d3028e783a08f0113f5282e2f6,QMSMEDI,NSE_EQ:11467,NSE,EQ,11467
f6ffa7569c76b2364cd3b0b970c7ee0d9a67a551b4e75534722a601754634433,AXISILVER,NSE_EQ:11193,NSE,EQ,11193
e94ffcde0415f64f01d1f3f4cd115dda17d9cfdbe8215d7699cadda79344b003,FROG,NSE_EQ:11501,NSE,EQ,11501
9db656cee36758a3e0b1f8bf3d0777a39f574dfd22f1d19c7025d56d8846e365,HDFCQUAL,NSE_EQ:11255,NSE,EQ,11255
f237c8fbc6741f17d476fd087feb04792e81d5d28f0577959220ce67e2fd3586,HDFCSILVER,NSE_EQ:10876,NSE,EQ,10876
751a842c3b0d54a78e761ec482c4ec3d1bf1d19a517c79450c8a0e21f67d3086,TIPSFILMS,NSE_EQ:11378,NSE,EQ,11378
b52c0720afe023714919de275ab97b84cde6e0d20d066c47582193bd31f4ed26,DBOL,NSE_EQ:10893,NSE,EQ,10893
0e4889682ce62ef976f238e7edaef7edfdceefafbe636df7a685cf0413f809f9,PPLPHARMA,NSE_EQ:11571,NSE,EQ,11571
d4e163c5f834d4f64e803838cddab0bf190e5b79e714a029c57f7a859e93f0fe,LLOYDS,NSE_EQ:11472,NSE,EQ,11472
bda57126a055cf4c9d66c0f94f590fecb23f9e34912563422fdb574c88dd617e,HDFCGROWTH,NSE_EQ:11241,NSE,EQ,11241
f14b1ac457eb8669b8c9deb6361c4fbd0fff5d0d90bfd56e021376383d33ee1f,TRACXN,NSE_EQ:11582,NSE,EQ,11582
fbf540a3d67a27a06aabccf144b16a48b012fad23dbae26ed0e5c8525b9ea3ef,HDFCMOMENT,NSE_EQ:11538,NSE,EQ,11538
99322d4d10cf533289e37624ae1e1f6d6be127cb894dac12bb6d9b514824863d,TMB,NSE_EQ:10945,NSE,EQ,10945
f69a83a017e74c402e5f1cdc39a1adb9819aa44492e592e1dbc45124f51c7391,MAKS,NSE_EQ:11218,NSE,EQ,11218
a4b6ea2f5338f8b3524cd7a668b873bbab89164e96b273725dffdb130691a6e8,DRSDILIP,NSE_EQ:6686,NSE,EQ,6686
d283c1a9a5303f79ea4418e4961b671e305b3c1aff33c1843d87c04796480f45,ANNAPURNA,NSE_EQ:11198,NSE,EQ,11198
92b879072b489bc6f7de2d6f82925f711b224bacd90d907e59ced21521345a16,DKEGL,NSE_EQ:6249,NSE,EQ,6249
7be864f70808e041b7974c5830d69316c2dcf46e44656bded2daa94ddb5db52a,ISHAN,NSE_EQ:10995,NSE,EQ,10995
6a59090710a90c7a0afb02be562880537b72e24ea1559c7bb18c95930772385e,TAPIFRUIT,NSE_EQ:10986,NSE,EQ,10986
d1b668012de2f2df6ef4690c93b90edd513bb60e97b51994e744c703df7a8f1d,URAVIDEF,NSE_EQ:17071,NSE,EQ,17071
cab2c7c1dc4897ae7d8d2f01fb225caa520972a5bab45657fb0723276fc32e7e,NARMADA,NSE_EQ:11631,NSE,EQ,11631
4265674a9abe55d2f4b97be72081f7e5cf40ed06c51c0dcbfd933c74192e5da7,INOXGREEN,NSE_EQ:12188,NSE,EQ,12188
ee73e89856316dfa3f82ba0a1fc213dcb2d83f5e5c26d785c340914ff1a13d33,ZIMLAB,NSE_EQ:12384,NSE,EQ,12384
89667fd458733ef6aae8e970dc72e7954c5e2a4be5cdd27d397787c0a7a66765,HDFCPVTBAN,NSE_EQ:12108,NSE,EQ,12108
ec183937d7138489aa32af88159f5d243b52bfe81ffa49e38e39636e4c7bb3ee,MEDANTA,NSE_EQ:11956,NSE,EQ,11956
0274533dfbaa1906dc8fa901f334ea6919fda53c08c959cb29fab3c69baa1ebf,SUKHJITS,NSE_EQ:11804,NSE,EQ,11804
f3aa49c2aba68ea2f272399403e87969d2076df87028579fb6652599229b50fc,SILVER1,NSE_EQ:13082,NSE,EQ,13082
2cd46171afd2769cda022ba820f849988f9266184214669301e373499ee3524b,ARHAM,NSE_EQ:13092,NSE,EQ,13092
b5af9056e3d098c68c1e0309e822e378bada3fc1e75b6b47f23387160e6b8a5f,MILTON,NSE_EQ:159,NSE,EQ,159
c946450d0febf7b699453f748702a24fed37978748c3c275b1a5d03ac3b647e8,SARVESHWAR,NSE_EQ:12913,NSE,EQ,12913
edfa72df015ed66a295ac291f99d50f9e8ca98de109f3d2641dbda662dda9347,BBTCL,NSE_EQ:12153,NSE,EQ,12153
4ca67a3e05c918f0ca80fbd1190c38c3322b3de8a96845ea34feb065835601b8,FINIETF,NSE_EQ:12578,NSE,EQ,12578
d814714034eb9e32a223ac0000ffcfffed2fb7d85e0b2a623bb0218c59e33d41,FUSION,NSE_EQ:11932,NSE,EQ,11932
d8f20f9144aa5480382c87e843fdc8d2205f04d043a6be2a5561fef8324b27df,FAZE3Q,NSE_EQ:12000,NSE,EQ,12000
3d3dc809cf27139a375913ef71729d6f7f4909102204fe53121ebee9e9eeb3d3,COMMOIETF,NSE_EQ:13198,NSE,EQ,13198
35219a6a34ab16b0d213606edcf967401b3fbe86e8fb365852fa9c1740d552f0,SATINDLTD,NSE_EQ:12015,NSE,EQ,12015
65a86418122223800f382a8806f47dd7721c64c23f5bb45d2e3bbdbbbb98ee76,BIKAJI,NSE_EQ:11966,NSE,EQ,11966
7c6b139d957ca723575beb749d80476ae9ade8520c7a5f4c1ab8dbac21d93eaa,DHARMAJ,NSE_EQ:13001,NSE,EQ,13001
e6efb7ce38f46e97d3ec26585f9a08b9d2fe9638a0d735ece87c7635ba7b1f34,RUSTOMJEE,NSE_EQ:12219,NSE,EQ,12219
01a3a7e4be13c1461d470c73ce3655e5db8ea92334a2318bb0f942fcf99c2856,EBBETF0433,NSE_EQ:13139,NSE,EQ,13139
9a3a4007b56f647ed46066e79feb82ddade2acd28e5f9031d6135bf5198f4230,SCPL,NSE_EQ:12072,NSE,EQ,12072
28d5b3af8f68921444bbaef46fe0c695014e8fd2fdee6219fdbb9c6632ac417e,ACI,NSE_EQ:12024,NSE,EQ,12024
65f8f4987bc22be25eab4dbd0a3b9f4672914bf8cba7860d0c47375b06bfb7d3,FIVESTAR,NSE_EQ:12032,NSE,EQ,12032
99a43215f19671e0e3009138f510c037fd21526bf899c6d466f32016c320d92d,DCXINDIA,NSE_EQ:11895,NSE,EQ,11895
84aea7a00880db01e89bf94deb20436f68e772a27744de36ced0cfd9079b17f7,HDFCNIFIT,NSE_EQ:12101,NSE,EQ,12101
8a1a0358b66e0eb3d1ed01e8accf3942fede2fd2a18109d5623d207b5b406c80,KAYNES,NSE_EQ:12092,NSE,EQ,12092
f4b0b488ecfe4e3024674c5ccd21e63c505f9c663197fa516f0c4c29f164ad47,SYNCOMF,NSE_EQ:11992,NSE,EQ,11992
bc4e36047858ee204df5a367502f064de9cf7bfd0849a36d957284df0c2ff7e7,UNIPARTS,NSE_EQ:13057,NSE,EQ,13057
5bbfce0dbe662a35f26191912f8fe35de3db6ddd5bdecbf2a6ff84a03022a4d2,DJML,NSE_EQ:12753,NSE,EQ,12753
2b257af4143bff1be09b641c78961fe70a63e508d5aa2d3ef254841e8dd19c86,SULA,NSE_EQ:13218,NSE,EQ,13218
361d3bb4330d7ca8d89534357e6e3b0314976f109646bccac9f42c0a856438fe,AHL,NSE_EQ:13293,NSE,EQ,13293
c8c407c71a76c3e7384c311cf7322752be398f9c7efceeb3ce2a542c4d4ecce3,IEL,NSE_EQ:13307,NSE,EQ,13307
8044b2ae06f86e7763eb34673758269c7abf4604cfbc46b977c3d562d460a73a,LANDMARK,NSE_EQ:13276,NSE,EQ,13276
d25be60628af9236753f6b9023d1440c4509af8942dfce2b678ef67f4582bb3c,KFINTECH,NSE_EQ:13359,NSE,EQ,13359
0ae565a4ba06ef8f1c1b1647f94331c6eba43c1893cbc1b6816d8f253873352b,MOXSH,NSE_EQ:13502,NSE,EQ,13502
88cbe22348633dcccf06a6bbf89b09315780136bc1263dd0d13a1e10c2fd50a2,ELIN,NSE_EQ:13423,NSE,EQ,13423
d70a6ba2826e4ab5a79b08172ef9ccb9c3c684bb0eaa0a3c826d67973d67eb2c,UMA,NSE_EQ:13349,NSE,EQ,13349
1fd46bd32b4bcbbd31dcaa835cd480843184c57ca2db35a68f01f46358d4fe6f,DOLLEX,NSE_EQ:13323,NSE,EQ,13323
a85ab838e718785a61a19965f5ce905fed01f19a51ae9b4a6b82a86742af56b9,MEGAFLEX,NSE_EQ:10980,NSE,EQ,10980
9655acd42aa4c661dbcd4f6e20f1b5c4b58601a55de9bc99619dd7a176f846c5,AMEYA,NSE_EQ:10898,NSE,EQ,10898
bf997c837ed6ec8566398d430cf750536f030124c2b421b0402fb4f2a0da0a1d,RITEZONE,NSE_EQ:11910,NSE,EQ,11910
3855a8a8c668cf958204dbd329530907b4eea002f9b1c9457a75ef8ddf4499c9,VITAL,NSE_EQ:11920,NSE,EQ,11920
bdb6f5197742ee5808f007036ed5dfe92a5af86999ffe64455d835064f04eae8,AMIABLE,NSE_EQ:11939,NSE,EQ,11939
9899735958b77884ff434849ff607d76bc50a3cbcfdec44142d7fb7839ae703b,BINANIIND,NSE_EQ:13625,NSE,EQ,13625
05764352022079da841868083f4e9ffa99de8d2e67d375473a1497bf6c909ee7,WINSOME,NSE_EQ:14757,NSE,EQ,14757
5cd75e85a9e800e5132e16a422591ea3a0cf29d8556f9bc0b78518318406dffc,JUNIPER,NSE_EQ:22824,NSE,EQ,22824
57da88ad2631f4f244dd47ea6b60c65cefb4b45afb7cdf46fb5976216d64e8a8,NOVAAGRI,NSE_EQ:22477,NSE,EQ,22477
531f6602929810815f3f91cb71a8f56a0e260c6e3715ef5964b4596cacecafcd,LIQUID1,NSE_EQ:13950,NSE,EQ,13950
bb79d03e934d4130efa6ed9544fb22f8bc8c45f6a5b6de17000864df15693f20,NIFITETF,NSE_EQ:22488,NSE,EQ,22488
3a603fa1134ff67b817bd8d6839cc31d84c8b825201d1762c771e6ecafb4ba7e,AGARWALFT,NSE_EQ:14267,NSE,EQ,14267
c7651f4560224a0021c9a2f79ca151e021164d37f3fdeeda2be8825e30e13289,TRUST,NSE_EQ:23420,NSE,EQ,23420
6fa7183f566386c5f250daedf67a38aaeab8477c7194b413eba41d86c80499e1,CAPITALSFB,NSE_EQ:22675,NSE,EQ,22675
061be7a4ee68ce83c89a8de81afb0a1de8c4027af63f35aaec3bc5a493f05436,GOLDETF,NSE_EQ:14286,NSE,EQ,14286
7bb24ef9fbf31a1d1c835e46cc3af1957355ef76e71af354bc4a08389e6180e6,GSLSU,NSE_EQ:14599,NSE,EQ,14599
c3d146894bb6fdc0affce5ce00af567acaf1e69ab8c7f5636a36466a37c074b4,BLSE,NSE_EQ:22566,NSE,EQ,22566
e36c02d7812d93f98289005ad21d2d7cf0a75f3c2629b787ff5ab5613dcd8e92,GENSOL,NSE_EQ:17010,NSE,EQ,17010
86b01eeefb5c687aac0291f24c2098be8fa26e92e791e05cb4b430d87399ca11,QUAL30IETF,NSE_EQ:17808,NSE,EQ,17808
ebf23d5c751b033eea8252410f58a01ff282eaf44fcedc0f4dcdb763d8f0a7d0,RATNAVEER,NSE_EQ:18423,NSE,EQ,18423
c36e05f2e0db47a0f2e3883480f45eb8feef65ee52769b0228c367bdfbb4fc8e,TATATECH,NSE_EQ:20293,NSE,EQ,20293
7d7ccc26195b6edb8a9367bbad8595f06236114766468fde1194005ebc0284c0,SRIVASAVI,NSE_EQ:14411,NSE,EQ,14411
2c83f0d78c677ea2a3069c36925e9e9a42b9be7a6148f20bcd45a1d4eea9293e,VPRPL,NSE_EQ:18341,NSE,EQ,18341
4f618ac32a606017424508eede05891dd041abca53b442877ebcb81180d1b7ae,PAKKA,NSE_EQ:17197,NSE,EQ,17197
fa846e8bc3b0a5a98a6edd5e99ad0014631d2db63c37f94cae333ca61cb41fa3,ASKAUTOLTD,NSE_EQ:20152,NSE,EQ,20152
605e167d2b836c9cb2e45645724ee8dc2dcf590eaeaad2c0d2c1b69d2c25dd36,VELS,NSE_EQ:14595,NSE,EQ,14595
822df8eca1cab0d3ef56752995db37969acf1ef2889bfa94b163c50def39c738,HDFCLIQUID,NSE_EQ:18279,NSE,EQ,18279
ad3f400934ac81ccc2e6ca1474e9e85ec48c640ccdaa04766f8fd4cc3876bf67,INOXINDIA,NSE_EQ:20607,NSE,EQ,20607
2f33d7529af7d0006723f67e870e81e0f07a96d773b0e91c76c460ee8e62175b,GOLDETFADD,NSE_EQ:15356,NSE,EQ,15356
62036c4c2fc079b75cbce13ecef11dfa99cd7a630d1641c942ede636040abff1,ASMS,NSE_EQ:14064,NSE,EQ,14064
f6a34b633a4446c9dbb5e0fe28086da9b57a09214691fc18646a3eede92627f0,ESFL,NSE_EQ:17084,NSE,EQ,17084
7acb9ee98f98335b11e10b1b19ad3a67db100da857baf1a386523b8b12204b2a,GOLDIETF,NSE_EQ:19679,NSE,EQ,19679
c31c83101abb21a85798326d48ce2afad5298c839c46ef10c0b18b8be77bf999,TATSILV,NSE_EQ:21428,NSE,EQ,21428
5768255d3b356bf72f765b2a295b024218ec2fabf89d7c7fb64283578db38ab9,NETWEB,NSE_EQ:17433,NSE,EQ,17433
fda634844eb66a19a1e43a55d824753e688ee9d182442d7c89369996374ba908,PATTECH,NSE_EQ:15137,NSE,EQ,15137
f5a5afe19bb83c100194149b66e1dffee5bb5d900250bcf242c27c421d6d5779,JSFB,NSE_EQ:22663,NSE,EQ,22663
665a3a12335ded3b5e89e2389305f1c4685bfe77f6b89d52afcd8db89d04eb50,BANKETFADD,NSE_EQ:13644,NSE,EQ,13644
23d562492428caad50c544f19f45adb357dd595b1d6a8fec5005f903555712aa,SAURASHCEM,NSE_EQ:3018,NSE,EQ,3018
e7b199e864fa4eb2e00bc5938f98011f20a06d1db9282d76c4ff7502c82faf77,INNOVACAP,NSE_EQ:21062,NSE,EQ,21062
2cf078837a57a4b6d51aeccc3bf4e9f2b375c355a2133ff8c32f0542d7ae4aad,MUFTI,NSE_EQ:20878,NSE,EQ,20878
55728a6bc3deaad8bafb63fb3afcf5e34fe1997ff1760d84b9aa1bebeae78060,KRYSTAL,NSE_EQ:23175,NSE,EQ,23175
b97d65330610ee25641e5703b590774e7dbb40f92c0429ba8655db2fa6c980d8,ALPHAETF,NSE_EQ:19640,NSE,EQ,19640
de3a79729d3ad6ea2724f474443eb1cfd086a78af31f1c9fa0c21b739563cfd0,JYOTICNC,NSE_EQ:21334,NSE,EQ,21334
72538f2a56616a03e553a5b579b1e7d4f9a46fa10e83f476911b4becb9362cb5,CELLO,NSE_EQ:19795,NSE,EQ,19795
a9bcdbb784f70342d03071f0fa1db9e70fac10225fa7d5f053abcf0f9c272255,FLAIR,NSE_EQ:20372,NSE,EQ,20372
676b463430d1ed2e919597d4642a360bdfe918815a67a3937a9de54e7ee74e17,MOSMALL250,NSE_EQ:23181,NSE,EQ,23181
3194b4c8557b7a548bfaee416bc92ac66897bc564544d0d13f291de5673b8707,DIGIDRIVE,NSE_EQ:21247,NSE,EQ,21247
47bb1cab9e3b08b10220ee9bf028d02e6a8e99e4964ca3d252ff8585bb7a68ce,VHLTD,NSE_EQ:23386,NSE,EQ,23386
a3ee999c3da3d7dc4d940aeb67cc3dbecfe70e5414003039d20dbc3a08042dec,USK,NSE_EQ:14871,NSE,EQ,14871
3738ca9d5d0f864f8e3816f32688aca72926b4b8f13cd128e1f46bed86af0517,GSEC10YEAR,NSE_EQ:14938,NSE,EQ,14938
46ce8f0a27ceff40cb4a9da483dc17cccc74043820c684035cd1881494e8f196,ACL,NSE_EQ:15420,NSE,EQ,15420
7fde4b210fa69df378530f96e0f027ac6061b54e85de749a33bca23f452ede2f,DOMS,NSE_EQ:20551,NSE,EQ,20551
2dcc68684c475d2108a235a12155e8bc9b8c902634d258b0aa7a8b61e095834a,LLOYDSME,NSE_EQ:17313,NSE,EQ,17313
3246532a75d5bb28007220f600baa72bb0cf085d9e47746f5088d3384a888f2d,SENSEXETF,NSE_EQ:19224,NSE,EQ,19224
6df18c4392f0fcc9a9451986fe47db86aa15c95d34bd950068c19036500c27fd,COMSYN,NSE_EQ:21594,NSE,EQ,21594
c69543fde7a4a1429d290c257837fbe31e0050fe8d4208385e42ef88003d723a,KIRLPNU,NSE_EQ:15180,NSE,EQ,15180
7deee3b2b6330e406ca5ac56a61d41a51e88e53652f22d74907cb8d2e092763d,AATMAJ,NSE_EQ:16961,NSE,EQ,16961
1ff2be3e0d163960c6cfca80deeab1a47b1af256680488c0c5fc71ab7d7ccae4,BAJEL,NSE_EQ:20531,NSE,EQ,20531
5d9bf5fcd5d1dcfe2193d967caec429eca4e52f1a730a7f487e4d0c467017b96,RRKABEL,NSE_EQ:18566,NSE,EQ,18566
2d228cb5928ea078543eda6a36609c79094d0045116f7eeaea60b3aa09ae4ca2,TVSSCS,NSE_EQ:18151,NSE,EQ,18151
e9f2012f811f4f02a4201e12f5218db8321597d41839a924c8e7ab854db813ee,JLHL,NSE_EQ:18553,NSE,EQ,18553
5029af19eafc8e0cf42b8bb6b2d05e7fb8c106e5926a2a03e541916e3f8812aa,PROV,NSE_EQ:16483,NSE,EQ,16483
39f64ee7cd7e407e4d8b72910d3c8096b3c0f51ef68c7e02b5736e7d71a4ae8b,NSLNISP,NSE_EQ:14180,NSE,EQ,14180
439b8d6e7ecabdb2d094edd370540f033c1fa378899a81687a7f952ac6e31a69,NIRMAN,NSE_EQ:14722,NSE,EQ,14722
354b868a337eedfde536153e92b5aab3f781180f766c1279b835fd535affc921,ESAFSFB,NSE_EQ:19878,NSE,EQ,19878
73249157024605b1e853f301b8e131580c4abcba10cbef8acc3c52523e0078b7,LOWVOL,NSE_EQ:14786,NSE,EQ,14786
98152e18226445018dbd73ba09343ed06660702a083c5b1252a93ab79bcf2fe9,SCILAL,NSE_EQ:23127,NSE,EQ,23127
aaf18c73a67cd7799e1d421f1c21676c0511c72984f078d69e19d8b6a849b5ff,SENSEXADD,NSE_EQ:17613,NSE,EQ,17613
5382a6e244cb5e9ccfb91cc6bda26ad9d8d08273dde3128068def516f073a018,DOLPHIN,NSE_EQ:18136,NSE,EQ,18136
23ccc6a043348b6b30d765269367fff8bd95abdb2d979c106aa26bac72e21595,SILVERETF,NSE_EQ:15085,NSE,EQ,15085
43313e69ab49416c434e83c5b0b565972d1879eb6aeff7f1952477bb419cff10,SBGLP,NSE_EQ:14141,NSE,EQ,14141
218db2a8b1dcf861353f8f29b3ce0ff5b98a599866b4afa4fc63d3d2d01b8279,DIVGIITTS,NSE_EQ:14479,NSE,EQ,14479
bafc525b6444f8767daa04d591ed7b45329f9da54534ea3055c84d109118924a,DENTALKART,NSE_EQ:16454,NSE,EQ,16454
0e667d408c11e1a771b5e686dfea0cd6cef4303315cd379df107730b5df68fac,SIGNPOST,NSE_EQ:22658,NSE,EQ,22658
8d87f1663045641686255839674e224fb969575b898caf111e0c5e0581c2b2ca,ATL,NSE_EQ:17778,NSE,EQ,17778
336d8dee0b3b3ea40b31271e932cff13d1f67fbf232a5bff369da148ba5293e4,PLATIND,NSE_EQ:22930,NSE,EQ,22930
9d99716cca3cb75a4bbd9b9ae0067420f4e1fedaff8446bb1d2e030e38bf0819,ATAM,NSE_EQ:15404,NSE,EQ,15404
3d250cb22424566568864d84b9e1014f5365f44c0aa7bab85b4fcf56067d26b3,RPTECH,NSE_EQ:22670,NSE,EQ,22670
ccda64a14f575819c55f9d618a88b9efca2c2c410040b14fa1cfe242425ef8fc,SINDHUTRAD,NSE_EQ:16859,NSE,EQ,16859
4e74be49ba3f9a68b5eb59395ba9c501fb237f71d75eee788acdeca6a6c61a69,JIOFIN,NSE_EQ:18143,NSE,EQ,18143
c176513f02a5e13106782068b253192688eee1beced5ea96ed967fb63c5fc8f7,SICALLOG,NSE_EQ:19440,NSE,EQ,19440
3ce0f4b35000074c9c2b1e2666c623960d61032d7f6917ae99d9c55e46883365,NINSYS,NSE_EQ:14194,NSE,EQ,14194
89b194f26e3835a3a20ce545cb9829ca0d4ec0e5e62e8ea682920b2841879c4c,DIAMINESQ,NSE_EQ:18644,NSE,EQ,18644
e6194cb1b462b78c72774968fe4b91a725f5f6cad45091f2c582f7ea95db7f99,HEALTHADD,NSE_EQ:22592,NSE,EQ,22592
e2611620428235626ae566906dd4e1d79d24f39425a52b9734585a1dc97d0a58,POCL,NSE_EQ:14385,NSE,EQ,14385
5303e404571180fc26b8d02d18a18b9e78c0961f151968c34ca6cd338c80e321,SKYGOLD,NSE_EQ:13634,NSE,EQ,13634
5a11bb53e53c40989fcc25a47ff09e76927100cb3804643a81908ff0ea658758,MUKKA,NSE_EQ:22980,NSE,EQ,22980
020beb786a6ed55ad8b13996abcd16a1a9b09197f8a513e84002c0b20e778cfd,AMNPLST,NSE_EQ:19867,NSE,EQ,19867
0ad3b60f74fdb79f0e67821b9184d02f74fff731e2a3d29852efc9bfcde9b0ef,HMAAGRO,NSE_EQ:17053,NSE,EQ,17053
bf0e606cb911467632bdc398bfba72caae3d90fffeebbeb3790f7f54baa5d9b0,AZAD,NSE_EQ:20905,NSE,EQ,20905
475819a29a7838e41e43661d7098045c18b50e252b057e8cf5749416c3c9b133,RHL,NSE_EQ:15162,NSE,EQ,15162
8c15935a30bfda32b9c7652e5a27c80175ced42646c2be38b2ef187be79df609,ESILVER,NSE_EQ:20257,NSE,EQ,20257
daf035d103d166552cbf907b30c18e2519641c1a4c89929f4820a6b6264db5b2,HONASA,NSE_EQ:19813,NSE,EQ,19813
befc69f76b5299aa680cefbbc23e5a362b49260907b3e4fc6357907747600148,HDFCPSUBK,NSE_EQ:22595,NSE,EQ,22595
1abf74d284a4d19924c3736611390c08fc700a387c3368e19ca42f3d0bb6b2f7,BANKBETF,NSE_EQ:21986,NSE,EQ,21986
87580e9ff3a73dda1891315f454aee56dd6c93353ef87b3c328bae74928cb9e3,PSUBANKADD,NSE_EQ:17616,NSE,EQ,17616
10c3043a8439a6e189be1c7094d8a31f88d596b8cc7f9b0062ab6605c354fc8f,MOREALTY,NSE_EQ:23184,NSE,EQ,23184
a92b01334878fc5df2746d199d450e7a522a643afbb90b787e82298611f20f8a,HDFCMID150,NSE_EQ:14236,NSE,EQ,14236
d804b390a261fed73e490da2f6c42d3b7484aebb9caa0a42595e8a9c16d8fab5,EMSLIMITED,NSE_EQ:18593,NSE,EQ,18593
109350a69d07582d9ecafcbefa7f6315ccf44330905a98aa81bfe1d2a798f22c,ZAGGLE,NSE_EQ:18608,NSE,EQ,18608
de90f0aaad4c850e268802aec53e0d38d794f350e76f6b5fea2f3173a830c4bd,HDFCBSE500,NSE_EQ:14230,NSE,EQ,14230
218d7b8bcd9abfae151142fa495a9883c62011d1354d3cfac6939144c7961135,SBFC,NSE_EQ:18026,NSE,EQ,18026
5af8f7e28bda223e4c6d99b1e03d6400a572ffc40d78525bf5d43d10bcc4118a,VSTL,NSE_EQ:22730,NSE,EQ,22730
639fd779f608f4f3569b349bf2c8f8668811ec253410e75bccf872829d3af98e,ITETF,NSE_EQ:19633,NSE,EQ,19633
fe50ff408736e6d296d75d24ee57e1e36b66393361786b23e5a61e0f4bf9985d,LIQUIDSBI,NSE_EQ:19705,NSE,EQ,19705
d12de29e21c6e8cba356920be1bc580f579d210092ab75b45b19add25e4596f8,HDFCSML250,NSE_EQ:14233,NSE,EQ,14233
2641c5de10f5d64a10406c9b3e4534f65dc66870932d2e172ceac22c696f8c50,GREENCHEF,NSE_EQ:17092,NSE,EQ,17092
f8a0987b2aecec47fc5dd4244f430a57f83fad121027ca95ff1860c72d684f27,SRM,NSE_EQ:23403,NSE,EQ,23403
bbab8e465270df06e857de3e397f95b2e29c20db7098a9249ba8630c3cb303e7,LIQUIDADD,NSE_EQ:23407,NSE,EQ,23407
1925548208b561df714cfa2f8f0fd59710c7a26fe0562f661c358dc8f727b932,AKI,NSE_EQ:14895,NSE,EQ,14895
b437a3a21af70b6804dfc54fe49cb361845a7d46d900534915abab209b9d3bd1,MOTISONS,NSE_EQ:20788,NSE,EQ,20788
1d3c39e5dee35c87c08757cfca581124ef15b04990e1908991d569648ed3057c,MAXESTATES,NSE_EQ:19646,NSE,EQ,19646
cc712f87069226bd28364afb6e023a511e9d84c61b4621739ecb9882d4e5f200,IKIO,NSE_EQ:16822,NSE,EQ,16822
8288c19607c835c17bffde749867bdd9eaa9837a8752a3f2c8375f603f42f766,EPACK,NSE_EQ:22463,NSE,EQ,22463
4371d2aa0e6339c0d4ad5be67b4be819efdc5b07b855633a8b81ca1b73dfa2e2,YATHARTH,NSE_EQ:17738,NSE,EQ,17738
ef0cf7dcff2bb1d804b9b347c9a43a4d7031f53721f53044405b0631fd186992,SRGHFL,NSE_EQ:18119,NSE,EQ,18119
681a9936dbd97c8cf7d9863431b484062d4dbd2876bf689e611d3a2e6d37efe4,GSEC10IETF,NSE_EQ:13143,NSE,EQ,13143
277596e0eaf3b8da8f8782592a8f275af28edeb416ce122768af0d46a0f186ef,SAHYADRI,NSE_EQ:14900,NSE,EQ,14900
a46ad5bba1b9af7b40cd668b7556ba93914e903db29b536071d869e43ee4c706,JSWINFRA,NSE_EQ:19020,NSE,EQ,19020
95e70b506a6c3bec77a11ec5cba7a1572846d0671ad4037a712202249e502fea,VALIANTLAB,NSE_EQ:19218,NSE,EQ,19218
f44ebbd694558ab43ff0bd41608949742ea5da1e51a65fa6a5acab20104e093d,ASHOKAMET,NSE_EQ:16943,NSE,EQ,16943
24a3f866e120f75c95384e246d9e5f93560b46be816150e19ee0fc71ca6df611,AEROFLEX,NSE_EQ:18268,NSE,EQ,18268
7cf79d2f86c66c5754a9e84b51fb5bced5adb4e7bc20e80211492b68d82458f4,ANLON,NSE_EQ:13657,NSE,EQ,13657
4a752a2aa9a5da922d6d39c734b92457d58202a43b8dbcafdda0267a992215be,TECILCHEM,NSE_EQ:3453,NSE,EQ,3453
0a83f6936a5da3a99e555f80f67d8b37fed6ce515e4b6c034d327f6f5f8febb5,VLEGOV,NSE_EQ:18021,NSE,EQ,18021
07eee94d6762e83356e44e941d277ba19879f68a14d034489bcbd72d13d58412,IRMENERGY,NSE_EQ:19597,NSE,EQ,19597
2d82db91d91ddbabc1bcf2c53c17dad45ec6980d46f8f1a4a6db824139b66844,PSUBNKIETF,NSE_EQ:14584,NSE,EQ,14584
69fbfb0a84bb8444f0e0f985659201961892872bb1e31e16230657ef549a9bb2,ABSLLIQUID,NSE_EQ:14518,NSE,EQ,14518
08623e591dba9768001c78d7c4d82fb5b33c2bebac51c9662fef710eff7c9797,GOLDCASE,NSE_EQ:22901,NSE,EQ,22901
5192bb542411925b03339de6278dbbb3e8df7592f422ac6ee3e66fa37716cdd8,GANDHAR,NSE_EQ:20303,NSE,EQ,20303
6e1afa09725fc99f63ed6a86b8102cfaa231120bcc65c797d1ab011de6e4f749,PARKHOTELS,NSE_EQ:22649,NSE,EQ,22649
065e1eb0b53118ebedd496d902be310f5fd13e6368f3bd94135251018c0cbf59,AARTECH,NSE_EQ:17164,NSE,EQ,17164
17215535952f4b3d45c1dccb48aa638f68b63be0e7ccf74ae6bfc54e4c0c2f32,SAMHI,NSE_EQ:18614,NSE,EQ,18614
c469ceeb43a8546174f0aca264c3827efdac0d144d48d66ca24d4df1cc89b842,MAGSON,NSE_EQ:17091,NSE,EQ,17091
011dfbbad52c3b265c67a0a38390f9efce384d190fe149c2a086878cffc3450f,NIITMTS,NSE_EQ:17747,NSE,EQ,17747
7b2e3febf5e38d32c0fb2fa78d2d98892ab9c57f0ee6fe961ad214f1f621081c,SMALLCAP,NSE_EQ:22832,NSE,EQ,22832
da5246d8a7319a761bf60618f0e8b57dbf4603323dccc1e8c00c28a0e51ca1a7,NUVAMA,NSE_EQ:18721,NSE,EQ,18721
2d9da900a2d6f235d8ea37fbbf0d996eb58e2f8acbffded336beaa86c9182631,CYIENTDLM,NSE_EQ:17187,NSE,EQ,17187
f2d8c9c590b3c7839ff2b5dd6d3b89132e4d569a661a2f30cf6309ef34fb50b1,INDIASHLTR,NSE_EQ:20556,NSE,EQ,20556
61155fcdd3f5b5a08f0946302044fb8a0a31cf716d25151bf16839d5d36b3381,BBNPPGOLD,NSE_EQ:20547,NSE,EQ,20547
f27879f2f5b86106e021f8629a07522ba106d3636a454c5cf163159723ff9c97,PVTBANKADD,NSE_EQ:17576,NSE,EQ,17576
fbe1496001b31e37062652155c5157b3e2f17376ed5940e694cf2a342c83c0d3,SURAJEST,NSE_EQ:20822,NSE,EQ,20822
42fe692327d268ee7462c70e38e1bf97a182ca95f08db2208dffdd20c2381e37,MVGJL,NSE_EQ:19015,NSE,EQ,19015
c9bbc44396bbe9833ef6d6c8a678d5855aace130ae173cd98a4c2152c0a73538,NIF5GETF,NSE_EQ:22521,NSE,EQ,22521
99c378407d41adef3b6e8242cbd96e62de58254d907183a856097366d1d3c8c8,FEDFINA,NSE_EQ:20322,NSE,EQ,20322
a7e3fd0afef651d8ded588cf8c14c80e80fbd65b0ce8e1ca41a7feb45a3f647d,LICNMID100,NSE_EQ:22722,NSE,EQ,22722
d48b47ccbe8391f88519f39e99a5c6ace8a2b315e88a2ef52e87aabb8e728af4,LORDSCHLO,NSE_EQ:18235,NSE,EQ,18235
3542a663c4fffd22cb1e6e74df6bc9663b9ea3606273183ffb20316d397c2024,REMUS,NSE_EQ:16154,NSE,EQ,16154
a56db446b9b7565c03e9fe53881c485c34cd89d43a457820c077201547a84953,BANKETF,NSE_EQ:17419,NSE,EQ,17419
dac605d5f2b6011fe4fbde251eafe8728ff59e3c206697d704bdc40723e19110,BLUEPEBBLE,NSE_EQ:23410,NSE,EQ,23410
f4315ff89f485ae3bd9ece297eee8549f111cbaf587a4b6127391a45b31bc850,PENTAGON,NSE_EQ:17132,NSE,EQ,17132
d3ce1bf714d7c41193a5eebd6a8da52fab5bb76da32a51c7f6e8b188acf30edb,EGOLD,NSE_EQ:19933,NSE,EQ,19933
c4e409896a23312b400f5544a24f801bc999399cc1b934a557129d5f08d34ea7,RBZJEWEL,NSE_EQ:20874,NSE,EQ,20874
f33f3b97e93cfe7a1bbbb1db4ad5ca610655a37dbc3c49b2bde7b343f5b9b200,DAVANGERE,NSE_EQ:21794,NSE,EQ,21794
4b6f6e963f32f561bbb6683c46a553c6290191d4941b6ec02dc2258a5fbfe418,ITETFADD,NSE_EQ:17207,NSE,EQ,17207
1e23e70112fb5d548798c276870ee4e5be57fc62d5fb2bdd849ff58b30f000a2,PTCIL,NSE_EQ:16682,NSE,EQ,16682
2cbdfeea308fc3a1a11892d4bbf084cf631fa15e3762654246e73747f6fbdc7e,AARTIPHARM,NSE_EQ:13868,NSE,EQ,13868
cd11a0d205064dcda528a8d54a4461e392e987e7d0dbe566b236f70f9e6a3137,AUROIMPEX,NSE_EQ:15869,NSE,EQ,15869
cdb847b608c049a41c3d2afc4bd836753710b04e1f0a8f41b6ebe996e1a02751,NRL,NSE_EQ:13675,NSE,EQ,13675
5d7d3f6ac5dee25a5024caf5a912388f10a0d30308468312d0c9d97a69f8a8e0,KRISHCA,NSE_EQ:16147,NSE,EQ,16147
ceeed7666d2bde5caaf4dae7de69ee746f96ddab83ba905417313e55d2516938,RADIANTCMS,NSE_EQ:13580,NSE,EQ,13580
581d7a6dc46126a4582a28bb138072bd9c3430510fe58cf2c60f9400be474cac,BAIDFIN,NSE_EQ:13794,NSE,EQ,13794
a896edd8365cf0f2890d07e19fc9c8f6a94ed51605b6979c16bd479562ee29a1,PYRAMID,NSE_EQ:18250,NSE,EQ,18250
0085fc183173849ef27b0258e58dc76d756e64b31135d9ad5d8027f21dfdddbe,GHCLTEXTIL,NSE_EQ:16696,NSE,EQ,16696
9865b4501130f1ecee4b98944c159414bcb885758ee94a0c870b23cc12b48e97,MANOMAY,NSE_EQ:13753,NSE,EQ,13753
eee9c13871acf6b42b29a96e1c181ac8883c3618a0ce8b504fb29e2d183616d9,KAMOPAINTS,NSE_EQ:13817,NSE,EQ,13817
dd46a729cf7863b76c9e06c51f2ac7bfffe3a0395ff113ea917f1f8fa97a2172,IREDA,NSE_EQ:20261,NSE,EQ,20261
cb42c3855f1ab73f9d9da6afb6372a0b7c3a019d509bc1b5e8cc8b0d78691d20,SADHNANIQ,NSE_EQ:15349,NSE,EQ,15349
893cb445b1968890df51ddafa9f8fb7df712f01976136490ca5427b6276ab3f1,NIFMID150,NSE_EQ:18347,NSE,EQ,18347
ad09e99c6f008460f6c810baf656d5a5e95ab7f92e613a8fe954361b39fe5138,YATRA,NSE_EQ:18760,NSE,EQ,18760
0a7a499be9a4e747a6645f2717221ef270808da78d423e938bcd40a448395a3d,PLAZACABLE,NSE_EQ:19458,NSE,EQ,19458
898b87498abef56f0194985eb7becda97aa77ef68268f24420b2fe77cd339122,LIQUIDCASE,NSE_EQ:21750,NSE,EQ,21750
4f2cd9aaf0e2a32d70beadf6f74d897a23b2d386fa84bf68e731f183f6c6a7d4,UTKARSHBNK,NSE_EQ:17358,NSE,EQ,17358
309f9f083ab7addd4b5c677a5eb6c4c6e018daac4d2d04e15debd2d2b0892d90,SECMARK,NSE_EQ:19496,NSE,EQ,19496
76b598a1f7457c37c41b80517dbfeac0b4737aa17fdbafe883e93bc60227dcb6,MONIFTY500,NSE_EQ:19237,NSE,EQ,19237
af48c7585d256d83963646d97e9c163e1a20d7e564c9cd43812c605ad0d9ebda,BLAL,NSE_EQ:15067,NSE,EQ,15067
5e4f85f5503448b50b26568441dbc47132ddb09cd8f6616f2c1b113f2f7b69da,AXSENSEX,NSE_EQ:14742,NSE,EQ,14742
79aa8654dc2940f2557e711cd9e74ff538da5908e9ecc183df250d2729360bf4,REDTAPE,NSE_EQ:17859,NSE,EQ,17859
38ae2809a7e4983499ad5a0c62d5c88d45fd52a57df3b2714a913674ac2a504b,MUFIN,NSE_EQ:19783,NSE,EQ,19783
dbb1d6a278a801c17b9e67c7191e4a11fc47ae3ce42d43ec82926f5801bb4cff,VIRINCHI,NSE_EQ:15295,NSE,EQ,15295
0662837e368e8577bbf7c0d6c1a8984d14ac712c3eea72f35515ee98ecd27b73,HOMESFY,NSE_EQ:13526,NSE,EQ,13526
c31dddde4579258836ffcb501688adf746fb9f342ca4a5e2baf84199753d45e4,SANDUMA,NSE_EQ:18359,NSE,EQ,18359
c51fb9b52aac0ff0312fc8e2cac230dff0ae58bfc0e55dff9510beabd0f642dd,RACE,NSE_EQ:15391,NSE,EQ,15391
fe2a134749b3b8a7b0ff3c286128be202d2c638036b6d53cbca3cc273285fe53,INFINIUM,NSE_EQ:15036,NSE,EQ,15036
df7f6232ba5e08875b1d633af8dfe2854001b0ff661b70e05c88fa25ac25c23f,HAPPYFORGE,NSE_EQ:20854,NSE,EQ,20854
773e1a812563f6cb3cdc4087e501d3a9c9423428a05443dbacd6338450d22f22,SABTNL,NSE_EQ:23367,NSE,EQ,23367
8b0f56ca6427f410d2d416caa18b3cb3a213577d2e5255fbc553b205d5b7aae1,DIACABS,NSE_EQ:18545,NSE,EQ,18545
e2a88bb8b60ba48d47be06b2e5637e68ef2d792a3c97ebfd098e1191ba9ca45e,YASHO,NSE_EQ:18131,NSE,EQ,18131
03b5655c90b319536f54ba47d40c28da666f100dcfc0d5683795d5cf3db0b484,MUTHOOTMF,NSE_EQ:20831,NSE,EQ,20831
600d950ec6268f5fbf85b6c2303c89f165a819d7794ee62deba19428016a6637,GPTHEALTH,NSE_EQ:22846,NSE,EQ,22846
d15546a3288cbedf1f9c553b9b140882ad2e6660fb3f33dd2ea86d38b7aa7440,NIF10GETF,NSE_EQ:22524,NSE,EQ,22524
05d6f8339e84560c4616ccaa8b1c068b854a9b2d5dace0a3873d37e6b3c7f623,RADIOWALLA,NSE_EQ:23442,NSE,EQ,23442
02bff829282b91f0bde6204c432fca6685842eee735a72184eef6a82e2a0a133,KALAMANDIR,NSE_EQ:18755,NSE,EQ,18755
0fcd64009924df7310e82ed1e157991920fa9dbf768faa3871571d6737409c39,MEDIASSIST,NSE_EQ:21705,NSE,EQ,21705
3f9b12aaa4828e5d2193de75928e82b286715f5b50d559ba291950fd1f853b64,ENTERO,NSE_EQ:22717,NSE,EQ,22717
723821e8b37ac970eec97b2f55d84c28951b5faa37d19150c7d5d850d60ac8b3,LANCORHOL,NSE_EQ:23027,NSE,EQ,23027
11d358148101739bcb870f4d8729162f3c31ce428a92f4bf59b0192eb800a69a,BLUEJET,NSE_EQ:19686,NSE,EQ,19686
a16f7e8202c265a7f88097fd96932f1a198e06999823c4a0962dc100eae334b4,SYSTANGO,NSE_EQ:14506,NSE,EQ,14506
711833028b6e9163fd834c16ededc6a370c514963fd53714c805127131761f5c,TATAGOLD,NSE_EQ:21401,NSE,EQ,21401
a995b38f3d447efdfa5e62656ce0d5d8e28309cc6faa25e3ae77139a0e630357,RKSWAMY,NSE_EQ:23043,NSE,EQ,23043
dae0e2fc8b5d82323023381c5b62935fef9a20110a4667b3b19f13a287eecd0e,VISHWAS,NSE_EQ:23370,NSE,EQ,23370
56ad63d0d0d27f57aae8af0285ca24c17d2b6537979def1e32d12b071da6c445,JGCHEM,NSE_EQ:23056,NSE,EQ,23056
a372eebdd0ca3141b4e55b333260be1024fc898bfc1c6a23bfd57969c6916d88,CELLPOINT,NSE_EQ:16950,NSE,EQ,16950
45a7c54c84f0cbde87f6c2f6d221058ff112a419c588f4facbd0b7b5da153e8e,SIGNATURE,NSE_EQ:18743,NSE,EQ,18743
f42aaee385f033e33ecf63f8cb57dd5d160ad5501993d0e664c2c347216ea7ae,CONCORDBIO,NSE_EQ:18060,NSE,EQ,18060
5d18e4ad7452ecc5a98d92f963dc27ce0e8e9eaaefd4b5867fd34be352a179f1,CRAYONS,NSE_EQ:16419,NSE,EQ,16419
3da82bda0cddd078bd9bb5088524dc1a48bdb25d81b85c8169a1bfbcf63dc4af,MANKIND,NSE_EQ:15380,NSE,EQ,15380
71d2da588251398ad5048f60fa08909db9094c54a782b28cacb589bc6573dfbc,SOTAC,NSE_EQ:14993,NSE,EQ,14993
1c3b31203d4e53099a75763c44e77d1d24a9fc07aefcd4f56052ef664abd4b80,GOPAL,NSE_EQ:23066,NSE,EQ,23066
fad4f2bcc721c13bf2c0a0e0044e042a2d9582b85f3fa2cf9929d050e54562e0,TREL,NSE_EQ:17795,NSE,EQ,17795
73141e36cd33d1ae731d12236c1e4a009ce847b9caf2700dc80c1a04e9a67753,SUNCLAY,NSE_EQ:20956,NSE,EQ,20956
61e2f41241b28c6314f86cc46785aa90fb25e02e1c3dcd0a8e278049bbe051e1,RISHABH,NSE_EQ:18417,NSE,EQ,18417
9054fa05a6aed467df04011a2fcbe73fe5267269c5f0d26b67e66f7251037d44,SILVERIETF,NSE_EQ:7942,NSE,EQ,7942
09f39e15055cf7bf856ab21dec5f4e12dedc4549e0ab7ad6c24408f29018e142,SENCO,NSE_EQ:17271,NSE,EQ,17271
300c9433d408256fcb9650a764d39a9e7fdbe5d40fd8f86bbc3a5ada5a781198,SHERA,NSE_EQ:14172,NSE,EQ,14172
9ce6456b4ab2df504ca7d239d44b02b7c183a30b62d1fb68178a5789590515ed,VILINBIO,NSE_EQ:16954,NSE,EQ,16954
c6ce22cba27b4585bb2a9c744da5ea645eeff96ac2c9df3a350842633e62a1e2,EXICOM,NSE_EQ:22947,NSE,EQ,22947
87635c7164411b9cd14d21ab4634d87a6727def3669d9a1aa6271377cc43c4f5,PVSL,NSE_EQ:23142,NSE,EQ,23142
3da30095b68d8df0348b86660aa9f8c33617b2f9bbecae4ef342bd708fcbf1fc,UDS,NSE_EQ:19113,NSE,EQ,19113
b7245cc51f8705123c019ae6fdcf929c638361cb708af0d7103bf528a8156ebc,AVONMORE,NSE_EQ:13566,NSE,EQ,13566
0dae1ffa7f78608c87a59a8fcdfc084f7309b023fac18104962d192a860a4d06,PRUDMOULI,NSE_EQ:20528,NSE,EQ,20528
3ae16d7fdb23912b6d0278a8be62f9f5c87e432f74e3101b263e1e2f6ef0a96e,LIQUID,NSE_EQ:17572,NSE,EQ,17572
25b185a8e7f739a2a960f6755defd268e371ad7c6532b76cdd410cfef74e4f8a,IDEAFORGE,NSE_EQ:17140,NSE,EQ,17140
20f5ef1259f6d3f7fe51b5bafac61af2082ad2e3321ac0919bf7ab8316c45e14,AVALON,NSE_EQ:15058,NSE,EQ,15058
54252d96b23221a3cb8b99618047dacee4c3733d7920876e90defad832dc11d2,SAH,NSE_EQ:13689,NSE,EQ,13689
a1b0c36ca5415eebe667359f1d7726a5176d802c8946d389cd18c0187268bee7,SILVRETF,NSE_EQ:16777,NSE,EQ,16777
1a09ebfc4cf5c4d5b77ff1e89d51efc2688c0ca95850ed4f4867132dba03a9fc,DUCOL,NSE_EQ:13766,NSE,EQ,13766
ec433671a142eee08892d81be6e5b887f8234895142921395b648618d8a60252,VIAZ,NSE_EQ:14316,NSE,EQ,14316
0db30fccb6745b278e4204dc097283795c47d955760451c022b23fb7bc1da0d2,QFIL,NSE_EQ:14613,NSE,EQ,14613
fea4494491da879c06f11b5bd8eb3e2578d604bb1198903425082604b8a97fa5,YASHOPTICS,NSE_EQ:23451,NSE,EQ,23451
618fafe477b854289decd57792657c11e2168fa4928d5a2c060beb752a2daf51,CGRAPHICS,NSE_EQ:23468,NSE,EQ,23468
ca88156d32c5d6ee2db852f13a763ed621a67bb19b809c08c40d5bc851f3ddda,SINCLAIR,NSE_EQ:23480,NSE,EQ,23480
5c2bf39501c7f3c627405601a8f9de5071af3e13de9c0a08583e8703da141867,MODTHREAD,NSE_EQ:2241,NSE,EQ,2241
1aeca0aea95b931dc59459c22ea2227861db51bdba36adb9adf2daa553b9ec2c,ALUWIND,NSE_EQ:23474,NSE,EQ,23474
1e380199bf55ebda18ce016567ac7c89a7d84fd0db9eb971750e3874b1b9a264,VERTEXPLUS,NSE_EQ:14491,NSE,EQ,14491
b16c1b5ae53dc0b24c1c75885bdc29a7db8105381f793e0c5311918d3a1be950,GRCL,NSE_EQ:14052,NSE,EQ,14052
8da9c6326264dd807be65c18bdb45cfdee7d6db63f5478fc9572d5ead98ac9aa,BHARTIHEXA,NSE_EQ:23489,NSE,EQ,23489
830be644ee41d211a6fef7e7793bd3f07d1ab93c332f2afdaa33cbb78c80e1fd,DCG,NSE_EQ:23520,NSE,EQ,23520
c68fac850e2bf9c2a8625a9bba6d10ecc67bf70f888dd91dda129745934d2b3f,SHEETAL,NSE_EQ:20415,NSE,EQ,20415
a81f012c8f46b61ae3598618ac635694704ef7c2f857bd9766e55d931e02a781,AIIL,NSE_EQ:23553,NSE,EQ,23553
d0c1102a71636e0182d6c92ce781b41be78506f88e90dc5494891ab273da1ba5,RBMINFRA,NSE_EQ:13578,NSE,EQ,13578
057158df9ef9153bdd43f0ae4c127458725fe530d2788e00cdc594dd6e6f4623,AGUL,NSE_EQ:15147,NSE,EQ,15147
3011429f8d5d340f736bcc8e09abf387ce06812b0790de7783024c7fce9e0479,BIRDYS,NSE_EQ:23559,NSE,EQ,23559
72f02a73b913585261bd2b11a1d08ccf7c93432cc65774731662daab45a3c384,BALUFORGE,NSE_EQ:23607,NSE,EQ,23607
0c254202e6bb95563a5ad2ae8e15ca7ab0ea7a123eb96bf2c1543c900f13db24,JNKINDIA,NSE_EQ:23621,NSE,EQ,23621
25331c81e334490acd96aeb5ea985a9a11e27653a2e9ae8a5a92e070ffe934c3,GLOSTERLTD,NSE_EQ:23590,NSE,EQ,23590
f9f801d156c4a4df8b5361f0ddb0e6e26dedfc5e14aff049995fef01969bc945,MVKAGRO,NSE_EQ:22976,NSE,EQ,22976
bddb23377d923dcefabb365ccd6073185968d617e082933ba717b357944bc664,NIRAJISPAT,NSE_EQ:18840,NSE,EQ,18840
3623bd938065376996b5e09f3d0fc7efaf09412b4d9f110db5254675e063ad2a,SADHAV,NSE_EQ:22897,NSE,EQ,22897
bf7e54cca7ed22a37268bdc7d2723314cc1b120352e2ba0592f3e758594a9326,DEEM,NSE_EQ:22799,NSE,EQ,22799
80d1032611c086bb41eb7415c2d71b76517d4b4f2dcd427bf0b6c4fc80db40c5,OWAIS,NSE_EQ:22911,NSE,EQ,22911
ec2584407537f6c42b1391f75de62818dc56897b6fb7e03f8a96e6083dfc780d,PURVFLEXI,NSE_EQ:22938,NSE,EQ,22938
87ff5eaa9f41d71e8546f74f0c6ec1bc68407773c938fa014b8a94c1abcea5b1,INM,NSE_EQ:22770,NSE,EQ,22770
3e0ff60c08f3e21031fe2b8e68606d3d59cc6d96660a1b0776871b78d65e7e64,TCL,NSE_EQ:22777,NSE,EQ,22777
8946150149fc999a4d8e0d6ee32ff796c580d8d1fd133504f876df8b3d0ed18a,RCDL,NSE_EQ:19681,NSE,EQ,19681
0296366695eb0595e79c9d12fc9e5065054f212f03234621c0e0be98297ba0b7,SAHAJSOLAR,NSE_EQ:24478,NSE,EQ,24478
37c54cb11b8a283ff0c89a21fb9e04604b509e995f820957f7c75b01d1bfb02f,GSEC10ABSL,NSE_EQ:24847,NSE,EQ,24847
10e2f76a77c6c05911af5a9b015d5ec44d91e8265bfe5339c94be01f10dda757,ALPEXSOLAR,NSE_EQ:22688,NSE,EQ,22688
00432ba4f046fa5364d0c7a370fc721cb52acc4acfb3027df2193a2137a35618,APS,NSE_EQ:21451,NSE,EQ,21451
57496389ab5334557659dadc32b75df9c7d9b393066b196e5f96ce4093875d0a,BABAFP,NSE_EQ:20141,NSE,EQ,20141
40e8b55c6d6f28e3ab0f4322400cb88f5e61397cda93236c1e518c35be67cf09,ITALIANE,NSE_EQ:22645,NSE,EQ,22645
d151e6fe2fcacd5e07baaa0570957955c97c38bde0bb92ebe4d60bdd125a82f3,POLYSIL,NSE_EQ:22711,NSE,EQ,22711
559b17d6610b7d4b97f5adabba6af3c0d4fe6a4c4ff7c63f7b5ec9a70ab0c17a,SSEGL,NSE_EQ:24697,NSE,EQ,24697
f605f8843e2a1bea488dc979ad53914f4fd4cc42df9ab03be563704ace7a7747,GLOBALPET,NSE_EQ:17167,NSE,EQ,17167
42acb1073f9fd8efa51f8a01b80237155b13a2a2a717d9a1cca3f9b41a4bdc00,TBI,NSE_EQ:24019,NSE,EQ,24019
4f69170d233de4784694b2d8b9a2291133081940999013a177596a77b5f30028,LIQUIDBETF,NSE_EQ:23915,NSE,EQ,23915
3ced8dfcfe2250ba9fe7da0cd02815d1da5cc972e4b0bd4f146fb7ae990e9d2a,AADHARHFC,NSE_EQ:23729,NSE,EQ,23729
7077eb11311b68059f96d1b1027d733106fa4ad6fecbddab02bb8835f360f760,SSDL,NSE_EQ:24856,NSE,EQ,24856
b470d30b2cf96e3a96c43076deec076862efebb629e8092e60bfd5967d4d871f,INDIFRA,NSE_EQ:21061,NSE,EQ,21061
1342e527874f2097a9b48c8aa22c1caa8dce7ec64864d1ceff8da1cd54fd26f2,CELLECOR,NSE_EQ:18806,NSE,EQ,18806
b3a783c58e0ac47630e15fca3032141207d73102717cca7bf16654e8deb059f9,SUNREST,NSE_EQ:20213,NSE,EQ,20213
8d6c63704785c79abb3ef311edd2ad41d6e8cbee768af32a2bdbd80048aa8467,ROXHITECH,NSE_EQ:20170,NSE,EQ,20170
323acc2a687938404fd17ddef0de690540c57ee8dfd5556a54999dca0c379e51,AWFIS,NSE_EQ:23864,NSE,EQ,23864
4e197ccefe3922de264909a4c129a8b50bfdf1cc7b3f6fe3cf4fed9c2c606f03,ORIANA,NSE_EQ:17882,NSE,EQ,17882
a9f850700e8a4117ef41c7f040abcc5007cba25149c1f4d7414e8f6460ada56b,SSFL,NSE_EQ:18056,NSE,EQ,18056
4bf76cca56add284834ab0e203cc273e590a21e6711de33e3f5c8edb6497c5c1,CEIGALL,NSE_EQ:24742,NSE,EQ,24742
79907fb987ecdf57780d9eef11a5ad62551d612e56fa28589434a3898daa4c0e,CHAVDA,NSE_EQ:18654,NSE,EQ,18654
dbe4ee92d4a0e0fe7fb5b28ae268da5e5534b82584ccf881b33455fb5e6a0892,SAROJA,NSE_EQ:18506,NSE,EQ,18506
1468521fd04bc98377476698a3640fd75725fa04cedb612cbfac27ee5cc74482,VERITAAS,NSE_EQ:23775,NSE,EQ,23775
556ac9a09278d8a91444bdfd75d8c7742cb06d13074e8f5cfccb533b16db9d38,PLADAINFO,NSE_EQ:19492,NSE,EQ,19492
d79c14eaf0d05ad85f6fb7192bf2fedc0a01b5bddc0c277abfac2360ff6615be,KEL,NSE_EQ:18708,NSE,EQ,18708
6757288368d58e05488004cd21fa566b84e232af1caa21f5f5648d60f60d65d9,VISAMAN,NSE_EQ:24274,NSE,EQ,24274
8c3eac724ac07b62d9f102f0730a019aed0b0ac5398100f9ab24047f3d1fa0b8,AVANTEL,NSE_EQ:24610,NSE,EQ,24610
636b2094a0dd47da04c34088e9dce0bee15d4fe20fa6a1af2b956fa627a783f2,RETAIL,NSE_EQ:24145,NSE,EQ,24145
9004e833fd5cfd7990fb00a2d7a661f1f47074f84423f4fff1de8627d32b2646,DELAPLEX,NSE_EQ:22527,NSE,EQ,22527
47dba6b2461da92eb86d1be498a69f90f0f8a6cd5b40d2c48bf96e396808e8b7,SAAKSHI,NSE_EQ:19093,NSE,EQ,19093
005e0fd6789aefd0d84591f0f806dff4c6d3375d910c1f70f7641815c60a3e2f,ABSLPSE,NSE_EQ:23806,NSE,EQ,23806
bbefb31cc44531a59e7d2e7450b2ccd8c4a04189b2f3c61358b919a30971c249,TUNWAL,NSE_EQ:24520,NSE,EQ,24520
ecc1e9967d5ed52a7759bee6afe656a4601b1d7d59fa1a2e0c74b36088de96bc,INDGN,NSE_EQ:23693,NSE,EQ,23693
e35ebc09a41bdbce744da711ffdff1734c7b7ef87cb2317fd9f3dd60d6ce6ed8,WINSOL,NSE_EQ:23714,NSE,EQ,23714
46ab955aad631038f144cd09ab19b2b84698276e539d7bcaedab1853ce333439,SARTELE,NSE_EQ:19863,NSE,EQ,19863
18cd2a3d7cf76b58746c322402cd7b6e82484c7351b5f27bee1afd11a80da91e,KONTOR,NSE_EQ:19287,NSE,EQ,19287
b0145dfc0396f3647fc7b799593d6767aac8b05d2f8852b959284864682513cb,OILIETF,NSE_EQ:24533,NSE,EQ,24533
ec6f19fc05e9020f398ca2c2cfa145dfb0a7e384052e6bf2e987d9a214e62b0e,PRLIND,NSE_EQ:23764,NSE,EQ,23764
a9f0e67f199cd43943f37eec625c0ca91789c1ea9b3b46d67b62eaaacfeb9760,OLAELEC,NSE_EQ:24777,NSE,EQ,24777
8dcc06d2955f13abff5216065a3caac587610eebfcc22bf62295f625e8ca2a93,SYNOPTICS,NSE_EQ:17203,NSE,EQ,17203
742206435f3dc592300d023fc2c1cd7f1f9f93d2ab1d2c668fc3411225e303eb,NEWJAISA,NSE_EQ:19158,NSE,EQ,19158
ab5d0efea04b68261b99e3afae23a20d889aab8d0c15d7d252b3cb4708823c79,SBINEQWETF,NSE_EQ:24524,NSE,EQ,24524
e44ffc968b672da335c26ffc2230cb376fedde4dcf10197004a8c9eddfe7442d,ROCKINGDCE,NSE_EQ:20289,NSE,EQ,20289
1707cc100df27aebef707350b28440b4f892fe8a1685301db234174a830f22ab,KEEPLEARN,NSE_EQ:8880,NSE,EQ,8880
a2d9c715738068398257a9e21952c93e2af5129acf58c9aa1efaadf03ef609d2,RPEL,NSE_EQ:24735,NSE,EQ,24735
a9ed2d9db357f15afaa840ba7641ea874377f1fc1c288b5300673641c64baf2a,AKIKO,NSE_EQ:24304,NSE,EQ,24304
203143d56afc19806ad3559ca4bb5f1be88b75bc53c25b910d4c43fc9b386af9,MADHUSUDAN,NSE_EQ:18728,NSE,EQ,18728
0d6db18cf408d08f6165824d100557b0fd03e3c88e1363e0483c2a42c3b83590,STANLEY,NSE_EQ:24226,NSE,EQ,24226
00788535f1c3a770e85013553a80d8785b0b5956fd54529c11d58df04d3f3626,DEEDEV,NSE_EQ:24154,NSE,EQ,24154
faf03b7ad7b0bf374ebdd1518166d0e59fd89c1cfbb9874a8fa547fb71b3e287,KRONOX,NSE_EQ:24025,NSE,EQ,24025
9b4ed3c2aa7aac29c95f9c60440e9dba6b811a41c84f4390b38835c0ccf26fee,ACCENTMIC,NSE_EQ:20488,NSE,EQ,20488
25fa85a9d7a955dad9ae956f44dd5f587537e120333155cbf69d4598354c7013,ARABIAN,NSE_EQ:19253,NSE,EQ,19253
278268d7fadd8867b14009a931c2c13e7a9c0dbdf55fb0586dddbf8fc1b2e769,MAL,NSE_EQ:19134,NSE,EQ,19134
149b3c1b4a52459d9fe56fe32ef876de37a5a7bf80c5243ec1ed557b834b9288,SHRITECH,NSE_EQ:17684,NSE,EQ,17684
df0e1d22b8dc5b174d901f4954a6b17de02cb213bb483b2d0343601ec8201189,CBAZAAR,NSE_EQ:20409,NSE,EQ,20409
846211f7c387c4bb2e52dc4503df145dc1e35c122807995ac59eaea0ca664cab,SJLOGISTIC,NSE_EQ:20542,NSE,EQ,20542
a16586fb564055cb415097209f88367a1de1ae420340ea9f065ffc06861eb3a6,MEGATHERM,NSE_EQ:22560,NSE,EQ,22560
e72aa49b1d08dca9dd0b8b08b3c1541d76bb62c50451355cb8570cb745e881cc,VINSYS,NSE_EQ:17898,NSE,EQ,17898
8147ce8d399c38a49fd96bd956ae817b23cc53eb4d10bd1b9e0e977017517b16,AGIIL,NSE_EQ:24445,NSE,EQ,24445
abdb66c698f1bd773e75e04a6fae3a9572430de1dc90ad3ccaac5c3141b50962,IEML,NSE_EQ:23792,NSE,EQ,23792
6314a94c0b40d68870c9e20ca4d15a80bfbd0d84c12b75a321e13dcdfd1aa144,RAJINDLTD,NSE_EQ:24707,NSE,EQ,24707
01e7fb6bd21feb0ef345f6028b62e8b22546e036c404b1ee607684a8c8775165,CHETANA,NSE_EQ:24625,NSE,EQ,24625
bb63bd08311e31143edbfa1ef1506f04b255fbfc2f81ee6ec867ea80aeaec0c0,PPSL,NSE_EQ:24785,NSE,EQ,24785
5d8a8803939c410b4c480e499a237f535a921ba6c1e81c183c92ba39f7395d2e,TROM,NSE_EQ:24642,NSE,EQ,24642
9352bc40494f46799db7faf7031a451e28ab1ff08b639df526de56c17e47c386,YCCL,NSE_EQ:17627,NSE,EQ,17627
0bec84246d4c54be502e7b139f4fe18a9b045b683f8cb2b72a300ca0a9a8b3fd,MARCO,NSE_EQ:18773,NSE,EQ,18773
93c3f2d52f645b4bfa78a9e05b1b846a497edf3a189b842234ed88444dc233d5,MANCREDIT,NSE_EQ:24823,NSE,EQ,24823
de152cf03eebb989658773361205088ece8312af616f1762fbe5f05bce5e3ea0,RELTD,NSE_EQ:24596,NSE,EQ,24596
d7e231e71ba945735b4e3b83e5a5a52be574c25abdf625fdc1dd99bf51b61546,DURLAX,NSE_EQ:24164,NSE,EQ,24164
1fa917349a4524fed4d665c68e977618f7b6e97b83c9330aae4a546024a80c08,INSPIRE,NSE_EQ:19154,NSE,EQ,19154
f885e519d7c74bbc086b3f6d491ea97ca177c822145b4c757808103fcc3797e8,UNIHEALTH,NSE_EQ:18582,NSE,EQ,18582
72afbd091a3233c258ae91796b596a0269bf47d2aac8f67e70f579e542115e44,SANSTAR,NSE_EQ:24582,NSE,EQ,24582
fe01c7a6461f126e3444bf54b7286c3d5dd75114b61657ed61de6e9e664f5692,SHREEOSFM,NSE_EQ:20603,NSE,EQ,20603
f9ab4c31622f751d788c552bb70361430136c2b609e4788367a3d1d636265ba1,RUBFILA,NSE_EQ:24730,NSE,EQ,24730
46f8a7c821a104da397e89153a8927c2674768c74db5f5c99b84546a32908338,EFORCE,NSE_EQ:20899,NSE,EQ,20899
4167d71f8471e6a1627710f5d889f6835ba93372042ce60cb16acfd315f08dbb,SCML,NSE_EQ:19469,NSE,EQ,19469
044f0bb5a9782b80df6a0030c11365f36e145084ad37eab0d153498c9f715f8f,MICROPRO,NSE_EQ:19887,NSE,EQ,19887
f34a03baf31e7714c0463085c361b74b875f33095d48a3c8001f3aa41e093a37,ABSMARINE,NSE_EQ:23786,NSE,EQ,23786
378edceb039301d121f26235cc989ab877c4f9dc46a629a3eb83b987cce978ee,FIRSTCRY,NSE_EQ:24814,NSE,EQ,24814
90282d5fb2ee9014e3a51ac186f7a17a5356be1f3edee5c6590c9d9c952d75cc,ABDL,NSE_EQ:24308,NSE,EQ,24308
15d8aa2cc653228f26a497569870dddafc22d11d42c42ca7f07666d09e0962e6,PCCL,NSE_EQ:24290,NSE,EQ,24290
ef30e5e227ddfe35b185ca4993a98eb64997078e889b9d68b48eb5687342b0b2,KODYTECH,NSE_EQ:18751,NSE,EQ,18751
6f3c603b812d364f8d8732d7c3d32720f9e4affcd6a0e50e52c52a0c1fdeee26,SERVICE,NSE_EQ:17399,NSE,EQ,17399
61f954e3d21b3e47ff18ff1d6898643e74b5ea30f29d7319420cc2e428e2ab47,OLIL,NSE_EQ:19386,NSE,EQ,19386
30a68d94fb1899c82e6ff4d817514675f01f3cfc223f60923d1a4c7f53b3c534,IXIGO,NSE_EQ:24067,NSE,EQ,24067
1c6f26a4153a57e23b510dc36ba19ccb317806fc7fef35b67e2f1accd594c77b,BOROSCI,NSE_EQ:24014,NSE,EQ,24014
9e8ee59a3cfcb2896f943ac1aa6d0d21395e28f754a228f4df253187c9c413c4,ABGSEC,NSE_EQ:24404,NSE,EQ,24404
a227ea8a1a7612aa8a2b878844101ba1b3ce47913cff41090ad1266a8b265740,AFIL,NSE_EQ:24159,NSE,EQ,24159
ad1e724a830de5ccff0f2c3a304051f04579cd241a41b2e9a6737928a4355610,SBISILVER,NSE_EQ:24366,NSE,EQ,24366
0bfcfbbaabf4562cbd6927d3cbf38b67ff9196807c98fdcbd1f765ed0ea48bb8,MAXPOSURE,NSE_EQ:21691,NSE,EQ,21691
1d660d95faf86a15ee70e956fb12e9a1a03d56ee5fdc9a1d432b42bdfe3a2af2,NEPHROCARE,NSE_EQ:24350,NSE,EQ,24350
8072539b2670e4e39bc97f96aea0529bae2fd2a288efdf93c1671217ec1a7164,SAIFL,NSE_EQ:21105,NSE,EQ,21105
1f0bfa1e9e9e6382433986bbe6958724d49c4b8cc3939cff7cc8ac23cb5c09be,AESTHETIK,NSE_EQ:24830,NSE,EQ,24830
ce7fe32bbfaafad5e714587cdacedaff803d8a02e0f1769a477f80b45b5fe39c,LAWSIKHO,NSE_EQ:22471,NSE,EQ,22471
9765d0bb13a6e779cfa81e3649e3e4ba35e8a9edfd8a66ee009a91b4308665b1,BBNPNBETF,NSE_EQ:24117,NSE,EQ,24117
2aab8eb42149cb343f2ebc42b7758b2a228ef9b0a1ea4e49d71fbaeadac3b8a1,TOP100CASE,NSE_EQ:24081,NSE,EQ,24081
a6b2e9ea3f68b0509751544e0fbf3e854e948a105429386e1d00f998bb700b5f,UNIECOM,NSE_EQ:24809,NSE,EQ,24809
73215f010d8180c8101fcc60f24386329ba2222cd3771c2a071cbaebf60a4bfb,SILKFLEX,NSE_EQ:23736,NSE,EQ,23736
fcf5c71365cd02c0f2f92e33453f35a81f584a5e41770f80beff67cadbb75ae8,DHARIWAL,NSE_EQ:24747,NSE,EQ,24747
b5290c2d02ce4030980ddca89b12ee1bd207be1373e28671109ebe05c5024739,GODIGIT,NSE_EQ:23799,NSE,EQ,23799
674beaf1f1477d7265911a24fae1ac61a67a2a926a2736a01fce1de628f2bf0e,ZEAL,NSE_EQ:17766,NSE,EQ,17766
72896f000bd03e47ed7d2f8219ff362255e72fdf6a2f917e1b0caf4ab45208ac,DHTL,NSE_EQ:22533,NSE,EQ,22533
d359d604e27837468e8428c8b5ba3a30bb541165b872d4cda41fd0b2a7ded7b1,BANSALWIRE,NSE_EQ:24386,NSE,EQ,24386
e34139eea027d9435b936f523ccf46d510eb1101452b2f62c29ece8ec9138783,LIQUIDSHRI,NSE_EQ:24374,NSE,EQ,24374
9359d6ea160b8145c4d446cc583a7652f99392df462a6373b76887dd53dd395c,DTL,NSE_EQ:24313,NSE,EQ,24313
42b05b0e2d9088b887bd73f4f5e69e481008052bedc75470538abdb630df624f,AIMTRON,NSE_EQ:23984,NSE,EQ,23984
a62d90d681c12d4799acf855d29c42772da19d52c8eaec28af78459fc45736f0,EMCURE,NSE_EQ:24398,NSE,EQ,24398
3ba1c166bc14c91be1e7478f6f45fd4b51f7417b9d1729a4b78bca1a3a199507,CLSL,NSE_EQ:18260,NSE,EQ,18260
d71f4a1fb9895a7604a615ad3fc77ac8977983e90cf9801816207b18f5621f14,BULKCORP,NSE_EQ:24701,NSE,EQ,24701
48ee6f52161ac0eb2447f69f676a9efdabc6eac7d2daa222bc41691b2dc9d5d0,METALIETF,NSE_EQ:24861,NSE,EQ,24861
af9c5e36f93f28b0eed04deca74bd0c3270489f0ac32c0f33333df04e5afd157,VRAJ,NSE_EQ:24321,NSE,EQ,24321
5c0c5fb0d3b1b8df1623b47ce8c5291467849ef736449e6bad2d89b8d59bf91c,VISHNUINFR,NSE_EQ:19300,NSE,EQ,19300
98d96a1d6614108d03faad83a3f77a3df04846c51ce3f15f7bde7c6802061dea,CANARYS,NSE_EQ:19368,NSE,EQ,19368
e871f95bc20c2d1ad4e5083fe5bf24d2cf2a5ed05e82ee056158cd57f0ef9ff7,AMBEY,NSE_EQ:24415,NSE,EQ,24415
1953c9115947a5fdb99d81665fb6d2a6a18993b2a48005e83f309772b02ddc26,GOYALSALT,NSE_EQ:19356,NSE,EQ,19356
49cbfbe2bdc42c4ff458057fedc7babdcd3aacdb7a3fc385c11c90afbe947d4b,MANDEEP,NSE_EQ:23779,NSE,EQ,23779
2c7de866fd5555efda3091f45c140592b3f25eb73407a0b91a93e431215ec274,SATIPOLY,NSE_EQ:24504,NSE,EQ,24504
554725c2dd2e267c6e78724724c1d9dc6a856d19d603c194327ac99ce911d73f,MACOBSTECH,NSE_EQ:24545,NSE,EQ,24545
4c28e1a08b29083b3cd978583993f8a673dbf00eba3e9036113cff5930621753,GGBL,NSE_EQ:24442,NSE,EQ,24442
b17b30a93e766e46c52af103405b98ee572f10f09e4d8060e121cd4ca11a7d68,FILATFASH,NSE_EQ:23651,NSE,EQ,23651
9684a045e6f11c7bbe121f853b60a019f367d19b9ac04d5e5a81eb34269c0aa0,FONEBOX,NSE_EQ:22517,NSE,EQ,22517
d6a4d43f67273ce8945309019adb3479efb2000370d84d7f29d57eb983dcede0,TRIDHYA,NSE_EQ:17210,NSE,EQ,17210
6fec56b0cdb7d670e5e15cf5da532bc9e711215f6e08c5142b7e74141d9ef039,SYLVANPLY,NSE_EQ:24267,NSE,EQ,24267
bbb41cf9379b8a26b9d8d40abfdc2d382f7168f47cc14534b3cfc6571ea83ea7,SUNLITE,NSE_EQ:24868,NSE,EQ,24868
e443556e116fadc148ac01d7fe277f4c09f73e17fbcf7ce0d8612a3951ea931a,PRAMARA,NSE_EQ:18514,NSE,EQ,18514
4a01aa73cbee2a8c5f5b477aefd8b28cf7bc8b11937fe0d691be6781a591f44f,MIDSMALL,NSE_EQ:23855,NSE,EQ,23855
43247cede370997067470d44df6a281d0b81ae16fcc57e2e9a48b7f5ed0e9093,GROWWEV,NSE_EQ:24798,NSE,EQ,24798
b385489378eef7b45892a00935161ab7230a5a591dc09352a4f46cbac47a95f1,MID150CASE,NSE_EQ:24077,NSE,EQ,24077
1acfce097f784f90b9e6d9eaa1e74e880ec5504ff0dccbfe56acafed0950e5c8,SAHAJ,NSE_EQ:18354,NSE,EQ,18354
0f1e3f5ff7f01a75b10c4d29f4364b0bbd6ab8796750ddba77a52e587e560139,YUDIZ,NSE_EQ:18040,NSE,EQ,18040
7b433a9708d38066858f42fd255f2f2396a83b020fafa1bbc2f6f91e63b81ab9,BEACON,NSE_EQ:23922,NSE,EQ,23922
1cef6493a86dcc7e5e546dae3dfafde83a656c27bed6d009ab3172c17b609e58,EVINDIA,NSE_EQ:24461,NSE,EQ,24461
9900321450d89a80499bc7df65edc5d29dff06488aa453793f99bb14c591c161,MONOPHARMA,NSE_EQ:18392,NSE,EQ,18392
f763f8eae859c0b572567ec24406618f12797961bdd36488cfb0bc328ee51344,SUYOG,NSE_EQ:24851,NSE,EQ,24851
24dcc4f353208eeaf32eb04064e8a43751d43f3eee99cfce4efc1ab67d535d63,BAWEJA,NSE_EQ:22571,NSE,EQ,22571
72d3d9eff4e599eeebc9665a6e802587d37810becc63cfaf9e767c4a65b970cf,AKUMS,NSE_EQ:24715,NSE,EQ,24715
17adf6d5106159e49a85db2d384ba140904173bf5c7756ad54a0af61c34b36cd,TBOTEK,NSE_EQ:23740,NSE,EQ,23740
e01a4b47c0833a9e6defe5ecf80c866ea1ef27c64ae2bb8235403b426da6be6e,FALCONTECH,NSE_EQ:24153,NSE,EQ,24153
3206f1d1468bceca66f292d5187be45c0d4910b98d7903f4e503dcff5a6454bf,KLL,NSE_EQ:21186,NSE,EQ,21186
30e7724015a1f378871306cc61d597224206a1233f1cc6eadf42b7ae4b0a2cc8,MASTER,NSE_EQ:19011,NSE,EQ,19011
af936a33fe9d05c566913f03c705df5c90e9f993e37b4ed0fa78d1dc486014ca,MFML,NSE_EQ:24939,NSE,EQ,24939
023721ecd76a31deb230d66bc80c8b3234bb80dfd6d90695a38d1d3ac14e8f81,MODEFENCE,NSE_EQ:24944,NSE,EQ,24944
5f3c57c8c3fd4183d0bbcb2a75e1d8394df984e602375480b53acaa3d6fcd29a,TARIL,NSE_EQ:15174,NSE,EQ,15174
55ee6287ee9f384c5f0258eb3bb0d0d8d8e7a280d1866caafae3b8dfe800c1ac,INTERARCH,NSE_EQ:24909,NSE,EQ,24909
ee51437ec43db73037d898785dbffecabe3dace984d0c5daba206783622b9c99,IDEALTECHO,NSE_EQ:24956,NSE,EQ,24956
a5ec0b6f2d85141e06221201782585b519b974f0617736f8a5d0e6c59c377c09,ORIENTTECH,NSE_EQ:24961,NSE,EQ,24961
be771d19a50e27376dfcca660b0bdb7204b354029c6ff31429946e400a257190,KALANA,NSE_EQ:25443,NSE,EQ,25443
5c2ee0b06c09b7290f4b3b3f912119fe5277343e33e05e7632b6e6d574fe002a,LLOYDSENT,NSE_EQ:25807,NSE,EQ,25807
f86c0ba8d39b341122fdd69d4f457800e16c1e7cd16d552051cec8270212a576,GROWWLIQID,NSE_EQ:25447,NSE,EQ,25447
c51cb4c611e3b0e36e4d97531130de5c1c855ce87bd87bf192ba57e4f7daedf9,BANKPSU,NSE_EQ:25725,NSE,EQ,25725
855e5e4dd66f7cb2618977f2a9e23c664d22e94ebd77bc52dedd19255148570d,TOLINS,NSE_EQ:25262,NSE,EQ,25262
38beaf5e380dfcff24f2cbb6b5bcb172d0a661352aa308eee3f76180c156c3dc,WOL3D,NSE_EQ:25602,NSE,EQ,25602
259ec69775caeb31841c9fbcf5f102d2f2f6db7ee2565737897e2792445de51c,RVTH,NSE_EQ:25157,NSE,EQ,25157
afbb7d9f769885c01c28673d626c1037a74987e2e8730c9ee9acdaa0b14036ff,GROWWDEFNC,NSE_EQ:25758,NSE,EQ,25758
3f75104d4594555e5ef7a1cb3997c42b801f71c9c2f581605fa939598187b2f3,METAL,NSE_EQ:25744,NSE,EQ,25744
a6c11c8d047e4952bdaaf017bc4d75ba69adeb70f6e9c9a23eb1179323f4334c,ECOSMOBLTY,NSE_EQ:25060,NSE,EQ,25060
0c2f49e924f843224c80690cefd02e03d44fcf8e4e21cb3a8af5ba0b4e0990e0,PSFL,NSE_EQ:25431,NSE,EQ,25431
36aadbaeb45419795066ea9d2c69d1aec175a44a566dfb3783f1246daaa3097a,AERON,NSE_EQ:25065,NSE,EQ,25065
34a3d939df0d9cc2aab08a20b576da87716e8b1eaf3393726d0e7c8355f07902,KROSS,NSE_EQ:25252,NSE,EQ,25252
30df1eafc2d55fb368467084f3fef12c2e6adee8f9431f1bb0989eec485ad6ab,RAYMONDLSL,NSE_EQ:25073,NSE,EQ,25073
1cc4e58e3083258be934c31e921cabf5b896b8f71dced840a10893fe89f2d345,PARAMOUNT,NSE_EQ:25716,NSE,EQ,25716
42495e60a02e82fecbab7f417ec8f73613f8ac766803d545c5becfe284e3ad3d,VINCOFE,NSE_EQ:25835,NSE,EQ,25835
aadbe1d179bf4f5bdaa09c8c029fb6a28fe6c859b4e615a3504c68e3b57d39bf,EBANKNIFTY,NSE_EQ:25258,NSE,EQ,25258
4ed91a06e3c0a632856cd5f913febc990c1ec31e3d3d80986c370a3a914ba1a1,PRANIK,NSE_EQ:25818,NSE,EQ,25818
c4dc4b23db73a27605f5152087af07fdb4b76fb7be919372035eb52a8af9b656,UYFINCORP,NSE_EQ:25626,NSE,EQ,25626
2c2d49138c2ae2ca55536c48ecc6544b6e1eab895129ec96ec6297ab42c2597f,MYMUDRA,NSE_EQ:25211,NSE,EQ,25211
199f120590f4e0baee9fc79843abfa31d64255d2fd9920cba338636f3a414d49,FORGEAUTO,NSE_EQ:25664,NSE,EQ,25664
4e10cece57a6f2c106c9ab4d4546b662fcc1854403296ac9b7fabbef02621f88,INDOUS,NSE_EQ:25505,NSE,EQ,25505
dd24e89a6fa12b564f3c0f8c018f888a51dd7a0ff46974ea33b327a4f18125ca,VIESL,NSE_EQ:25231,NSE,EQ,25231
d323026fe78d950d34b7030eb90498b681ad8cc7a09bc24b3e44725ebf54d011,BALAJEE,NSE_EQ:25203,NSE,EQ,25203
93a30fe65f3a8c0aedef694105710f4817c7f597491e74c756f7dd3d9e6854fd,JEYYAM,NSE_EQ:25147,NSE,EQ,25147
6e5ae8d1e058165023e5ade48fab1d88fa442ae513e7f1c0967a194d3a19dd6b,TOP10ADD,NSE_EQ:25171,NSE,EQ,25171
eec627100e360bf6a2fe28e325d7ab2fe79f1586f550adad843e2a89ed3419b2,MOMENTUM50,NSE_EQ:25606,NSE,EQ,25606
87073a649429d474ba556564d54cdc5635e5bbf211a54a03a5ced9b7c6fc3cda,XTGLOBAL,NSE_EQ:25235,NSE,EQ,25235
ddab47cd1d9e37e7db5e792dfa0836847acfd4ee82425ae8c04b45bd8b7a98ca,EUREKAFORB,NSE_EQ:25162,NSE,EQ,25162
6daa571320e8af0d9aaa8a09a9e7e6fe9059fcdef52981fc74e9fc8a24195d91,UNILEX,NSE_EQ:25633,NSE,EQ,25633
3e018694821464e7b0694a6c86c7be256f971682e1de1ee87cf10e5c8a7dc0ae,STYLEBAAZA,NSE_EQ:25114,NSE,EQ,25114
14549059d08ed157a6bdf149c47bd3c8aa0df9c7098b7797e6347830a2590bc7,BAJAJHFL,NSE_EQ:25270,NSE,EQ,25270
a5bdabfe465fe5110b5191b3716ae52b4439c675288f353563e119a28d6c5f83,GARUDA,NSE_EQ:25800,NSE,EQ,25800
bafb25e8d36259d0fe25e1d0d7b81e99fb5907f1484d446c2f87b0530557e8c3,SANOFICONR,NSE_EQ:25222,NSE,EQ,25222
9f919cab0a7968c22eecf673423e15b4545f21b236be8598ff4c379f4313e58f,GALAPREC,NSE_EQ:25134,NSE,EQ,25134
d9cea966ac8852532c03c55d78e9c2bd80f1fe1df233135802f72c0eb2e5fc91,PREMIERENE,NSE_EQ:25049,NSE,EQ,25049
b5c562a95e6841544936be7f299fb8bebe10c9908bddacd053423f0f8c1b32e1,PARAMATRIX,NSE_EQ:25069,NSE,EQ,25069
8cb096af9b107e8e95e3b54e9ac4ab5d2a4b95a974573df41f149c9365161802,BIKEWO,NSE_EQ:25527,NSE,EQ,25527
0fb2732b34b32ebe34c673bd7215d363c81b4a9a00ca1c7c3ed09828b4a001a2,EXCELLENT,NSE_EQ:25324,NSE,EQ,25324
7a32b92e8fdb48d6882aff84eaf4943981377f03c2d9fa57d549a591e396d399,DIFFNKG,NSE_EQ:25673,NSE,EQ,25673
c649634f51892fda50c610b993276bbc693da9a6465e9e8669af43a1fb023ff7,MULTICAP,NSE_EQ:25080,NSE,EQ,25080
6377f806084b23c7815133f122eaaa4621b8ba6ada2cd1e0cc4c3c9cf2ecaf9b,KRN,NSE_EQ:25643,NSE,EQ,25643
ff0ac27a8a937f0448b1f66ec5ceeac96a37cf8724da0fecdeadde4a3223915b,DIVYADHAN,NSE_EQ:25680,NSE,EQ,25680
24b24d16c4230bb0ddab832489f77e109f1e79876bff7a7b291b4bb5119c61a0,SDREAMS,NSE_EQ:25531,NSE,EQ,25531
775bd257f8078cdd976b3b8b1d6b88ffea27f2b432d7b47249c3a51fc383fabd,ENVIRO,NSE_EQ:25412,NSE,EQ,25412
ea239c5eb00c6f0edd112b436e5c88ebfd4f66be198b0767ab891fec1d364b26,INNOMET,NSE_EQ:25320,NSE,EQ,25320
b111f3efc4632267893b5ab2ecca92c82758bbd8159ac3e41812629061d2c5e3,SRD,NSE_EQ:25737,NSE,EQ,25737
53a99602561c751cf475629dc6ce2be76eacefa8f142595eb9886727ed8d2919,PNGJL,NSE_EQ:25312,NSE,EQ,25312
d27a5d9ccb6c0594e98b471c91e63407a1959c11bf3946c27f8c36ea49acdc4c,NORTHARC,NSE_EQ:25426,NSE,EQ,25426
6bf64b9327d66579f32a48fcc5e4dc4497153922853421d4b8b0f2a928a55b00,MANBA,NSE_EQ:25597,NSE,EQ,25597
7d558398150debc808182b4acf280f7829d68168abdba1d2bb145453f259f6de,WCIL,NSE_EQ:25403,NSE,EQ,25403
3168ad290fe6565cd8bcb65444f923b5ee904f77a55f69883b37fd30055eaee9,ARKADE,NSE_EQ:25398,NSE,EQ,25398
0b1113504c59ec4fb06a83d8641a4e3354a23b4a83df5cab3e2e566bfc4c22f4,VDEAL,NSE_EQ:25054,NSE,EQ,25054
2309a96d8ada4d8d597111eff345eac88fe8f3edad89680edb396285d2318bed,AUSL,NSE_EQ:25248,NSE,EQ,25248
d00b014bd4113579f7c7cf98aaeed070a499d2f8ef583b54e3748740192d068a,AFFORDABLE,NSE_EQ:25855,NSE,EQ,25855
1ca497fe7ff1c2fc8012bd8d709b21360cf87b96c625f3de93123a1f837cc683,LAKSHYA,NSE_EQ:25863,NSE,EQ,25863
9d7bed9cba7f301b49dfc63cd19383369fd20e9e4f0ffa25817786c19f569e93,HYUNDAI,NSE_EQ:25844,NSE,EQ,25844
105eabc35586e776e1b54e010da06557e93aa724d5d59c8d633a9fd530fdfc82,GROWWGOLD,NSE_EQ:25872,NSE,EQ,25872
c2423b27a90eec6cbe9c15fe7c1938c1a3f37bc436991b691a3a3ad9a0d55bab,VAL30IETF,NSE_EQ:25851,NSE,EQ,25851
e07bc9c1761f2202a217300cb261f03bf18739e769cc27f420cc1da640ded65d,DANISH,NSE_EQ:25927,NSE,EQ,25927
e30e1d3bcf46f166669ff31a200bb76a3eec69052e7bb8103591fd01b4411218,DBEIL,NSE_EQ:25892,NSE,EQ,25892
0afea7d744b825aa58996d28692d6624f8ae6c360b88f0990f66f4db0e83eabc,PREMIUM,NSE_EQ:25898,NSE,EQ,25898
9441feb06f6f10bce47915860de5e6fc41bd15c06cba4b3c0c450b72b07aca11,USHAFIN,NSE_EQ:25952,NSE,EQ,25952
be0d6abb64bec67ea7a146b74dcab66d07a92641d66adfe7464ba270712db6d9,OCCLLTD,NSE_EQ:25918,NSE,EQ,25918
0be8145176640fd9fc2eb374867845ded25529b76889b340736aa956b1df9347,WAAREEENER,NSE_EQ:25907,NSE,EQ,25907
5accf8bd811e70fb5b33e485271afaa87520eb780880bdb44ee15fa1818896a4,GODAVARIB,NSE_EQ:25943,NSE,EQ,25943
73b3613c788f4cb98b99efa142172ab9cf461c4df53e4aaa3f79ac0907ce16b2,APEXECO,NSE_EQ:27288,NSE,EQ,27288
4fafb3197c8bf2f31c2618ece3144af9ce0b57cd4cc19b32eb17af54c6cacbe4,LIQUIDPLUS,NSE_EQ:27075,NSE,EQ,27075
567d9231575899da51bc9923475419a3392b488b87c1bc7d530aa15eab3d9128,KPEL,NSE_EQ:27079,NSE,EQ,27079
9b72a01d24f002b60bb8dfbf602805f32eb062a814f386c8d1cf65d45af1a9e1,RACLGEAR,NSE_EQ:27171,NSE,EQ,27171
aa5a667611a5fbbcf298826af36a93badf76a760ef530321bb03128b1aa8c319,KMEW,NSE_EQ:27084,NSE,EQ,27084
8cc823bf0003dcc88fc734660c336955dce6df5c807d9e8e9bcaae0fba741ef0,GANESHIN,NSE_EQ:27339,NSE,EQ,27339
7a5878dc64d18e55cbe662fd1d922ed3862e00a924080214702029edf01e08a9,EMULTIMQ,NSE_EQ:25996,NSE,EQ,25996
e63a95d684919deb1ce147a1b1d04a54c6560997bc6528e0374a125863b728ce,MASTERTR,NSE_EQ:27047,NSE,EQ,27047
99b554693fc9c7c9e8e1d1b27a0a2a8005b2ddae1d3f492b947b9aa8f758b39e,SURAKSHA,NSE_EQ:27334,NSE,EQ,27334
fd5979badb66bed4c31856e68dad5140131e689218fd7797684fc872f9bfc597,ACMESOLAR,NSE_EQ:27061,NSE,EQ,27061
5c8d8f4e972a578fa4d704931423999ea79369fb19c2532983cafae5758d9386,AGARWALTUF,NSE_EQ:27309,NSE,EQ,27309
7bd7af56ac804a1e50cdf4edcad7ddcc293225f88c4fb1320f53339a3be9ca27,SAHASRA,NSE_EQ:25671,NSE,EQ,25671
24f0b6575807cf3d582fb6bdd5022aa0b31d34c6aa1ef2b5758830e72f14387a,SAGILITY,NSE_EQ:27054,NSE,EQ,27054
fb9a478883252d19e459b504242f25008ec2cfeef104d87d007c01cf1020a417,NIVABUPA,NSE_EQ:27097,NSE,EQ,27097
7eebfb5bddfd01604110d460926728189defee9e53bf139132479acd3ecedeb9,EIEL,NSE_EQ:27213,NSE,EQ,27213
f928cd452f90fd78f941ff73843d89626c319683ea3b1b6ccf162f4c25a43e71,AVL,NSE_EQ:25984,NSE,EQ,25984
89dcf2c249f1d961d76345760d1b12d6b4b40ed8da38332810b6db3c56c8ef8e,BLACKBUCK,NSE_EQ:27144,NSE,EQ,27144
6d8c43c89cd27b3577a8b31e9e51d0aabe75f76700f0d3f7a13126d0b744b42e,SWIGGY,NSE_EQ:27066,NSE,EQ,27066
38e456c799ce93593b970a9782da38666d1652c524a801a3990df65f5a4e8c4e,NTPCGREEN,NSE_EQ:27176,NSE,EQ,27176
36de850cb0ac27a57a81881764c1c1568359f363735db855741760be2b5e5c27,C2C,NSE_EQ:27277,NSE,EQ,27277
cc6878ac061d9d22dce3b0c26783e785cc28b797b531c8c65e4119e4020b6300,AFCONS,NSE_EQ:25977,NSE,EQ,25977
fd7f03a4388250bce2fa0544d9638c3c069358d453e822b0a43091f190203804,ROSSTECH,NSE_EQ:27353,NSE,EQ,27353
75fea01aa917665f0a9702fd721580f8ed18914d01cee6b42a9605f29aa847af,RAJPUTANA,NSE_EQ:27269,NSE,EQ,27269
a95ca6cf57b9128c5bfa59b398bdd9eb7749f9e02688e8d6e4a8f370e9000e55,ETML,NSE_EQ:27629,NSE,EQ,27629
af78a7ff422a55e6ceb5e378b4bc9ac947cccb6b26c1f7157da87c294eed4bb4,VMM,NSE_EQ:27969,NSE,EQ,27969
24628dc2802a54c5c05a92ac8abee62192c9dcdd261c86f51d476148c5ae44f4,SAILIFE,NSE_EQ:27839,NSE,EQ,27839
b6517b8f02d5c93cef43d8d89fa727a59c353480b948f2b1f4257d4ac301c5f9,MOBIKWIK,NSE_EQ:28046,NSE,EQ,28046
2187eb00304d8ad8332e4d420e16557c02ea519bcbfe9dfec0ad3476961ffeff,IKS,NSE_EQ:28125,NSE,EQ,28125
152a7c92931d11d3f999f6b9b76d1ff5da79f631543e94523e3e4734adad738b,SFML,NSE_EQ:28093,NSE,EQ,28093
c5bbd3f91399e00df1ac20cc0dcade52fe9f18cae13b34a9259888fba988358b,PURPLEUTED,NSE_EQ:28028,NSE,EQ,28028
05277546734c017acb7313e9ec22117a61e2acd3ab1f699d82c6420737f795b0,ANUHPHR,NSE_EQ:28314,NSE,EQ,28314
0c8d3b0fe518e5545178c4cff47c19874630f920c7b41e4429b59a4ad9a3af37,IGIL,NSE_EQ:28378,NSE,EQ,28378
1937bef7ae130451f7b18cbd784329910727bef15eaa8370b804210a2ca6784c,CARRARO,NSE_EQ:28879,NSE,EQ,28879
e143bdb5e914aa5444bec7dd3d7c05e6e9bcea521d93f943e9f7f90dce40c407,DAMCAPITAL,NSE_EQ:28662,NSE,EQ,28662
4415510e8214ebde9f8419a32cc1ee0095e334bf462ce9ae9ff494a42b76367d,CEWATER,NSE_EQ:28764,NSE,EQ,28764
0b1e00f14d754a6f2060c4b742f98cd5735bb380574805a0cf475170cc68a26f,SENORES,NSE_EQ:28888,NSE,EQ,28888
39ebbeff3c0f626062332fbef284cb6a35d6c7863287c23e8f8ad3b56dfabaae,SANATHAN,NSE_EQ:28805,NSE,EQ,28805
441421521de17153630f1839203d3068368d782995d928b81297cc9c389c6a4e,VENTIVE,NSE_EQ:28847,NSE,EQ,28847
f9b0253307b65360550ce73b8bb9e9546b9a271b1cc2b0279f7c01347c75abb5,TRANSRAILL,NSE_EQ:28714,NSE,EQ,28714
2bb535df88615343919a2f15cab94e2cbecab33d0d59dfdade081ec15caf2607,UNIMECH,NSE_EQ:28960,NSE,EQ,28960
6978513ecdfb976cf9c86357b2412619f0b1f970eb286b3776671afdd2870411,MAMATA,NSE_EQ:28687,NSE,EQ,28687
8f09a1eec54611917a37963247b8db3fb9c86d167ea5bd995c08b11e4c37864d,NMSTEEL,NSE_EQ:28804,NSE,EQ,28804
